# Blender 4.5.3 LTS
# www.blender.org
mtllib EstatuaTigre_V2.mtl
o OJOS
v 4.083894 2.436860 2.945805
v 4.105306 2.571058 2.935250
v 4.048346 2.412110 2.815466
v 4.070848 2.545466 2.804524
v 4.229179 2.342624 2.895921
v 4.257046 2.507687 2.874444
v 4.278594 2.285960 2.724629
v 4.213820 2.504388 2.745430
v 4.044318 2.412086 2.846789
v 4.051421 2.414075 2.886930
v 4.067587 2.423098 2.923165
v 4.066853 2.486576 2.960799
v 4.051773 2.546470 2.969812
v 4.075062 2.569324 2.956135
v 4.090991 2.575937 2.911513
v 4.077203 2.574830 2.874248
v 4.069822 2.563294 2.834393
v 4.049375 2.526778 2.803485
v 4.034112 2.492138 2.805281
v 4.036075 2.447958 2.809952
v 4.203879 2.338082 2.744055
v 4.125751 2.366838 2.769525
v 4.077361 2.386943 2.794353
v 4.101706 2.538621 2.782468
v 4.139483 2.532177 2.762032
v 4.178703 2.519917 2.750315
v 4.239614 2.468275 2.725107
v 4.277885 2.391344 2.706317
v 4.295919 2.308783 2.706303
v 4.243855 2.310154 2.862920
v 4.281550 2.271325 2.801425
v 4.299579 2.259370 2.746942
v 4.232845 2.512168 2.767420
v 4.248802 2.516950 2.804160
v 4.256440 2.514528 2.844498
v 4.263823 2.477731 2.882139
v 4.261827 2.429278 2.890770
v 4.247439 2.376792 2.896135
v 4.120458 2.410040 2.941321
v 4.166880 2.377992 2.928982
v 4.203138 2.352914 2.913495
v 4.236024 2.523024 2.892918
v 4.195977 2.543110 2.913805
v 4.145949 2.561486 2.928943
v 4.029302 2.491390 2.939172
v 4.001759 2.562416 2.949980
v 4.033677 2.582800 2.935753
v 4.013996 2.483056 2.899975
v 3.993142 2.550192 2.906445
v 4.022267 2.575575 2.895095
v 4.016011 2.469158 2.853968
v 4.006881 2.523495 2.854431
v 4.029026 2.553900 2.847490
v 4.071426 2.422606 2.774278
v 4.072579 2.465964 2.765580
v 4.084734 2.506645 2.767752
v 4.121092 2.405676 2.746046
v 4.119236 2.451139 2.737902
v 4.125292 2.495760 2.743343
v 4.204523 2.382568 2.719285
v 4.192924 2.434387 2.715418
v 4.177927 2.483471 2.728888
v 4.349974 2.262903 2.722004
v 4.332833 2.342807 2.725530
v 4.280295 2.461261 2.745247
v 4.337489 2.282581 2.775177
v 4.326830 2.360191 2.778216
v 4.288229 2.465886 2.788666
v 4.282149 2.340496 2.847889
v 4.290557 2.408501 2.840877
v 4.277158 2.472946 2.839769
v 4.220250 2.398272 2.925712
v 4.234050 2.448571 2.924806
v 4.238830 2.491555 2.914027
v 4.176685 2.429306 2.947543
v 4.183439 2.478643 2.952247
v 4.191522 2.517236 2.940315
v 4.118937 2.461936 2.962324
v 4.118364 2.514867 2.968906
v 4.132307 2.546407 2.955720
v 4.083529 2.368464 2.828934
v 4.131454 2.339501 2.808068
v 4.206105 2.303750 2.783319
v 4.095226 2.363856 2.870205
v 4.139441 2.329970 2.854037
v 4.199505 2.297126 2.834638
v 4.110794 2.376575 2.909469
v 4.152677 2.342179 2.896827
v 4.194938 2.317189 2.882189
v 4.196460 2.540079 2.779747
v 4.157552 2.555347 2.794025
v 4.115088 2.560850 2.813631
v 4.215526 2.547189 2.817933
v 4.176061 2.563641 2.834431
v 4.129897 2.570355 2.853464
v 4.229248 2.541084 2.858515
v 4.190709 2.558339 2.876490
v 4.143074 2.568851 2.893845
v 4.062226 2.556729 2.963673
v 4.040963 2.507686 2.804475
v 4.260707 2.425875 2.714751
v 4.262722 2.451026 2.886896
v 4.016085 2.571566 2.943594
v 4.006215 2.561585 2.901350
v 4.016821 2.537142 2.851315
v 4.078035 2.484224 2.766555
v 4.121954 2.471168 2.740345
v 4.186192 2.456419 2.721464
v 4.309251 2.395976 2.734380
v 4.309504 2.407633 2.782907
v 4.284543 2.437428 2.840380
v 4.236195 2.467865 2.919968
v 4.187067 2.495966 2.946892
v 4.124622 2.529024 2.962987
v 4.083894 2.436860 1.868939
v 4.105306 2.571058 1.879494
v 4.048346 2.412110 1.999278
v 4.070848 2.545466 2.010220
v 4.229179 2.342624 1.918823
v 4.257046 2.507687 1.940300
v 4.278594 2.285960 2.090115
v 4.213820 2.504388 2.069314
v 4.044318 2.412086 1.967955
v 4.051421 2.414075 1.927814
v 4.067587 2.423099 1.891579
v 4.066853 2.486576 1.853945
v 4.051773 2.546470 1.844932
v 4.075062 2.569325 1.858609
v 4.090991 2.575937 1.903231
v 4.077203 2.574830 1.940497
v 4.069822 2.563294 1.980351
v 4.049375 2.526778 2.011259
v 4.034112 2.492138 2.009463
v 4.036075 2.447958 2.004791
v 4.203879 2.338082 2.070689
v 4.125751 2.366838 2.045219
v 4.077361 2.386943 2.020391
v 4.101706 2.538621 2.032276
v 4.139483 2.532177 2.052712
v 4.178703 2.519917 2.064429
v 4.239614 2.468275 2.089637
v 4.277885 2.391344 2.108427
v 4.295919 2.308783 2.108441
v 4.243855 2.310154 1.951824
v 4.281550 2.271325 2.013319
v 4.299579 2.259370 2.067802
v 4.232845 2.512168 2.047324
v 4.248802 2.516950 2.010584
v 4.256440 2.514528 1.970246
v 4.263823 2.477732 1.932605
v 4.261827 2.429278 1.923974
v 4.247439 2.376792 1.918609
v 4.120458 2.410040 1.873423
v 4.166880 2.377992 1.885762
v 4.203138 2.352914 1.901249
v 4.236024 2.523024 1.921826
v 4.195977 2.543110 1.900939
v 4.145949 2.561486 1.885801
v 4.029302 2.491390 1.875572
v 4.001759 2.562416 1.864763
v 4.033677 2.582801 1.878991
v 4.013996 2.483056 1.914769
v 3.993142 2.550192 1.908299
v 4.022267 2.575575 1.919649
v 4.016011 2.469158 1.960776
v 4.006881 2.523495 1.960313
v 4.029026 2.553900 1.967255
v 4.071426 2.422606 2.040466
v 4.072579 2.465964 2.049164
v 4.084734 2.506645 2.046992
v 4.121092 2.405677 2.068698
v 4.119236 2.451140 2.076842
v 4.125292 2.495760 2.071401
v 4.204523 2.382568 2.095459
v 4.192924 2.434387 2.099326
v 4.177927 2.483471 2.085856
v 4.349974 2.262904 2.092740
v 4.332833 2.342808 2.089214
v 4.280295 2.461262 2.069497
v 4.337489 2.282581 2.039567
v 4.326830 2.360191 2.036528
v 4.288229 2.465886 2.026078
v 4.282149 2.340497 1.966855
v 4.290557 2.408501 1.973867
v 4.277158 2.472946 1.974975
v 4.220250 2.398272 1.889032
v 4.234050 2.448572 1.889938
v 4.238830 2.491555 1.900717
v 4.176685 2.429306 1.867201
v 4.183439 2.478643 1.862497
v 4.191522 2.517236 1.874429
v 4.118937 2.461936 1.852420
v 4.118364 2.514867 1.845838
v 4.132307 2.546407 1.859024
v 4.083529 2.368464 1.985810
v 4.131454 2.339501 2.006676
v 4.206105 2.303750 2.031425
v 4.095226 2.363856 1.944539
v 4.139441 2.329970 1.960707
v 4.199505 2.297126 1.980106
v 4.110794 2.376575 1.905275
v 4.152677 2.342179 1.917917
v 4.194938 2.317189 1.932555
v 4.196460 2.540079 2.034997
v 4.157552 2.555347 2.020719
v 4.115088 2.560850 2.001113
v 4.215526 2.547189 1.996811
v 4.176061 2.563641 1.980313
v 4.129897 2.570355 1.961280
v 4.229248 2.541084 1.956229
v 4.190709 2.558339 1.938254
v 4.143074 2.568851 1.920899
v 4.062226 2.556729 1.851071
v 4.040963 2.507686 2.010269
v 4.260707 2.425875 2.099993
v 4.262722 2.451026 1.927848
v 4.016085 2.571566 1.871149
v 4.006215 2.561585 1.913393
v 4.016821 2.537142 1.963429
v 4.078035 2.484224 2.048189
v 4.121954 2.471168 2.074399
v 4.186192 2.456419 2.093280
v 4.309251 2.395976 2.080364
v 4.309504 2.407633 2.031837
v 4.284543 2.437428 1.974364
v 4.236195 2.467865 1.894776
v 4.187067 2.495966 1.867852
v 4.124622 2.529024 1.851757
v 3.757799 3.042563 2.884057
v 3.911060 1.670801 2.899266
v 2.587137 2.501468 3.265224
v 2.616793 -1.068011 4.633219
v 3.763037 1.495135 2.734796
v 2.515147 -1.008941 4.634431
v 2.422441 -0.209413 4.698325
v 2.345194 0.789592 4.633306
v 2.135599 1.559567 3.105532
v 2.249127 1.766801 3.106483
v 2.451180 1.884250 3.155759
v 2.571727 1.999830 3.174827
v 2.601487 2.119617 3.204676
v 2.612005 2.339337 3.223072
v 2.597425 2.438748 3.243745
v 3.814877 2.822184 2.970967
v 3.962515 2.686491 2.996857
v 4.217742 2.314175 3.018598
v 4.312545 2.096645 2.960609
v 4.306530 1.944879 2.950614
v 4.258100 1.732666 2.929482
v 4.118549 1.658863 2.901958
v 3.673285 3.157151 3.061606
v 3.637779 3.126571 3.114105
v 3.715080 3.006302 2.955253
v 3.189408 2.888706 3.104180
v 2.972656 2.755887 3.208697
v 2.746949 2.498700 3.491524
v 2.634100 2.417338 3.452729
v 3.744488 3.014651 2.568195
v 3.730166 2.999927 2.716471
v 2.943490 0.880717 4.980340
v 2.449476 0.852203 4.721313
v 3.191270 0.777091 4.845704
v 2.696471 0.911765 4.916160
v 3.544456 1.726601 2.988544
v 3.654168 1.742128 2.966939
v 3.757215 1.705714 2.948959
v 2.502802 2.450699 3.199740
v 2.422515 2.459857 3.028116
v 2.355269 2.546044 2.648133
v 3.989090 1.526231 2.803333
v 4.103254 1.363272 2.677948
v 4.144212 1.399879 2.555413
v 3.640213 3.079803 2.571307
v 3.502767 3.126307 2.573762
v 3.356972 3.138057 2.609356
v 3.049535 3.122402 2.720206
v 2.737195 2.944963 2.617756
v 2.444527 2.683251 2.635092
v 3.620980 3.045537 2.724772
v 3.500072 3.098617 2.749485
v 3.367134 3.110178 2.774894
v 3.253836 3.141891 2.865170
v 3.117088 3.137854 2.975681
v 2.559334 2.691846 2.999842
v 2.592110 2.692102 3.163727
v 3.478383 3.104449 3.281740
v 3.420087 2.904896 3.256741
v 3.227065 3.036220 3.011054
v 3.002807 2.896995 3.033463
v 2.769982 2.803579 3.524410
v 2.605018 2.578212 3.269036
v 3.916664 1.824276 3.014243
v 3.999728 1.917825 3.095480
v 4.004474 2.063878 3.111483
v 3.998673 2.259103 3.125776
v 3.939160 2.478531 3.126743
v 3.737921 2.644523 3.124750
v 3.645348 2.750946 3.089503
v 3.684937 1.874510 3.118403
v 3.709208 1.988577 3.175187
v 3.685407 2.112364 3.193472
v 3.670631 2.280710 3.212294
v 3.635638 2.453414 3.201805
v 3.538418 2.640234 3.206103
v 3.489895 2.769576 3.155849
v 3.433561 1.905377 3.170443
v 3.441299 1.994045 3.215327
v 3.418038 2.083623 3.263896
v 3.389809 2.260642 3.269807
v 3.379303 2.434465 3.253428
v 3.376586 2.636946 3.226594
v 3.374985 2.748693 3.197878
v 3.246582 1.804624 3.240493
v 3.277820 1.886143 3.273228
v 3.244083 1.981897 3.306930
v 3.200588 2.218079 3.313133
v 3.200178 2.404752 3.293555
v 3.201787 2.593304 3.257276
v 3.206462 2.735535 3.207817
v 3.051773 1.775843 3.237420
v 3.021338 1.758662 3.328035
v 3.066065 1.890874 3.316299
v 3.043612 2.146231 3.359534
v 3.045450 2.304602 3.372547
v 3.010571 2.535251 3.388063
v 2.993868 2.642764 3.311047
v 2.833291 1.792681 3.207384
v 2.862053 1.788970 3.283346
v 2.883925 1.819863 3.341955
v 2.947786 2.019224 3.376512
v 3.023595 2.108317 3.449276
v 2.941804 2.330917 3.457517
v 2.850929 2.412662 3.481010
v 2.541740 1.717842 3.171462
v 2.589204 1.771343 3.250132
v 2.660492 1.766789 3.308977
v 2.840415 1.750588 3.547797
v 2.843611 1.917408 3.460460
v 2.802500 2.238154 3.444496
v 2.761591 2.296350 3.587029
v 2.255925 1.799933 2.927578
v 2.237974 1.846968 2.970443
v 2.250700 1.895090 2.972891
v 2.363965 2.002572 2.993352
v 2.334922 2.040162 3.088136
v 2.467999 2.351554 3.048440
v 2.481793 2.423881 3.097696
v 2.228542 1.769989 2.710050
v 2.187315 1.761960 2.714625
v 2.168260 1.795622 2.725718
v 2.288763 2.102874 2.791204
v 2.350278 2.181811 2.840984
v 2.327110 2.286901 2.886614
v 2.324944 2.313186 2.960495
v 2.112759 1.731277 2.529270
v 2.103425 1.782925 2.541312
v 2.096797 1.874874 2.549520
v 2.262538 2.078378 2.579798
v 2.231007 2.113587 2.584430
v 2.258166 2.267788 2.655099
v 2.290687 2.389608 2.667832
v 2.166945 1.667772 2.678593
v 3.354394 1.732600 3.312068
v 2.480145 1.753033 3.273746
v 3.649497 1.537628 2.895617
v 2.590521 0.912728 4.855816
v 3.094126 0.846661 4.979202
v 2.821898 1.698215 3.454406
v 3.777692 1.489784 2.564757
v 3.710288 1.560362 2.559655
v 3.772314 1.592171 2.544884
v 3.859127 1.610845 2.511841
v 2.234633 1.689574 2.867111
v 2.081694 1.637967 2.520519
v 3.749856 1.599052 2.742541
v 3.771961 1.637555 2.702144
v 3.846944 1.631660 2.660064
v 3.475094 1.693638 3.205025
v 2.050522 1.643687 3.132615
v 3.016551 1.679994 3.377457
v 3.573677 1.620099 3.005916
v 3.609404 1.661007 2.898075
v 3.705876 1.683028 2.868344
v 3.802536 1.683414 2.828537
v 4.517150 1.372419 2.466254
v 4.606850 1.581065 2.497010
v 4.535046 1.717480 2.497221
v 4.683912 2.014169 2.510976
v 4.472161 2.197568 2.513686
v 4.091855 2.752706 2.575968
v 3.915622 2.959845 2.564845
v 4.490186 1.305548 2.604816
v 4.580165 1.584512 2.656544
v 4.560018 1.739626 2.648591
v 4.638999 2.011720 2.664852
v 4.443006 2.189349 2.677660
v 4.078692 2.732583 2.736834
v 3.877053 2.922055 2.734412
v 4.255438 1.520369 2.769622
v 4.437636 1.606752 2.813648
v 4.510080 1.794098 2.798559
v 4.544838 2.020218 2.818364
v 4.382410 2.213633 2.878669
v 4.041832 2.706026 2.873555
v 3.860434 2.892457 2.871020
v 3.513592 3.377816 3.264898
v 3.512388 3.366508 3.256791
v 3.511024 3.379266 3.266427
v 3.506995 3.380827 3.268082
v 3.502060 3.381977 3.269285
v 3.490598 3.353454 3.268260
v 3.531168 3.353382 3.232608
v 3.515394 3.379390 3.261254
v 3.520911 3.362317 3.233121
v 3.510154 3.368833 3.233027
v 3.498853 3.371760 3.235980
v 3.486091 3.366014 3.231731
v 3.512472 3.382629 3.261845
v 3.508192 3.384925 3.262856
v 3.503006 3.386403 3.263703
v 3.489370 3.362574 3.256154
v 3.508970 3.367090 3.259934
v 3.504771 3.368077 3.262241
v 3.498806 3.342513 3.267323
v 3.490252 3.331344 3.276736
v 3.545553 3.336549 3.221512
v 3.527083 3.341745 3.240604
v 3.437117 3.163646 3.242750
v 3.341708 3.032364 3.151706
v 3.350964 2.919012 3.250610
v 3.449741 3.112744 3.285695
v 3.430919 3.250170 3.112434
v 3.361688 3.182028 2.960669
v 3.350784 3.126872 3.056854
v 3.429026 3.209875 3.184540
v 3.630470 3.187332 3.058149
v 3.697076 3.093510 2.863502
v 3.614918 3.115411 2.881919
v 3.569727 3.211434 3.065043
v 3.517938 3.236885 3.070745
v 3.525779 3.136484 2.904525
v 3.435380 3.164360 2.925156
v 3.469262 3.252163 3.085099
v 3.538469 2.815472 3.328357
v 3.533443 2.832248 3.321651
v 3.518034 2.823923 3.342362
v 3.516670 2.840035 3.334935
v 3.498128 2.818503 3.344196
v 3.497453 2.834261 3.338065
v 3.501071 2.783946 3.254234
v 3.564629 2.763949 3.225905
v 3.513164 2.718138 3.284190
v 3.448330 2.721598 3.293921
v 3.588973 2.715203 3.245226
v 3.445948 2.767237 3.276170
v 2.612181 2.201859 3.215062
v 2.613232 2.270427 3.221868
v 4.065594 2.528458 2.987723
v 4.150936 2.418343 3.014230
v 3.885543 2.535671 3.122141
v 3.824697 2.582971 3.117863
v 3.603959 2.516649 3.198899
v 3.570197 2.578252 3.196894
v 3.375775 2.499681 3.243005
v 3.373000 2.561799 3.232134
v 3.200854 2.470644 3.281249
v 3.202023 2.527307 3.271760
v 3.061038 2.383483 3.342279
v 3.053479 2.453369 3.339122
v 3.024677 2.160129 3.493899
v 2.943563 2.237183 3.553596
v 2.844209 2.034975 3.434943
v 2.825384 2.138889 3.438450
v 2.425608 2.207988 3.087389
v 2.454520 2.299437 3.055353
v 2.354238 2.233610 2.854250
v 2.341480 2.266116 2.868407
v 2.187524 2.152102 2.601334
v 2.181409 2.184667 2.616655
v 4.330039 2.308480 2.568300
v 4.268921 2.522022 2.578139
v 4.321664 2.309186 2.733755
v 4.229113 2.489532 2.733131
v 4.252532 2.301026 2.878917
v 4.044031 2.382797 2.821850
v 2.535921 1.929118 3.142114
v 4.313491 1.997402 2.950671
v 4.002767 2.153296 3.120489
v 3.676358 2.190577 3.206076
v 3.396262 2.163489 3.272516
v 3.212252 2.091752 3.314587
v 3.064239 2.018548 3.324098
v 2.909144 1.922141 3.350302
v 2.752466 1.763153 3.407432
v 2.355500 1.946648 2.938420
v 2.179193 1.980899 2.792999
v 2.166092 2.065170 2.581246
v 4.670790 1.852346 2.498193
v 4.607617 1.898774 2.653048
v 4.544318 1.913617 2.810123
v 2.241818 1.683211 3.029800
v 2.208066 1.614616 3.072220
v 4.048495 1.649889 2.924116
v 3.964211 1.663188 2.916548
v 2.386911 1.623324 3.147056
v 2.469515 1.642552 3.143474
v 2.752586 1.707713 3.177429
v 2.802110 1.761353 3.165064
v 3.037883 1.731155 3.156762
v 3.050537 1.770231 3.179664
v 3.246321 1.744990 3.151238
v 3.197852 1.744217 3.212998
v 3.466580 1.768585 3.080639
v 3.335691 1.793825 3.180334
v 3.650123 1.792224 3.019893
v 3.663949 1.837243 3.073154
v 3.801627 1.769627 2.979434
v 3.861401 1.800895 2.999495
v 2.104597 1.674682 2.523945
v 2.110329 1.709380 2.526699
v 2.212850 1.719485 2.687319
v 2.237649 1.761945 2.701148
v 2.272315 1.728524 2.850466
v 2.296385 1.764624 2.873954
v 4.040320 1.488357 2.814100
v 4.142796 1.507624 2.803961
v 4.220604 1.428715 2.647185
v 4.364788 1.419567 2.616292
v 4.255712 1.407737 2.544268
v 4.419206 1.417870 2.490725
v 2.256671 1.668095 3.032006
v 4.011431 1.661247 2.927682
v 2.418881 1.604707 3.133033
v 2.774176 1.730962 3.143184
v 3.042187 1.755840 3.144973
v 3.238594 1.763681 3.156693
v 3.405632 1.733121 3.114468
v 3.654319 1.817560 3.047225
v 3.828701 1.784479 2.990900
v 2.109620 1.693935 2.525206
v 2.231897 1.746228 2.693610
v 2.291320 1.749289 2.854830
v 4.075780 1.493153 2.819175
v 4.295281 1.358495 2.615983
v 4.350154 1.395237 2.493155
v 1.940794 1.443922 3.146554
v 1.930378 1.484405 2.521548
v 1.899741 1.503137 2.605335
v 2.006318 1.532573 2.812403
v 2.735510 0.395710 3.521214
v 2.249410 0.595595 4.410872
v 2.982139 0.384460 3.485206
v 3.939974 1.157203 2.725878
v 3.641751 1.511714 3.043453
v 2.304031 -0.033120 2.536463
v 2.282803 0.693411 4.524761
v 3.893620 0.210788 2.635174
v 3.220691 0.393740 3.404592
v 2.291239 0.374920 3.544191
v 2.243424 0.512477 4.303996
v 2.453580 -0.186129 4.734222
v 3.277970 0.510209 4.447012
v 3.853201 1.380188 2.574066
v 3.901711 1.137601 2.564266
v 2.437294 -0.738484 4.669381
v 3.953843 0.870378 2.533178
v 3.861279 0.560627 2.512490
v 3.814475 1.403612 2.722376
v 2.223904 0.220382 2.518376
v 1.916508 0.955694 2.697551
v 1.796936 0.871869 2.502643
v 3.736040 1.450343 2.874329
v 1.963330 1.548783 3.132078
v 3.558330 1.603930 3.144673
v 1.893039 1.582564 2.477275
v 2.079938 1.600339 2.654181
v 2.181519 1.615445 2.859997
v 2.468525 -0.690678 4.708790
v 3.294379 0.707473 4.735067
v 2.392926 0.826467 4.680404
v 2.330547 -1.195202 4.461192
v 2.928247 -1.062211 4.466881
v 2.748066 -1.300931 4.368457
v 2.410071 -0.382213 4.398903
v 3.260087 0.742593 4.790547
v 1.926402 0.935691 3.076152
v 2.879049 1.810904 3.713417
v 2.603886 1.769207 3.585507
v 2.379663 1.763660 3.428229
v 2.165608 1.734249 3.331148
v 3.583785 1.654049 3.467761
v 3.246326 1.783405 3.582196
v 3.050924 1.814478 3.639472
v 3.513338 1.722612 3.503963
v 3.415662 1.739804 3.547016
v 3.817719 1.268787 3.083261
v 2.481956 -1.269178 4.425527
v 2.020826 1.547569 3.335995
v 2.019427 0.668148 2.650813
v 2.580565 1.703127 4.033681
v 2.323536 1.607648 3.940884
v 3.620998 1.534289 4.128156
v 2.996364 1.773601 4.155710
v 3.397205 1.701007 4.184825
v 2.285272 0.329325 2.957273
v 2.755356 1.794671 4.101590
v 2.434720 1.658595 3.980412
v 3.204081 1.771917 4.183491
v 3.520827 1.604182 4.157588
v 1.972283 1.235456 2.871518
v 2.224656 1.532136 3.904768
v 1.880522 1.155083 2.632823
v 2.589880 1.312084 4.443307
v 2.363368 1.207535 4.329899
v 3.446717 1.104771 4.452123
v 2.991413 1.340626 4.576403
v 1.803601 1.142127 2.550692
v 3.301561 1.239133 4.561818
v 2.722304 1.352312 4.510262
v 2.434019 1.249073 4.363353
v 3.190114 1.334581 4.652533
v 3.392440 1.168036 4.500374
v 1.991814 1.234411 3.117810
v 2.301448 1.151249 4.294663
v 2.448793 -0.999611 4.337576
v 2.999481 -0.387750 4.551265
v 2.308616 0.743771 4.580678
v 1.948415 1.352761 3.113417
v 1.844224 1.323880 2.546000
v 1.711391 1.290094 2.538224
v 1.954414 1.393691 2.842237
v 1.942101 1.063821 3.113097
v 1.834619 1.034150 2.541331
v 1.926522 1.067610 2.688281
v 3.764000 1.378358 3.054756
v 1.971197 0.469995 2.757637
v 3.957653 1.036824 2.717405
v 3.992814 0.699669 2.711360
v 2.001931 1.123926 2.878864
v 2.018655 0.874270 2.860288
v 2.599140 0.425942 4.193814
v 3.894530 1.252387 2.571395
v 2.344769 0.442877 4.220308
v 3.856603 1.150869 3.107785
v 2.287757 0.353568 3.137560
v 2.295258 -0.302157 2.572237
v 3.916243 1.291844 2.716083
v 2.240041 0.552298 4.355031
v 2.479303 0.102914 3.420949
v 2.262356 0.479637 4.264048
v 3.867004 1.343691 2.884478
v 2.422930 -0.826806 4.364022
v 2.554436 -0.221565 3.329413
v 2.373959 0.060225 3.092695
v 3.683337 1.527343 3.458599
v 3.912236 0.823537 3.124425
v 3.923680 1.017565 2.553929
v 1.854569 1.376218 3.289300
v 3.700027 1.422616 4.068869
v 2.213274 1.419968 3.859827
v 2.339644 -0.237529 3.027855
v 3.475048 1.029177 4.401963
v 3.543962 0.334939 3.106958
v 2.264397 0.642946 4.467934
v 2.318811 -0.279461 2.677296
v 2.259973 1.080276 4.253963
v 2.381910 -1.144435 4.430934
v 3.888332 1.205185 2.907572
v 3.826694 0.236349 2.806892
v 3.307144 0.615099 4.605400
v 2.500096 -1.188792 4.393523
v 3.765673 1.401838 3.463438
v 3.951851 0.556721 2.691441
v 3.910563 1.012726 3.122975
v 2.013514 0.654871 2.552226
v 1.961881 1.262645 3.303471
v 2.116559 0.741947 3.017668
v 3.691356 1.282860 4.013046
v 2.029623 1.012390 2.864870
v 2.188208 1.316172 3.833798
v 2.879359 -0.827080 4.474771
v 3.478313 0.947699 4.338580
v 4.028617 0.871666 2.713917
v 2.682883 -0.195379 3.339667
v 2.238737 1.001276 4.208451
v 3.911658 1.081006 2.894623
v 2.340680 -0.005116 2.657706
v 3.304014 0.566226 4.530827
v 3.792483 1.228645 3.431222
v 2.057383 0.873076 3.044935
v 1.941162 0.769297 2.567581
v 2.013548 1.146885 3.315513
v 1.970628 0.803449 2.676357
v 3.686596 1.155793 3.961278
v 3.724991 0.485084 3.007284
v 3.922531 0.718782 2.523732
v 2.157583 1.190709 3.802406
v 3.483226 0.894803 4.279562
v 2.230552 0.913741 4.182312
v 2.833198 -1.004987 4.423127
v 3.971716 0.928136 2.907837
v 3.841663 0.182791 2.483838
v 2.626885 0.147235 3.445007
v 2.764089 -0.946906 4.385410
v 3.832647 1.087185 3.416937
v 2.934493 -0.936695 4.702653
v 3.882804 0.648726 3.093122
v 2.971997 -1.037343 4.600426
v 2.043336 1.020536 3.301338
v 2.416207 0.437732 4.207705
v 3.664137 1.021975 3.894061
v 2.327723 -0.264052 2.795407
v 2.352004 0.020498 2.799945
v 2.174886 1.087419 3.759278
v 2.281045 0.276481 2.631588
v 3.451163 0.777459 4.217080
v 3.305128 0.665157 4.674351
v 1.980733 0.662480 2.808724
v 2.224226 0.840004 4.133342
v 3.956708 0.751867 2.904737
v 3.835366 -0.018269 2.813707
v 3.207481 0.469215 4.361791
v 3.811740 0.899441 3.386170
v 2.149765 0.534251 3.002373
v 2.115411 0.432174 2.538906
v 2.084105 0.901435 3.267385
v 3.855516 0.394121 2.661332
v 3.597296 0.879091 3.809843
v 2.181883 0.968239 3.717161
v 2.143274 0.485338 2.662807
v 3.370844 0.695952 4.128269
v 3.792358 0.404146 2.519583
v 2.221443 0.772890 4.086493
v 3.658011 0.287831 2.934916
v 3.947912 0.606062 2.886747
v 3.820956 -0.281940 2.825213
v 3.092369 0.451461 4.293077
v 2.696762 -1.188843 4.363099
v 3.760140 0.709855 3.332361
v 2.348787 0.037595 2.933849
v 2.395798 -1.079573 4.381862
v 2.488495 -0.171057 4.764014
v 1.967291 0.711215 3.197003
v 2.325248 -0.253668 2.899027
v 3.474091 0.730638 3.716172
v 3.230668 0.144594 3.301316
v 2.919536 -0.226155 4.864243
v 3.199907 -0.146092 3.166377
v 2.203789 0.829617 3.666688
v 2.583570 -0.172655 4.815783
v 3.240280 0.651588 4.031966
v 2.653905 -0.181763 4.847607
v 2.644491 -1.097487 4.341863
v 3.877702 -0.293261 2.688668
v 2.230122 0.702970 4.041182
v 3.814574 0.426548 2.841275
v 3.752460 -0.071177 2.606300
v 2.943087 0.444684 4.246153
v 3.617739 0.547550 3.211023
v 2.237110 0.603564 3.188923
v 2.324975 0.584315 3.666787
v 3.255894 0.596197 3.593385
v 2.955728 0.546865 3.641604
v 2.706967 0.551033 3.656825
v 2.444857 0.551618 3.680727
v 2.252761 0.649813 3.605818
v 2.343090 0.592938 3.978783
v 3.055075 0.589743 3.963214
v 2.828075 0.580743 3.934940
v 2.612803 0.589102 3.932125
v 2.427975 0.605385 3.952550
v 2.255283 0.642751 4.006515
v 2.986818 -0.242597 4.846256
v 3.031308 -0.263797 4.817467
v 2.484132 -1.115121 4.351872
v 3.759501 -0.061319 2.533166
v 2.817901 -0.207470 4.873325
v 3.829580 -0.311785 2.510261
v 2.778397 0.428877 4.207610
v 2.300299 0.311929 2.776167
v 2.401181 0.347942 3.567820
v 2.287837 0.401067 3.456596
v 3.758095 -0.257182 2.953874
v 3.761617 0.032316 2.956053
v 2.431000 -0.228002 3.256041
v 2.397723 0.099028 3.341106
v 3.553835 0.075315 3.067111
v 3.585580 -0.197937 3.107565
v 3.048187 -0.115423 3.294866
v 3.014192 0.167785 3.346839
v 2.829395 0.147506 3.420898
v 2.896889 -0.124513 3.350876
v 2.720038 1.698766 4.683468
v 2.429786 1.474195 4.180448
v 3.179061 1.608628 4.750605
v 3.518832 1.447083 4.369979
v 2.272940 1.360772 4.112076
v 2.558734 1.572024 4.253762
v 2.346542 1.426681 4.146503
v 3.596319 1.379212 4.341881
v 2.948034 1.670819 4.707938
v 3.365189 1.550261 4.754885
v 2.234036 1.274444 4.072667
v 3.663823 1.273043 4.311533
v 2.211514 1.181064 4.033218
v 3.649697 1.150171 4.228148
v 2.198960 1.082536 3.991113
v 3.618629 1.048145 4.148791
v 2.199352 0.993615 3.946786
v 3.583730 0.929487 4.064215
v 2.199308 0.927608 3.909958
v 3.504116 0.813014 3.971086
v 2.210737 0.825442 3.860537
v 3.364532 0.709737 3.881379
v 2.445658 0.635585 3.814347
v 2.248049 0.725841 3.821515
v 2.320160 0.668364 3.820093
v 3.153641 0.632939 3.814382
v 2.891746 0.613253 3.797427
v 2.690792 0.625356 3.775198
v 2.795031 1.839536 3.868787
v 2.415984 1.737245 3.730952
v 3.219464 1.871813 3.870360
v 3.493151 1.797755 3.832036
v 1.970762 1.625318 3.562161
v 2.596480 1.784108 3.810489
v 2.174950 1.691170 3.623106
v 3.600982 1.605300 3.799794
v 3.010042 1.875792 3.870277
v 3.377308 1.749261 3.859533
v 3.413098 0.370625 3.272788
v 1.962105 1.451501 3.535164
v 3.653813 1.479067 3.781101
v 2.285013 0.388063 3.311235
v 1.719534 1.279717 3.416487
v 3.712730 1.356165 3.757768
v 2.003175 1.193005 3.510410
v 3.737693 1.218494 3.722259
v 2.093441 1.083510 3.530058
v 3.737774 1.091817 3.698370
v 2.134062 0.956414 3.505202
v 3.702652 0.925063 3.642398
v 2.185838 0.812121 3.454106
v 3.612813 0.737896 3.547623
v 2.233312 0.625732 3.392713
v 3.475364 0.582402 3.402090
v 3.407265 0.113015 3.203788
v 3.389810 -0.131090 3.190794
v 2.378269 0.083019 3.234889
v 2.381928 -0.234129 3.159271
v 2.589111 2.057720 3.190866
v 4.268567 2.204283 2.990548
v 3.972772 2.374057 3.126971
v 3.654763 2.368222 3.207623
v 3.383317 2.350411 3.261992
v 3.199511 2.317716 3.303694
v 3.022943 2.227555 3.400004
v 2.984365 2.076423 3.407445
v 2.851963 1.812299 3.530683
v 2.306333 1.986517 3.040801
v 2.320227 2.139490 2.824599
v 2.258787 2.102034 2.581333
v 4.576804 2.101691 2.503859
v 4.537807 2.090191 2.663112
v 4.472472 2.116170 2.849225
v 3.796299 -3.187571 4.002483
v 2.438789 -1.035459 2.713765
v 2.721990 -0.680332 3.395936
v 3.771480 -3.168314 4.084685
v 3.758798 -3.084969 3.967270
v 2.321074 -1.017025 3.132228
v 2.361348 -1.076728 2.798225
v 2.826136 -0.652174 3.420839
v 2.738221 -1.568247 3.253870
v 3.649987 -1.521879 3.189965
v 2.661677 -2.606723 3.341340
v 2.730051 -1.536840 3.332692
v 2.847617 -1.439807 3.507915
v 3.278010 -2.386372 3.258800
v 2.325851 -1.088844 2.938537
v 2.784966 -1.616930 2.990916
v 3.311499 -3.230873 3.698254
v 2.701365 -2.465958 3.430202
v 2.744943 -2.387965 3.570349
v 3.686371 -2.963002 3.567314
v 2.773109 -2.528448 3.157619
v 3.512592 -3.220195 3.914884
v 3.708084 -0.673090 2.963828
v 2.312822 -1.054941 3.011698
v 3.291319 -0.630356 3.372766
v 3.744726 -0.695274 2.829239
v 3.276128 -3.209505 3.784776
v 3.602622 -1.499232 3.287031
v 2.768566 -1.470846 3.460801
v 3.265440 -3.115628 3.929618
v 3.771959 -0.719673 2.683864
v 3.431145 -3.175388 3.955880
v 3.353370 -3.271576 3.450948
v 3.572114 -3.292046 3.482257
v 3.414310 -3.213798 3.903182
v 3.242169 -2.373244 3.328713
v 2.697639 -2.413921 3.540545
v 3.785602 -3.217762 3.904413
v 3.171276 -1.416060 3.516181
v 3.598437 -3.194807 3.925029
v 3.949514 -3.299505 3.973335
v 3.801637 -3.073088 3.877756
v 3.577343 -3.234458 3.841833
v 3.652346 -2.949840 3.656799
v 3.238162 -3.151759 3.909068
v 3.384577 -3.166771 3.933102
v 2.992868 -2.336335 3.565350
v 3.644793 -0.646524 3.085228
v 2.524286 -0.788217 3.394981
v 3.537974 -0.618508 3.198728
v 3.149868 -0.634704 3.415306
v 3.020531 -0.640501 3.433665
v 3.524225 -3.257344 3.752371
v 3.474473 -3.246333 3.839086
v 3.668711 -3.211357 3.852471
v 3.580518 -3.277557 3.584279
v 3.562719 -3.268914 3.664983
v 3.631854 -3.241650 3.756660
v 3.426229 -0.599020 3.304396
v 2.362362 -0.939343 3.312818
v 3.751286 3.020992 2.441416
v 2.460971 2.683516 2.446572
v 4.149843 1.397853 2.440093
v 3.637617 3.067894 2.442133
v 3.503196 3.082427 2.444243
v 3.355535 3.113338 2.451142
v 3.207455 3.131157 2.485180
v 3.017805 3.070518 2.465709
v 2.744997 2.953424 2.461411
v 2.571656 2.838490 2.460928
v 1.929179 1.676506 2.427777
v 2.002949 1.728306 2.430689
v 2.054006 1.816531 2.401948
v 2.160366 2.037901 2.444322
v 2.178170 2.092156 2.456527
v 2.282857 2.263860 2.460075
v 2.374806 2.477239 2.456685
v 3.673271 1.544571 2.439858
v 3.756119 1.571147 2.436809
v 3.862030 1.602919 2.425433
v 2.032693 1.635304 2.429756
v 3.753128 1.465956 2.436602
v 4.549983 1.399437 2.420680
v 4.613053 1.574505 2.424193
v 4.539398 1.706504 2.424585
v 4.696135 2.014595 2.426949
v 4.482038 2.202633 2.426536
v 4.097232 2.762876 2.443099
v 3.905736 2.939696 2.441926
v 4.353504 2.326275 2.442673
v 4.277841 2.532420 2.443578
v 2.217738 2.144799 2.461926
v 2.255282 2.196263 2.459020
v 4.705469 1.846538 2.429564
v 2.133106 1.920151 2.414866
v 4.264831 1.406462 2.439734
v 4.434886 1.423086 2.423602
v 2.021622 1.655654 2.428647
v 1.940971 1.662912 2.426655
v 1.980353 1.661362 2.427218
v 4.361524 1.399829 2.422864
v 1.907739 1.486077 2.429632
v 3.857053 1.387432 2.439184
v 3.877758 1.134289 2.447439
v 1.977296 1.590719 2.430179
v 3.881598 0.882389 2.435162
v 3.777651 0.599078 2.436265
v 1.718521 1.108008 2.419231
v 1.882989 0.794911 2.469389
v 1.832222 1.358258 2.436746
v 1.785452 1.008133 2.448704
v 3.907845 1.254766 2.450318
v 3.886914 1.012740 2.442611
v 3.839351 0.751463 2.434521
v 2.151685 0.450610 2.440439
v 3.746866 0.411478 2.438630
v 2.029471 0.649317 2.455449
v 1.831256 0.912391 2.450818
v 3.773757 0.183558 2.427883
v 2.220290 0.216277 2.441069
v 2.294633 -0.037584 2.456988
v 2.283800 -0.316283 2.491671
v 3.714141 -0.047384 2.451053
v 3.739340 -0.300117 2.438445
v 4.588262 2.104154 2.425500
v 2.169506 2.068257 2.451590
v 3.654447 -0.955308 2.483334
v 2.844415 -1.123569 2.573887
v 3.528598 -1.115180 2.507362
v 3.412286 -1.169028 2.516018
v 3.235613 -1.164470 2.539089
v 3.096308 -1.131352 2.555376
v 2.492920 -1.068820 2.649077
v 3.729512 -0.750343 2.535713
v 2.807993 -1.900137 3.536221
v 2.726040 -1.980907 3.386684
v 2.839217 -2.936806 3.722532
v 2.837790 -3.027429 3.572008
v 3.510108 -1.949250 3.247477
v 2.738639 -2.008840 3.312291
v 3.288359 -2.808461 3.378403
v 2.868742 -3.047817 3.493421
v 3.178639 -0.987014 3.471392
v 3.219563 -1.876866 3.518072
v 3.524139 -1.981132 3.060363
v 2.877207 -1.886039 3.548415
v 3.532368 -1.960805 3.166444
v 2.707378 -1.055944 3.393990
v 3.677747 -1.024499 3.238776
v 2.752805 -2.030906 3.243226
v 2.767279 -2.045847 3.166201
v 3.178340 -2.727727 3.677870
v 3.407669 -1.918778 3.407420
v 2.995270 -1.872537 3.551617
v 2.623313 -1.290030 2.847425
v 3.317025 -2.840652 3.260839
v 2.813505 -1.011626 3.458662
v 2.595770 -1.194910 3.236109
v 3.741858 -1.064001 3.088475
v 2.592970 -1.231546 3.137197
v 2.889819 -2.901258 3.729728
v 3.308563 -2.822664 3.325919
v 2.894356 -3.066507 3.431404
v 2.906879 -3.073979 3.383117
v 3.314755 -0.989684 3.442299
v 3.722606 -1.114530 2.841702
v 2.896201 -0.994556 3.478440
v 3.725851 -1.089386 2.965628
v 2.614672 -1.238806 3.071395
v 2.622878 -1.261863 2.980780
v 3.562292 -1.005850 3.322771
v 3.058840 -0.988322 3.484390
v 3.221861 -2.776767 3.533021
v 3.472283 -2.075505 2.918457
v 2.919149 -2.121279 2.921113
v 3.615327 -1.289496 2.653393
v 2.899134 -1.359492 2.707630
v 3.508441 -1.385179 2.645850
v 3.388772 -1.426721 2.654959
v 3.252960 -1.425846 2.676368
v 3.103249 -1.375943 2.695404
v 2.678277 -1.336162 2.728924
v 3.448454 -0.995227 3.394082
v 2.659894 -1.112334 3.334489
v 3.692673 -1.167781 2.708867
v 3.724186 -3.219191 3.765424
v 3.444526 -2.998021 3.922397
v 3.726446 -3.188246 4.079854
v 3.294907 -1.427051 3.488975
v 3.816195 -3.204707 3.785442
v 3.680472 -1.556958 2.981383
v 2.919523 -1.426414 3.522438
v 3.676512 -1.539292 3.093007
v 2.754574 -1.590036 3.183334
v 2.772513 -1.609893 3.096744
v 3.536618 -1.475854 3.381257
v 3.058151 -1.416689 3.525974
v 3.876999 -3.173581 3.792259
v 3.829901 -3.063124 3.755770
v 3.873127 -3.087653 3.665189
v 4.039057 -3.329932 3.741822
v 3.586555 -1.691303 2.812193
v 2.944922 -1.715322 2.830481
v 3.491779 -1.772586 2.802851
v 3.379844 -1.814428 2.802261
v 3.249850 -1.817316 2.805096
v 3.105663 -1.782978 2.814491
v 2.830806 -1.645581 2.888740
v 3.421039 -1.446669 3.446095
v 2.742988 -1.499098 3.407615
v 3.653122 -1.601472 2.863982
v 2.779630 -2.044341 3.078262
v 2.955254 -2.861553 3.723138
v 3.467466 -1.934724 3.327785
v 2.745356 -1.925709 3.500442
v 3.323779 -2.952350 3.145075
v 3.106232 -1.867349 3.544996
v 3.026114 -3.116428 3.182980
v 3.397839 -2.147459 2.905927
v 3.303130 -2.184802 2.896229
v 3.186851 -2.190118 2.888640
v 3.058695 -2.172915 2.896370
v 2.822118 -2.068296 2.979228
v 3.330986 -1.898815 3.476254
v 2.725464 -1.951665 3.452915
v 3.516555 -1.994303 2.962010
v 3.877067 -3.243005 3.691880
v 3.768113 -3.230880 3.675101
v 3.676191 -3.250694 3.670041
v 3.094323 -2.324233 3.536433
v 3.702409 -3.262505 3.587371
v 3.307249 -2.409752 3.119656
v 2.804837 -2.370010 3.579436
v 3.299272 -2.397478 3.194334
v 2.743706 -2.510067 3.296580
v 2.759189 -2.521296 3.233042
v 3.193680 -2.359399 3.404339
v 2.901119 -2.350363 3.577598
v 3.883630 -3.097600 3.560503
v 3.924609 -3.202288 3.585054
v 3.881100 -3.239779 3.590389
v 3.796568 -3.247110 3.588138
v 3.275267 -2.511409 2.991396
v 2.895144 -2.583655 3.019186
v 3.229635 -2.573772 2.984976
v 3.165200 -2.607387 2.983768
v 3.080525 -2.615474 2.983853
v 3.011650 -2.612121 3.000785
v 2.808231 -2.549059 3.066436
v 3.144483 -2.334697 3.471685
v 2.639932 -2.529973 3.517808
v 3.300613 -2.443647 3.027191
v 2.913615 -3.084576 3.320941
v 3.254567 -2.795299 3.446579
v 2.812195 -2.969665 3.697101
v 3.036523 -2.814719 3.704802
v 3.309640 -3.018270 3.155588
v 3.271851 -3.062934 3.164160
v 3.210827 -3.092441 3.170122
v 3.126908 -3.111306 3.174893
v 2.935093 -3.103674 3.219606
v 3.213512 -2.737003 3.615038
v 2.813656 -3.003348 3.646861
v 3.316878 -2.880789 3.159507
v 3.699898 -3.187737 3.962764
v 3.590133 -3.136523 3.996706
v 3.505700 -3.159536 3.971748
v 3.512315 -2.956116 3.897844
v 3.909902 -3.147322 3.442214
v 3.717206 -3.003955 3.387902
v 3.317723 -3.074538 3.934824
v 3.708656 -2.980642 3.486438
v 3.340894 -3.249828 3.614801
v 3.353355 -3.258636 3.539716
v 3.609675 -2.944440 3.754246
v 3.382284 -3.035698 3.933090
v 4.052690 -3.360842 3.502658
v 3.912023 -3.295249 3.475124
v 3.799531 -3.274013 3.475591
v 3.696961 -3.281740 3.481075
v 3.788105 -3.155992 3.247795
v 3.446377 -3.290783 3.315668
v 3.988918 -3.449614 3.202979
v 3.749988 -3.269981 3.275511
v 3.649741 -3.261534 3.294566
v 3.555364 -3.277346 3.304729
v 3.318468 -3.282532 3.328171
v 3.570181 -2.940816 3.842472
v 3.246315 -3.185094 3.859993
v 3.678746 -3.029597 3.251408
v 2.879968 0.217685 4.917357
v 3.140773 0.139527 4.832764
v 3.086057 0.165606 4.871582
v 2.678319 0.246198 4.886584
v 2.590343 0.250690 4.843245
v 3.004342 0.190614 4.901576
v 2.470784 0.238478 4.773909
v 2.839244 -0.630102 4.544174
v 2.460910 -0.603980 4.446978
v 2.518780 -0.493396 4.709474
v 3.130469 -0.049551 4.535843
v 2.475865 -0.524559 4.663795
v 2.403217 -0.087797 4.335647
v 2.895323 -0.586596 4.723081
v 2.884765 -0.564020 4.754853
v 2.427068 0.216982 4.737725
v 2.390146 0.185704 4.695421
v 2.497727 -0.504861 4.689486
v 3.161785 0.112326 4.787931
v 2.356893 0.148209 4.650069
v 3.069200 -0.078335 4.464377
v 3.008978 -0.104774 4.389709
v 3.162137 0.037057 4.676498
v 2.325211 0.108629 4.604498
v 3.162964 0.079132 4.736111
v 2.714381 -0.159717 4.214459
v 3.157053 -0.008110 4.609219
v 2.296202 0.070116 4.559301
v 2.257256 0.003668 4.465908
v 2.256861 -0.022930 4.422888
v 2.271851 -0.044516 4.388845
v 2.272074 0.034808 4.512849
v 2.566915 -0.134177 4.257698
v 2.884109 -0.173350 4.241131
v 2.345170 -0.075805 4.348694
v 2.564055 -0.882315 4.699614
v 3.048101 -0.286230 4.779567
v 2.921040 -0.833543 4.776712
v 2.485511 -0.648602 4.733627
v 2.896604 -0.703249 4.820256
v 2.569013 -0.718015 4.749610
v 2.638095 -0.741328 4.765447
v 2.391773 -0.236299 4.659584
v 2.642805 -0.925283 4.707982
v 2.944740 -0.398510 4.490788
v 2.865513 -0.399762 4.442688
v 3.041395 -0.338821 4.678138
v 2.359446 -0.262843 4.620856
v 3.047027 -0.310672 4.732965
v 2.935991 -0.669626 4.825277
v 2.662359 -0.400618 4.393361
v 2.956229 -0.718389 4.793985
v 3.029332 -0.366575 4.616192
v 2.328142 -0.286922 4.582689
v 2.287964 -0.322531 4.503827
v 2.286426 -0.333763 4.467989
v 2.298232 -0.343190 4.439723
v 2.302821 -0.307081 4.543424
v 2.546172 -0.396649 4.390721
v 2.802393 -0.933897 4.735753
v 2.767513 -0.397069 4.412119
v 2.360618 -0.367909 4.404870
v 2.789110 -0.746151 4.796270
v 2.581627 -0.512333 4.736566
v 2.814557 -0.542105 4.780503
v 2.629968 -0.524894 4.754535
v 2.742705 -0.541274 4.776162
v 2.859380 -0.545321 4.775822
v 2.449944 -0.544827 4.635375
v 2.798522 -0.623505 4.503280
v 2.748538 -0.611190 4.472630
v 2.890964 -0.616824 4.638870
v 2.425200 -0.561430 4.606889
v 2.897245 -0.608646 4.681648
v 2.631437 -0.604167 4.443463
v 2.871761 -0.631121 4.590208
v 2.402150 -0.573959 4.579062
v 2.375940 -0.579300 4.522178
v 2.372473 -0.573283 4.498294
v 2.377282 -0.566135 4.481914
v 2.386496 -0.580136 4.550719
v 2.556608 -0.610798 4.440165
v 2.691918 -0.598563 4.454031
v 2.423209 -0.593283 4.454912
v 2.802206 -1.085112 4.646052
v 2.971980 -0.775326 4.735279
v 2.301306 -1.173675 4.504414
v 2.496714 -1.285741 4.467866
v 2.783055 -1.333951 4.404397
v 2.796259 -1.261535 4.500252
v 2.390516 -1.142713 4.553338
v 2.382499 -0.785139 4.624857
v 2.957656 -1.115318 4.511218
v 2.813993 -0.796747 4.428175
v 2.754677 -0.758117 4.395880
v 3.014446 -0.818922 4.598149
v 2.340669 -0.816712 4.582715
v 3.010413 -0.844996 4.652064
v 2.531049 -1.228498 4.530643
v 2.657898 -0.758519 4.369807
v 2.705759 -0.868116 4.362928
v 2.969581 -0.863209 4.526276
v 2.316280 -0.835941 4.544028
v 2.307214 -0.815872 4.462667
v 2.296508 -0.777979 4.432683
v 2.296759 -0.726993 4.426187
v 2.313815 -0.836621 4.505453
v 2.555977 -0.811301 4.358059
v 2.594171 -0.974857 4.335914
v 2.706841 -0.715246 4.385457
v 2.363652 -0.812984 4.378296
v 2.377392 -0.975393 4.356594
v 3.721218 2.890191 3.004167
v 3.593107 3.112982 3.113717
v 3.658972 3.012468 2.992246
v 3.598247 2.986049 3.037228
v 3.555965 3.097979 3.149285
v 3.490680 3.095665 3.251238
v 3.448682 2.929725 3.236108
v 3.604604 2.832187 3.085783
v 3.486835 2.829687 3.153663
v 3.407120 2.820503 3.182266
v 3.765208 2.936190 2.932398
v 3.514669 3.285873 3.201463
v 3.509266 3.286149 3.208872
v 3.501833 3.288020 3.212701
v 3.494655 3.283163 3.220686
v 3.522487 3.282543 3.192073
v 3.523422 3.088385 3.238148
v 3.507741 2.932994 3.211783
v 3.547871 2.953078 3.119478
v 3.549854 3.088266 3.204909
v 2.850044 2.625446 3.356122
v 2.815496 0.901019 4.962765
v 2.893241 3.030160 2.644949
v 2.913147 2.967173 2.930815
v 2.862219 2.803380 3.252895
v 2.946203 1.786790 3.220823
v 2.947266 1.773891 3.315554
v 2.964631 1.828087 3.360461
v 2.996048 2.082960 3.367851
v 3.034776 2.206529 3.410531
v 2.990674 2.427169 3.393115
v 2.921636 2.527540 3.402972
v 2.912545 1.677169 3.422476
v 3.043345 2.271659 3.416907
v 3.000675 2.344417 3.441515
v 2.985774 1.969215 3.337909
v 2.899579 1.718551 3.167296
v 2.929468 1.766010 3.171691
v 2.911297 1.743227 3.143711
v 2.724871 -0.942159 4.720738
v 2.592982 0.382727 3.533760
v 2.714618 -1.093024 4.637363
v 2.623995 -1.302884 4.391586
v 2.607042 -1.203192 4.369294
v 2.965483 1.810084 3.677950
v 2.878284 1.821044 4.145379
v 2.851589 1.356559 4.549471
v 2.735193 -0.193886 4.868626
v 2.568841 -1.120141 4.339055
v 2.578165 0.550768 3.665418
v 2.518022 0.596777 3.943424
v 2.501165 0.430345 4.199075
v 2.722636 0.150856 3.431355
v 2.790783 -0.157627 3.347481
v 2.557950 0.628393 3.799511
v 2.842985 1.699247 4.708440
v 2.906988 1.867108 3.870454
v 3.003909 2.152162 3.403575
v 3.846456 -3.274922 3.472821
v 3.545586 -3.144191 3.979542
v 3.716595 -3.203347 3.868454
v 3.812176 -3.225664 3.680324
v 3.836495 -3.240873 3.588838
v 2.920010 -0.648016 3.433852
v 3.327091 -1.176405 2.526773
v 2.880583 3.011019 2.460136
v 2.971471 -0.992378 3.485388
v 3.320916 -1.426244 2.665676
v 2.984096 -1.420577 3.526974
v 3.314859 -1.815831 2.803684
v 2.932961 -1.878777 3.551277
v 3.244995 -2.187460 2.892436
v 2.851475 -2.359586 3.579918
v 3.122864 -2.611424 2.983810
v 2.922534 -2.881403 3.726432
v 3.241334 -3.077677 3.167141
v 3.766995 -3.208560 3.774181
v 3.350665 -3.054145 3.933294
v 3.644345 -3.185647 3.939541
v 3.691477 -3.256803 3.287110
v 2.778548 0.234607 4.913549
v 2.685847 -0.534862 4.768702
v 2.454187 -0.108978 4.294888
v 2.714788 -0.750606 4.781927
v 2.468447 -0.396531 4.401752
v 2.504570 -0.611778 4.445381
v 2.671597 -1.264558 4.513043
v 2.642355 -1.325297 4.436178
v 2.523500 -0.997728 4.331842
v 2.489471 -0.825196 4.358252
v 3.737315 3.007257 2.642344
v 2.419937 2.530193 2.843279
v 4.127840 1.402692 2.617488
v 3.632520 3.061779 2.652426
v 3.511589 3.133428 2.675934
v 3.361058 3.123821 2.694607
v 3.233620 3.147150 2.775816
v 3.136420 3.251647 2.935560
v 2.636920 2.821616 2.826273
v 2.547879 2.698987 2.907023
v 2.169580 1.751078 2.619504
v 2.154671 1.769904 2.626277
v 2.154339 1.839545 2.648549
v 2.298318 2.077460 2.684675
v 2.301878 2.165720 2.720645
v 2.278709 2.286208 2.774553
v 2.327803 2.386875 2.834161
v 2.108526 1.647875 2.589222
v 3.772174 1.489526 2.654551
v 3.743726 1.578612 2.653704
v 3.778762 1.616024 2.624868
v 3.853669 1.621748 2.586251
v 4.507856 1.401453 2.556446
v 4.591950 1.586325 2.572236
v 4.549322 1.725314 2.573336
v 4.668142 2.015472 2.593496
v 4.425634 2.156657 2.589529
v 4.083406 2.739657 2.653757
v 3.893082 2.936214 2.661190
v 4.329407 2.312273 2.649557
v 4.261877 2.515717 2.657787
v 2.274851 2.197751 2.728273
v 2.264775 2.228351 2.740563
v 4.648808 1.876637 2.565670
v 2.150512 2.068696 2.696763
v 4.237749 1.413995 2.595029
v 4.388380 1.397030 2.541293
v 2.152859 1.694883 2.600677
v 2.173279 1.735197 2.612221
v 2.169002 1.718906 2.606368
v 4.325549 1.400087 2.554198
v 1.946307 1.477127 2.573207
v 3.827397 1.384142 2.653437
v 3.919908 1.145913 2.632238
v 4.011784 0.866880 2.601470
v 3.912429 0.543022 2.581120
v 2.037999 1.584893 2.568935
v 1.858351 1.153957 2.583287
v 1.842925 1.300807 2.579701
v 1.885405 1.057597 2.604495
v 1.956920 0.766147 2.601248
v 2.123083 0.453976 2.613464
v 3.904536 1.269599 2.638029
v 3.948643 1.026634 2.622675
v 3.978481 0.696976 2.597011
v 1.885294 0.899802 2.599295
v 3.833922 0.396764 2.571055
v 2.021422 0.662728 2.610015
v 3.879405 0.191490 2.530272
v 2.241334 0.235638 2.571893
v 3.778809 -0.067354 2.573699
v 3.875189 -0.309263 2.574067
v 2.318567 -0.022964 2.581626
v 2.303253 -0.292760 2.609474
v 4.560459 2.099664 2.583684
v 2.307276 2.127504 2.708007
v 3.698998 -3.271398 3.533919
v 3.795542 -3.257904 3.531096
v 3.886647 -3.257009 3.528709
v 3.949499 -3.239960 3.524738
v 3.891864 -3.117553 3.499279
v 3.759226 -0.707384 2.751600
v 2.409266 -1.040256 2.739700
v 3.721522 -1.101921 2.904470
v 2.612985 -1.284014 2.900134
v 3.678512 -1.548147 3.037178
v 2.777623 -1.613795 3.035758
v 3.525118 -1.972333 3.111078
v 2.772861 -2.044368 3.118567
v 3.303260 -2.403614 3.156995
v 2.703823 -2.641195 3.175411
v 3.312794 -2.831659 3.293377
v 2.910247 -3.079281 3.352030
v 3.576206 -3.284652 3.533114
v 3.712489 -2.991849 3.437183
v 3.353350 -3.265127 3.495331
v 3.837038 -3.253176 3.529322
v 2.925894 3.025941 2.810325
v 2.465144 2.455148 3.111891
v 4.038676 1.467202 2.757241
v 3.239400 3.092772 2.936466
v 3.055709 3.004678 2.991100
v 2.665854 2.776217 3.222240
v 2.603069 2.633160 3.211117
v 2.270831 1.776270 2.806908
v 2.246621 1.789897 2.831806
v 2.194385 1.862761 2.876722
v 2.320796 2.026927 2.912956
v 2.323771 2.098467 2.978269
v 2.401017 2.319693 2.964719
v 2.403727 2.368840 3.028781
v 2.152348 1.684920 2.760546
v 3.735975 1.530703 2.822241
v 3.683798 1.634679 2.831360
v 3.743761 1.668333 2.785510
v 3.824851 1.659809 2.744359
v 4.361029 1.478261 2.696788
v 4.515373 1.590199 2.743888
v 4.533868 1.748404 2.723060
v 4.587630 2.014201 2.739197
v 4.412817 2.201624 2.778147
v 4.048603 2.706340 2.798516
v 3.868804 2.907193 2.802697
v 3.523290 3.366395 3.246917
v 3.516695 3.372483 3.247476
v 3.509173 3.376879 3.247940
v 3.500926 3.379075 3.249841
v 3.487729 3.364286 3.243950
v 3.536366 3.339000 3.230960
v 3.356492 3.154988 3.008969
v 3.429977 3.229993 3.148610
v 3.736330 3.022291 2.921799
v 3.659334 3.142259 3.089530
v 4.270798 2.285128 2.786873
v 4.156825 2.457309 2.786862
v 2.396979 2.228320 2.963172
v 2.405679 2.281092 2.957366
v 4.560539 1.907589 2.720731
v 2.262818 1.959985 2.881632
v 4.142904 1.467308 2.719089
v 4.272587 1.482711 2.698829
v 2.244839 1.723917 2.768944
v 2.272380 1.763044 2.786416
v 2.263730 1.747526 2.774190
v 4.218067 1.476069 2.699974
v 1.820926 1.527780 2.621911
v 3.931107 1.178456 2.812718
v 3.996755 0.892755 2.803155
v 3.959789 0.583807 2.779074
v 3.786502 1.437523 2.799783
v 2.136988 1.599935 2.756264
v 1.911737 1.171209 2.771696
v 1.851576 1.325082 2.687794
v 1.951433 1.082105 2.793744
v 1.931436 0.773742 2.809753
v 2.144223 0.498060 2.710012
v 3.901476 1.327761 2.802296
v 3.938822 1.054461 2.797602
v 3.970602 0.723435 2.796939
v 1.958549 0.978641 2.799949
v 1.998539 0.660947 2.703786
v 3.852716 0.400334 2.746026
v 3.880640 0.217548 2.714724
v 2.296530 0.297653 2.708035
v 2.349699 0.007043 2.717777
v 2.326481 -0.271836 2.725729
v 3.722229 -0.050772 2.712898
v 3.810073 -0.288029 2.747647
v 4.509118 2.107933 2.756402
v 2.312623 2.044396 2.945161
v 3.876562 -3.090717 3.613252
v 3.955391 -3.237392 3.652129
v 3.878176 -3.240552 3.642088
v 3.781679 -3.238266 3.631594
v 3.688906 -3.256131 3.628593
v 2.333530 -1.096308 2.860958
v 3.729393 -0.685673 2.890436
v 2.625700 -1.248417 3.022822
v 3.733860 -1.077523 3.020715
v 2.765861 -1.602354 3.134790
v 3.663266 -1.530692 3.141482
v 2.760991 -2.040287 3.200698
v 3.521717 -1.954789 3.207307
v 2.685284 -2.565896 3.243254
v 3.288641 -2.391923 3.226568
v 2.900618 -3.070242 3.407261
v 3.298459 -2.815559 3.352161
v 3.571522 -3.273053 3.624562
v 3.347112 -3.254288 3.577289
v 3.697283 -2.971578 3.526875
v 3.823880 -3.232801 3.634912
v 2.869770 2.872066 3.098612
v 3.733737 3.003587 2.679410
v 3.625769 3.051752 2.688018
v 3.506925 3.117337 2.716790
v 3.364068 3.116749 2.735085
v 3.246161 3.146350 2.820974
v 3.129993 3.206326 2.960739
v 2.436188 2.762885 3.017290
v 2.552113 2.640802 3.033213
v 2.013656 1.668961 2.593924
v 3.751064 1.587453 2.699788
v 3.776703 1.627416 2.664016
v 3.850310 1.627006 2.623153
v 4.494971 1.369432 2.582321
v 4.587929 1.585630 2.613816
v 4.565510 1.731053 2.611768
v 4.648641 2.011868 2.627741
v 4.441281 2.180800 2.637831
v 4.079556 2.733651 2.692491
v 3.883142 2.924562 2.693460
v 4.346486 2.323859 2.684766
v 4.277639 2.525768 2.707133
v 4.626089 1.894211 2.622845
v 4.229187 1.420223 2.620827
v 4.370040 1.381961 2.566232
v 4.312796 1.396230 2.587003
v 1.933426 1.483859 2.593170
v 3.819090 1.391842 2.687590
v 3.932396 1.151160 2.676869
v 4.030091 0.867434 2.656264
v 3.935663 0.543814 2.635996
v 1.870372 1.155169 2.602377
v 1.773329 1.294394 2.543884
v 1.911739 1.065209 2.642884
v 1.966326 0.780793 2.625369
v 2.133333 0.470785 2.640811
v 3.911224 1.281595 2.674892
v 3.957058 1.031908 2.668945
v 3.993524 0.692757 2.655358
v 1.911238 0.940295 2.642923
v 3.848629 0.394827 2.612695
v 2.021868 0.665948 2.632224
v 3.890285 0.203537 2.576353
v 2.257149 0.250079 2.609331
v 2.330227 -0.014553 2.619076
v 2.310599 -0.285886 2.642149
v 4.536363 2.078284 2.622795
v 3.700525 -3.266758 3.560540
v 3.795306 -3.251732 3.559323
v 3.879856 -3.244200 3.558188
v 3.926810 -3.210416 3.551162
v 3.885499 -3.105401 3.529044
v 2.387276 -1.054420 2.765102
v 2.616009 -1.274133 2.942739
v 2.775218 -1.612432 3.067332
v 2.770270 -2.045885 3.142775
v 2.762702 -2.523132 3.213384
v 2.908563 -3.076629 3.367573
v 3.578329 -3.281060 3.558652
v 3.353348 -3.261892 3.517523
v 3.835139 -3.245341 3.558492
v 2.958894 3.040665 2.885050
v 2.411520 2.499900 2.939445
v 4.116915 1.391419 2.648700
v 2.202152 1.760367 2.664472
v 2.173219 1.765449 2.669484
v 2.163317 1.818151 2.687086
v 2.305243 2.086287 2.731615
v 2.328072 2.172808 2.782353
v 2.300176 2.287013 2.835096
v 2.329098 2.347627 2.897375
v 3.767092 1.489378 2.695285
v 2.312835 2.215259 2.791665
v 2.296821 2.245591 2.805625
v 2.155376 2.026019 2.757414
v 2.183766 1.707358 2.644009
v 2.207684 1.748815 2.656979
v 2.202061 1.732884 2.650347
v 2.052341 1.593807 2.605113
v 3.775968 -0.071459 2.589296
v 3.914541 -0.298197 2.634545
v 2.320938 2.130500 2.765907
v 3.749781 -0.700877 2.790893
v 3.721501 -1.095605 2.935659
v 3.677516 -1.543727 3.065088
v 3.531315 -1.965056 3.140801
v 3.301266 -2.400547 3.175664
v 3.310678 -2.827163 3.309649
v 3.710474 -2.986147 3.461800
v 2.592281 2.470082 3.254428
v 3.197312 2.811101 3.154928
v 2.948138 2.694353 3.266358
v 2.798801 2.455430 3.485729
v 2.697838 2.356887 3.519762
v 2.491358 2.437235 3.148583
v 2.376778 2.386685 2.992456
v 2.285848 2.382858 2.622731
v 3.822927 2.973853 2.569337
v 3.803589 2.960966 2.725394
v 3.512990 3.372161 3.260843
v 3.509997 3.373177 3.263178
v 3.505884 3.374451 3.265160
v 3.500436 3.362256 3.268296
v 3.490427 3.342403 3.272499
v 3.538420 3.344835 3.226942
v 3.521247 3.360578 3.250912
v 3.346074 2.975102 3.200992
v 3.443402 3.138118 3.264257
v 3.731473 3.071839 2.873174
v 3.653807 3.175010 3.059861
v 3.828515 2.980379 2.441664
v 2.427830 2.597489 2.457685
v 2.890886 2.575997 3.373990
v 3.813262 2.967165 2.647385
v 2.384825 2.452404 2.833775
v 3.529901 3.352607 3.238825
v 2.435137 2.412137 3.070083
v 2.381666 2.420234 2.913406
v 3.808422 2.964061 2.686390
v 2.610664 2.459528 3.359249
v 2.510869 0.908930 4.810010
v 2.287519 2.577083 2.639817
v 2.511249 2.570339 3.085137
v 2.553973 2.515110 3.234542
v 2.679527 2.367834 3.415796
v 2.707129 2.288771 3.333863
v 2.720841 2.018713 3.332345
v 2.685246 1.836129 3.379342
v 2.535413 1.830836 3.241695
v 2.448050 1.832274 3.179511
v 2.406476 1.746690 3.107603
v 2.380224 1.888935 3.128625
v 2.727684 2.118402 3.324967
v 2.719071 2.204659 3.330193
v 2.600060 1.816009 3.305464
v 2.308789 1.649103 3.093592
v 2.354057 1.644619 3.106936
v 2.335027 1.635175 3.086154
v 2.502278 -0.805477 4.701848
v 2.292971 0.388683 3.499897
v 2.454585 -0.899336 4.648639
v 2.495512 1.760424 3.514334
v 2.509246 1.680568 4.008075
v 2.505422 1.279258 4.397352
v 2.529830 -0.168141 4.788171
v 2.295041 0.457451 4.237974
v 2.290452 0.617595 3.636480
v 2.291281 0.609701 3.989503
v 2.427467 0.099436 3.388539
v 2.480358 -0.231021 3.301204
v 2.284297 0.697177 3.820877
v 2.500899 1.510634 4.212999
v 2.512060 1.760126 3.773128
v 2.714474 1.934934 3.360286
v 3.405874 -3.169890 3.943748
v 3.525659 -3.240998 3.840224
v 3.640145 -3.268728 3.585522
v 3.618405 -3.258840 3.666930
v 2.631207 -0.707313 3.395124
v 2.973482 -1.135491 2.571039
v 2.512572 2.770168 2.452790
v 2.754645 -1.031034 3.432401
v 3.027546 -1.332500 2.706636
v 2.802359 -1.453576 3.488703
v 3.035171 -1.749812 2.825875
v 2.772362 -1.912011 3.521014
v 2.985022 -2.148064 2.907089
v 2.650319 -2.449386 3.539057
v 2.950181 -2.598513 3.008628
v 2.825706 -2.953236 3.709816
v 3.076508 -3.113861 3.178935
v 3.632908 -3.285219 3.481770
v 3.577223 -3.248912 3.753772
v 3.251729 -3.133468 3.919215
v 3.462953 -3.223297 3.911791
v 3.500138 -3.283312 3.310384
v 2.523058 0.248680 4.805553
v 2.545056 -0.499205 4.722081
v 2.300760 -0.061640 4.365165
v 2.515435 -0.683578 4.739936
v 2.322782 -0.355000 4.419242
v 2.394820 -0.579513 4.466976
v 2.354900 -0.980173 4.590073
v 2.290347 -1.021344 4.540544
v 2.284748 -1.041551 4.500739
v 2.317220 -1.030837 4.466074
v 2.330235 -0.987256 4.416914
v 2.317316 -0.778439 4.400163
v 2.318708 -0.908736 4.386662
v 3.636248 -3.276649 3.533431
v 2.488573 2.619997 2.867827
v 3.629067 -3.263498 3.626136
v 2.531836 2.546856 3.161078
v 3.638118 -3.272603 3.559410
v 2.497769 2.591182 2.975461
v 2.645123 2.413724 3.387519
v 3.249026 -0.345730 3.293607
v 3.099458 -0.350181 3.337870
v 3.557716 -0.410078 3.147514
v 2.745421 -0.412942 3.354600
v 2.962142 -0.359443 3.366326
v 2.223710 -0.680022 2.780723
v 2.218974 -0.684821 2.698531
v 3.683534 -0.439787 3.014303
v 2.623096 -0.461174 3.327813
v 2.235385 -0.658455 2.974143
v 2.226652 -0.680134 2.857387
v 3.802562 -0.506661 2.590805
v 2.206543 -0.704027 2.628472
v 2.419334 -0.519838 3.231485
v 2.276266 -0.594622 3.118578
v 3.419563 -0.365579 3.292695
v 3.799662 -0.489126 2.749768
v 3.749262 -0.468103 2.882382
v 2.181408 -0.752124 2.552283
v 3.736382 -0.510930 2.478045
v 2.853010 -0.379388 3.369468
v 3.809896 -0.499374 2.662445
v 2.206258 -0.697113 2.657562
v 3.769801 -0.478960 2.809099
v 2.221582 -0.679496 2.730752
v 2.212252 -0.691422 2.677189
v 3.809240 -0.494347 2.707629
v 2.522245 -0.477264 3.304924
v 3.747887 3.017821 2.504806
v 3.636530 3.071485 2.505104
v 3.501300 3.091979 2.511774
v 3.356427 3.125629 2.530350
v 3.033670 3.096461 2.592957
v 2.741096 2.949194 2.539583
v 2.504601 2.772396 2.551842
v 3.683227 1.548836 2.497388
v 3.761693 1.579271 2.489658
v 3.860735 1.606573 2.468762
v 2.062137 1.635815 2.474626
v 4.533163 1.385749 2.443558
v 4.610212 1.577512 2.460866
v 4.537911 1.709314 2.460259
v 4.689379 2.014175 2.468756
v 4.477100 2.200100 2.470111
v 4.094544 2.757792 2.509534
v 3.903656 2.936036 2.506165
v 4.349507 2.322838 2.505977
v 4.274320 2.527873 2.511037
v 4.691406 1.850651 2.473087
v 4.260271 1.407101 2.492001
v 4.427120 1.420565 2.457167
v 4.355838 1.397533 2.458010
v 1.912567 1.486635 2.474718
v 3.857946 1.385684 2.504045
v 3.888497 1.135505 2.502879
v 3.912877 0.876334 2.480400
v 3.816597 0.580881 2.470007
v 1.764333 1.141335 2.511148
v 1.908899 0.781441 2.513415
v 1.827776 1.345582 2.495060
v 1.808794 1.020729 2.501299
v 3.902564 1.252437 2.509911
v 3.903953 1.014267 2.494490
v 3.877043 0.737295 2.474691
v 2.133157 0.441217 2.489540
v 3.765619 0.408863 2.477082
v 2.024697 0.655720 2.500657
v 1.844470 0.905651 2.491307
v 3.803948 0.182452 2.453709
v 2.218167 0.215643 2.475266
v 2.295664 -0.038454 2.494121
v 2.288773 -0.311339 2.532731
v 4.582533 2.102922 2.464679
v 3.509071 -3.291177 3.398666
v 3.836474 -3.139579 3.343993
v 2.469800 -1.040764 2.686225
v 2.401939 2.614001 2.538809
v 4.146902 1.400109 2.498350
v 2.026240 1.704226 2.473834
v 2.063232 1.749720 2.478386
v 2.089531 1.841344 2.472037
v 2.200299 2.066338 2.525885
v 2.205747 2.102545 2.527324
v 2.270500 2.265823 2.557579
v 2.334139 2.431131 2.553218
v 3.763847 1.480283 2.495749
v 2.211936 2.145727 2.528188
v 2.218322 2.190460 2.537839
v 2.131357 2.005145 2.494758
v 2.068436 1.662836 2.474220
v 2.032927 1.685923 2.472342
v 2.051751 1.675122 2.472962
v 1.993969 1.591006 2.473371
v 3.739964 -0.053597 2.494119
v 3.779545 -0.305929 2.471608
v 2.208889 2.087915 2.527911
v 3.754589 -0.736216 2.611569
v 2.634996 -1.325335 2.791955
v 3.707628 -1.141161 2.775284
v 2.803846 -1.627815 2.938006
v 3.666824 -1.579262 2.922672
v 2.798187 -2.054322 3.027381
v 3.529119 -1.989122 3.019079
v 2.721611 -2.587071 3.092266
v 3.303930 -2.426699 3.073426
v 2.924353 -3.094131 3.270274
v 3.316952 -2.860723 3.210170
v 3.885948 -3.258986 3.354956
v 3.828769 -3.281563 3.367660
v 3.728264 -3.271762 3.381754
v 3.626477 -3.279845 3.391874
v 3.335913 -3.277059 3.389531
v 3.699372 -3.018136 3.319081
v 3.774097 -3.271827 3.375044
v 2.886913 3.020589 2.552543
v 2.358480 2.494365 2.534940
v 3.825733 2.976893 2.505516
v 3.566399 -3.284092 3.395567
v 2.376799 2.682544 2.532256
v 2.213359 -0.717021 2.593348
v 3.768289 -0.509812 2.531498
v 2.468125 2.684918 2.426993
v 4.144214 1.405018 2.423733
v 1.923512 1.675848 2.417535
v 1.999115 1.729741 2.419044
v 2.056642 1.816469 2.404630
v 2.157047 2.022607 2.425937
v 2.161628 2.067553 2.430175
v 2.278363 2.249779 2.433721
v 2.376642 2.481656 2.432032
v 3.751001 1.463761 2.421806
v 2.184020 2.120653 2.435133
v 2.245193 2.170619 2.433189
v 2.129538 1.911341 2.411059
v 2.018544 1.655619 2.417960
v 1.935072 1.662426 2.416952
v 1.975494 1.661274 2.417223
v 1.976349 1.590548 2.418820
v 3.703587 -0.045138 2.427557
v 3.726086 -0.295188 2.421481
v 2.159145 2.050239 2.427790
v 3.716300 -0.668910 2.460384
v 3.753124 3.020907 2.424394
v 3.637561 3.066298 2.424752
v 3.503348 3.079864 2.425807
v 3.355436 3.108709 2.429257
v 3.205137 3.122943 2.446276
v 3.016522 3.064753 2.436540
v 2.746145 2.949861 2.434391
v 2.575361 2.837339 2.434175
v 3.677869 1.541702 2.423635
v 3.755089 1.570905 2.422159
v 3.867675 1.595876 2.416387
v 2.031018 1.635067 2.418558
v 4.551264 1.404286 2.414010
v 4.612942 1.573379 2.415797
v 4.544607 1.705922 2.418885
v 4.695572 2.014228 2.417183
v 4.481935 2.203475 2.416954
v 4.097807 2.762625 2.425235
v 3.907076 2.938009 2.424649
v 4.356396 2.329079 2.425023
v 4.275147 2.533772 2.425475
v 4.705691 1.846039 2.418475
v 4.266306 1.403934 2.423553
v 4.437207 1.420673 2.415486
v 4.361542 1.400851 2.415118
v 1.906910 1.485176 2.418277
v 3.856238 1.387643 2.423151
v 3.876319 1.134322 2.424644
v 3.874122 0.883754 2.418852
v 3.767442 0.602853 2.420595
v 1.876748 0.798571 2.438265
v 1.832289 1.358562 2.421659
v 1.782561 1.006390 2.428282
v 3.908742 1.255857 2.425748
v 3.883986 1.012523 2.422333
v 3.830350 0.753744 2.418800
v 2.160090 0.452691 2.423893
v 3.745641 0.410627 2.420997
v 2.037351 0.650564 2.429491
v 1.828244 0.912098 2.427304
v 3.766695 0.183463 2.416640
v 2.224271 0.216556 2.422518
v 2.294882 -0.036041 2.430720
v 2.276985 -0.315811 2.451100
v 4.589365 2.104439 2.416436
v 3.647300 -0.912745 2.446332
v 2.845716 -1.009010 2.482235
v 3.533748 -1.023952 2.446243
v 3.418648 -1.072503 2.449781
v 3.231205 -1.038048 2.463502
v 3.082839 -0.964541 2.471838
v 0.585790 -1.947772 2.648351
v 2.880505 3.006465 2.433754
v 3.329860 -1.074109 2.456044
v 3.830104 2.979492 2.424518
v 2.430152 2.600520 2.432785
v 2.519526 2.765371 2.429152
v 2.957221 -1.020245 2.479172
v 3.721228 -0.492330 2.441201
v 2.141449 -0.739348 2.480360
v 3.459788 -3.068913 3.948085
v 3.673733 -2.982499 3.787633
v 3.444419 -3.265438 3.557407
v 3.429923 -3.256706 3.634420
v 3.772651 -3.021028 3.514918
v 3.396919 -3.094992 3.940283
v 3.781501 -3.048048 3.409834
v 3.576120 -2.994659 3.935059
v 3.397044 -3.239793 3.718684
v 3.749467 -3.001458 3.598723
v 3.356774 -3.216294 3.801868
v 3.339658 -3.120520 3.929220
v 3.440905 -3.278872 3.463614
v 3.715783 -2.987577 3.689018
v 3.304225 -3.153003 3.915684
v 3.520832 -3.031430 3.946414
v 2.679736 -1.117671 2.564471
v 3.694892 -0.866383 2.521200
v 2.788029 -1.323397 2.715826
v 3.661369 -1.216991 2.686437
v 2.876947 -1.673523 2.855081
v 3.626238 -1.637890 2.843033
v 2.862117 -2.090777 2.950072
v 3.494277 -2.017096 2.938398
v 2.786398 -2.649264 3.020637
v 3.290363 -2.471053 3.012717
v 2.971901 -3.108823 3.204793
v 3.319668 -2.909724 3.153672
v 3.631764 -2.984561 3.882226
v 3.320515 -3.183048 3.869648
v 3.369985 -3.285647 3.323153
v 3.711037 -3.068204 3.253971
v 3.428921 -3.083818 3.944702
v 3.442641 -3.272132 3.510471
v 3.776234 -3.033687 3.462355
v 3.760565 -3.010720 3.556880
v 3.437149 -3.261081 3.595920
v 3.443523 -3.268779 3.533928
v 3.774229 -3.027152 3.488565
v 3.321733 -3.135614 3.921824
v 3.405420 -3.282223 3.393291
v 3.749588 -3.061503 3.329955
v 3.692431 -0.779641 2.456033
v 2.754125 -1.013707 2.493054
v 1.903376 -1.316702 2.499851
v 2.228977 -1.163589 2.674467
v 2.059379 -1.050290 2.560602
v 1.940849 -1.309487 2.588662
v 2.023483 -1.047558 2.485348
v 2.336854 -1.214332 2.638584
v 2.432704 -1.238034 2.548140
v 0.652372 -2.022158 2.611207
v 0.650274 -1.832021 2.558413
v 0.698247 -1.970440 2.537783
v 0.527561 -1.982286 2.647804
v 0.532707 -1.925500 2.565068
v 2.092975 -1.381298 2.685555
v 2.266447 -1.453539 2.548676
v 2.192152 -1.423960 2.644193
v 1.799561 -1.688411 2.589660
v 1.932223 -1.738770 2.675925
v 2.007626 -1.767187 2.640401
v 1.755232 -1.694800 2.502715
v 2.060658 -1.797338 2.546964
v 2.103000 -0.855238 2.475484
v 2.140848 -0.861808 2.525912
v 2.626441 -1.139203 2.521552
v 2.475182 -1.109440 2.594829
v 2.358346 -1.058138 2.651786
v 3.081350 -0.272346 3.315392
v 3.567455 -0.373170 3.144700
v 2.942011 -0.283732 3.351832
v 2.263561 -0.507959 2.778296
v 2.598798 -0.400031 3.315908
v 2.278610 -0.475001 2.982754
v 3.812299 -0.477277 2.573692
v 2.230098 -0.541154 2.603649
v 2.431200 -0.426790 3.215562
v 3.414618 -0.289556 3.288162
v 3.813538 -0.460141 2.738574
v 3.234226 -0.282680 3.258533
v 2.723760 -0.353393 3.342449
v 2.251189 -0.518254 2.686768
v 3.701598 -0.411973 3.002214
v 2.257420 -0.498732 2.863038
v 2.338545 -0.462384 3.101722
v 3.758508 -0.438178 2.869209
v 2.213929 -0.567951 2.524507
v 3.736564 -0.475272 2.470195
v 2.833002 -0.312735 3.355781
v 3.825379 -0.470966 2.646189
v 2.234518 -0.531146 2.633558
v 3.778145 -0.449188 2.798317
v 2.261349 -0.512375 2.723513
v 2.241025 -0.524249 2.659401
v 3.825550 -0.465853 2.693980
v 2.509872 -0.410188 3.281975
v 3.772051 -0.476888 2.519381
v 2.224980 -0.554228 2.567953
v 2.197196 -0.567069 2.470576
v 3.721916 -0.459911 2.437309
v 3.264683 -0.433132 3.319439
v 2.769514 -0.474612 3.374954
v 2.229840 -0.870192 2.726703
v 3.673111 -0.470442 3.025574
v 2.227164 -0.814618 2.913017
v 2.321973 -0.735718 3.143134
v 3.739687 -0.498683 2.896015
v 2.297891 -0.870296 2.607407
v 3.736539 -0.547763 2.486257
v 2.874809 -0.456276 3.390672
v 3.797062 -0.529471 2.676477
v 2.265597 -0.858182 2.677388
v 3.760643 -0.509555 2.821258
v 2.214825 -0.874557 2.767730
v 2.243712 -0.866725 2.702902
v 3.794341 -0.524061 2.719831
v 2.548801 -0.535751 3.352265
v 3.117706 -0.434330 3.365447
v 3.547831 -0.445427 3.150480
v 2.982487 -0.442428 3.389503
v 2.216863 -0.851687 2.845480
v 2.652106 -0.516136 3.346621
v 2.274978 -0.778398 3.028773
v 3.795708 -0.537878 2.606379
v 2.286705 -0.846264 2.656431
v 2.404553 -0.605450 3.307086
v 3.420470 -0.430382 3.285155
v 3.785885 -0.518859 2.760696
v 2.302568 -0.851548 2.636964
v 3.765529 -0.544016 2.543648
v 3.720658 -0.525743 2.445314
v 2.126164 -1.086737 2.633020
v 0.636832 -1.966635 2.632905
v 0.707445 -1.856472 2.547839
v 2.002280 -1.332734 2.658961
v 1.857464 -1.707151 2.653539
v 2.221291 -0.902721 2.598547
v 3.067661 -1.072626 4.473516
v 3.090607 -1.071021 4.548627
v 3.077131 -1.104888 4.500409
v 3.116402 -0.965912 4.541124
v 3.113858 -0.991076 4.571780
v 3.091253 -0.990793 4.497025
v 3.162755 -1.094445 4.457920
v 3.177554 -1.098130 4.506644
v 3.178792 -1.107373 4.476299
v 3.189730 -1.058240 4.492154
v 3.185812 -1.061100 4.518521
v 3.171415 -1.056689 4.469772
v 3.081032 2.822297 3.156438
v 3.016908 0.864915 4.981145
v 3.135879 3.147952 2.706796
v 3.192755 3.149516 2.929903
v 3.114936 2.966608 3.022258
v 3.149177 1.790234 3.238956
v 3.149780 1.825633 3.297275
v 3.155074 1.936385 3.311614
v 3.122100 2.182155 3.336333
v 3.122814 2.354677 3.333051
v 3.106179 2.564277 3.322670
v 3.100165 2.689150 3.259432
v 3.185472 1.706297 3.344763
v 3.130946 2.427063 3.311764
v 3.127751 2.490338 3.305441
v 3.138245 2.055150 3.319343
v 3.142102 1.738073 3.154000
v 3.124194 1.757224 3.196331
v 3.140390 1.759761 3.150833
v 2.864172 -0.900705 4.753537
v 2.858824 0.390085 3.503210
v 2.870758 -1.035013 4.667966
v 2.837957 -1.219575 4.396609
v 2.767520 -1.126137 4.382555
v 3.148624 1.798941 3.610834
v 3.100222 1.772759 4.169600
v 3.090763 1.337604 4.614468
v 2.869633 -0.216659 4.870156
v 2.831347 0.548948 3.649214
v 2.720438 0.584923 3.933532
v 2.684243 0.425239 4.197248
v 2.921793 0.157645 3.383868
v 2.972538 -0.119967 3.322871
v 2.791269 0.619305 3.786313
v 3.063548 1.639724 4.729272
v 3.114753 1.873802 3.870319
v 3.111227 2.272635 3.351849
v 3.982357 -3.328045 3.488891
v 3.658290 -3.162385 4.038280
v 3.867558 -3.258634 3.938874
v 3.958062 -3.286469 3.716851
v 3.902854 -3.221033 3.587721
v 3.085199 -0.637600 3.424486
v 3.470457 -1.142245 2.511683
v 3.112629 3.100838 2.475445
v 3.118739 -0.987666 3.477890
v 3.448606 -1.405945 2.650405
v 3.114714 -1.416373 3.521078
v 3.435804 -1.793428 2.802563
v 3.050751 -1.869943 3.548306
v 3.350490 -2.166124 2.901091
v 2.946994 -2.343347 3.571474
v 3.197418 -2.590580 2.984371
v 2.995888 -2.838136 3.713970
v 3.290745 -3.040602 3.159874
v 3.846597 -3.189144 3.788850
v 3.413405 -3.016860 3.927744
v 3.748098 -3.187654 3.982624
v 3.869453 -3.359798 3.239245
v 2.943343 0.204676 4.911420
v 2.779473 -0.542628 4.779001
v 2.627333 -0.135208 4.252726
v 2.845754 -0.729772 4.808181
v 2.602533 -0.397003 4.389037
v 2.593480 -0.608236 4.440867
v 2.884745 -1.179317 4.535664
v 2.890887 -1.223360 4.453085
v 2.705865 -1.042905 4.358287
v 2.651336 -0.934332 4.346876
v 2.608401 -0.789858 4.362494
v 3.918072 -3.248484 3.526723
v 3.203550 3.220285 2.853988
v 3.916783 -3.238971 3.647109
v 3.147552 3.048725 2.963781
v 3.903333 -3.227308 3.554675
v 3.205428 3.194839 2.897327
v 3.072725 2.752727 3.210643
v 3.030800 -0.354812 3.352098
v 3.857359 -3.270274 3.361308
v 3.124323 3.123795 2.591719
v 3.110830 3.093848 2.441408
v 3.476242 -1.048638 2.448005
v 3.490310 -3.050172 3.947249
v 3.011680 -0.278039 3.333612
v 3.050096 -0.438379 3.377475
v 2.824304 -1.390383 4.296107
v 2.833900 -1.396106 4.329807
v 2.854274 -1.368119 4.378733
v 2.858095 -1.368757 4.302690
v 2.886346 -1.343928 4.386744
v 2.886143 -1.361249 4.341048
v 2.698328 -1.402275 4.335248
v 2.726673 -1.406188 4.366771
v 2.728309 -1.383559 4.413063
v 2.652610 -1.396869 4.343250
v 2.681697 -1.378281 4.418047
v 2.654859 -1.394541 4.378541
v 2.519807 -1.376054 4.386831
v 2.522629 -1.370649 4.418871
v 2.548051 -1.356648 4.453276
v 2.565288 -1.389900 4.378543
v 2.593433 -1.370707 4.449176
v 2.587764 -1.392594 4.409448
v 2.308518 -1.301962 4.451541
v 2.366726 -1.321836 4.443793
v 2.300114 -1.289483 4.476486
v 2.389358 -1.324605 4.467834
v 2.336493 -1.281488 4.500628
v 2.392205 -1.303986 4.496545
v 2.840817 -1.449601 4.241878
v 2.849370 -1.452774 4.261883
v 2.860792 -1.435208 4.296971
v 2.856623 -1.442256 4.243543
v 2.875564 -1.425979 4.299183
v 2.868937 -1.443106 4.263917
v 2.675786 -1.461264 4.297721
v 2.687453 -1.464024 4.316296
v 2.695172 -1.450610 4.346912
v 2.655286 -1.457458 4.300971
v 2.674070 -1.446617 4.348992
v 2.661109 -1.458557 4.319837
v 2.515712 -1.440600 4.356061
v 2.520552 -1.440817 4.373822
v 2.533726 -1.429037 4.399232
v 2.534087 -1.447265 4.353325
v 2.552023 -1.435739 4.397886
v 2.542933 -1.449250 4.371291
v 2.290958 -1.351243 4.452249
v 2.311956 -1.359421 4.449870
v 2.293926 -1.348858 4.467699
v 2.318454 -1.360113 4.465247
v 2.308525 -1.340092 4.482601
v 2.328646 -1.349020 4.481168
v 2.737697 1.746719 4.392529
v 2.432253 1.566396 4.080430
v 3.191571 1.690273 4.467048
v 3.519829 1.525633 4.263783
v 2.248798 1.446454 4.008422
v 2.223655 1.347206 3.966247
v 2.199861 1.248618 3.933508
v 2.178272 1.136622 3.896760
v 2.187119 1.040517 3.853032
v 2.190596 0.947923 3.813560
v 2.207263 0.827529 3.763612
v 2.445258 0.593602 3.747537
v 2.250405 0.687827 3.713666
v 2.569650 1.637576 4.143722
v 2.335039 1.517164 4.043694
v 3.608658 1.456750 4.235019
v 2.972199 1.722209 4.431824
v 3.381197 1.625634 4.469855
v 3.681924 1.347830 4.190201
v 3.670527 1.216515 4.120597
v 3.652612 1.101969 4.055035
v 3.623934 0.975731 3.979138
v 3.550706 0.846053 3.890464
v 3.419312 0.720188 3.798776
v 2.322568 0.626339 3.743440
v 3.204767 0.614568 3.703883
v 2.923737 0.580058 3.719515
v 2.698879 0.588194 3.716011
v 2.860634 1.760145 4.426909
v 2.568058 0.589581 3.732464
v 2.505072 1.595601 4.110537
v 2.287374 0.657386 3.728678
v 3.081885 1.706241 4.449436
v 2.811308 0.584126 3.717763
v 2.745486 -2.573148 3.378861
v 3.099866 -2.686271 3.011501
v 3.279545 -2.449019 3.276553
v 3.244008 -2.435886 3.346208
v 3.028758 -2.686217 3.026628
v 2.721615 -2.549298 3.451251
v 3.197862 -2.421345 3.423439
v 2.817451 -2.448861 3.601743
v 2.909155 -2.426239 3.599201
v 3.303026 -2.508530 3.046831
v 3.154729 -2.394411 3.492963
v 2.766067 -2.592659 3.316591
v 2.758936 -2.469430 3.592937
v 2.827061 -2.631381 3.089171
v 2.914583 -2.662735 3.043498
v 3.308699 -2.473704 3.140612
v 3.300650 -2.460582 3.213865
v 2.714643 -2.496410 3.563782
v 2.707068 -2.523447 3.517814
v 3.282467 -2.576855 3.014207
v 3.106793 -2.384124 3.557426
v 2.999347 -2.407340 3.586048
v 2.781111 -2.603331 3.255317
v 2.793964 -2.610995 3.181861
v 3.181030 -2.675004 3.010543
v 3.241510 -2.639747 3.010299
v 3.140449 -2.680630 3.011022
v 2.862022 -2.437039 3.601665
v 2.787537 -2.607173 3.216575
v 3.304674 -2.467142 3.177238
v 2.774549 -2.599029 3.283473
v 3.290097 -2.454798 3.245210
v 2.784352 -2.605287 3.236270
v 3.302662 -2.463865 3.195552
v 2.733654 -2.482446 3.580279
v 2.968932 -2.675008 3.033907
v 3.305862 -2.491118 3.093723
v 2.809007 -2.620607 3.134562
v 2.862985 -2.644810 3.067160
v 3.294713 -2.536163 3.033639
v 3.211271 -2.657376 3.010421
v 2.954251 -2.416789 3.592624
v 3.453712 -2.009149 2.870630
v 2.851110 -1.798992 3.305763
v 3.331029 -2.014288 2.869516
v 3.692803 -1.933128 3.306903
v 3.657203 -1.823177 3.336468
v 3.194866 -1.988454 2.878108
v 2.840725 -1.769320 3.382371
v 3.605573 -1.844637 3.417192
v 3.011046 -1.666676 3.558109
v 3.139396 -1.655076 3.561477
v 3.720686 -1.894046 2.941090
v 3.488898 -1.683915 3.483822
v 2.866370 -1.820921 3.235962
v 2.940485 -1.680419 3.544751
v 2.939144 -1.867406 2.956666
v 3.044719 -1.928780 2.898477
v 3.749715 -1.842110 3.036358
v 3.771556 -1.876687 3.077882
v 2.869641 -1.708722 3.503304
v 2.846906 -1.735826 3.452948
v 3.556489 -1.973673 2.875757
v 3.633203 -1.932096 2.883025
v 3.369962 -1.662560 3.526197
v 3.251449 -1.652198 3.553268
v 2.882577 -1.838323 3.154155
v 2.894979 -1.841092 3.057271
v 3.392561 -2.012232 2.870599
v 3.071211 -1.660131 3.561808
v 2.887923 -1.839535 3.099844
v 3.761790 -1.851793 3.046468
v 2.876107 -1.831773 3.190426
v 3.755040 -1.995314 3.195321
v 2.885425 -1.839613 3.127736
v 3.773664 -1.863557 3.042762
v 2.900041 -1.693239 3.527542
v 3.122782 -1.959430 2.889161
v 3.778065 -1.994832 2.995507
v 2.913698 -1.851530 3.005375
v 2.982214 -1.892624 2.925258
v 3.654006 -1.991328 2.933648
v 3.195422 -1.653634 3.557373
v 3.504539 -1.987457 2.870866
v 1.621303 -2.057626 2.594301
v 1.383253 -2.283290 2.602149
v 1.066641 -2.367007 2.609216
v 1.728117 -2.113987 2.673986
v 1.437370 -2.367920 2.674956
v 1.053853 -2.461106 2.675971
v 1.786159 -2.140915 2.644282
v 1.471644 -2.407766 2.649419
v 1.058785 -2.508062 2.653736
v 1.046318 -2.329461 2.525526
v 1.343435 -2.263363 2.517725
v 1.575063 -2.055152 2.508994
v 1.041021 -2.538437 2.562960
v 1.468809 -2.448022 2.557812
v 1.822663 -2.166334 2.551753
v 1.668737 -2.081868 2.652695
v 1.405986 -2.321112 2.654973
v 1.057981 -2.408612 2.657198
v 0.801665 -2.315252 2.613578
v 0.664141 -2.155147 2.615718
v 0.748926 -2.378265 2.676265
v 0.584799 -2.145414 2.673090
v 0.731466 -2.416758 2.656345
v 0.545176 -2.163332 2.656743
v 0.775978 -2.340824 2.658263
v 0.630245 -2.143513 2.655818
v 0.695223 -2.123850 2.534081
v 0.803971 -2.274409 2.530508
v 0.522863 -2.144736 2.567670
v 0.694978 -2.426183 2.566185
v 4.312135 1.982761 2.949486
v 2.523710 1.919995 3.138362
v 4.003050 2.138505 3.118999
v 3.677805 2.177487 3.203969
v 3.399886 2.150269 3.271081
v 3.217518 2.073580 3.313321
v 3.064541 1.997428 3.322807
v 2.905494 1.907675 3.347677
v 2.739445 1.766070 3.387912
v 2.346716 1.935724 2.938998
v 2.170383 1.955804 2.783144
v 2.137066 2.054841 2.578050
v 4.651340 1.841246 2.494601
v 4.596254 1.875955 2.649809
v 4.541076 1.896052 2.810424
v 4.675531 1.829856 2.428150
v 2.982696 1.952977 3.334721
v 2.124756 2.026737 2.705651
v 4.630558 1.864105 2.560118
v 2.238641 1.947923 2.887836
v 4.558080 1.887205 2.721974
v 2.145137 1.989858 2.751287
v 4.607807 1.871686 2.616283
v 2.588048 1.823195 3.292522
v 2.122411 1.973700 2.485955
v 4.662508 1.833130 2.470358
v 4.676818 1.829165 2.417756
v 3.141029 2.035504 3.318064
v 4.648685 1.836003 2.512369
v 4.683100 1.857598 2.513587
v 4.661005 1.879691 2.587273
v 4.624825 1.862254 2.585545
v 2.396869 2.534361 2.749049
v 4.136127 1.401166 2.586076
v 2.137081 1.743026 2.576820
v 2.129314 1.775890 2.583702
v 2.128522 1.854428 2.604783
v 2.283020 2.075599 2.631906
v 2.266504 2.139633 2.652517
v 2.270675 2.276849 2.712024
v 2.301901 2.396564 2.756573
v 3.776544 1.491529 2.609901
v 2.231187 2.174926 2.664804
v 2.223617 2.206737 2.678654
v 2.158103 2.077549 2.634588
v 2.128737 1.684768 2.562305
v 2.141404 1.722440 2.569697
v 2.139337 1.706413 2.565772
v 1.962066 1.587776 2.530999
v 3.768705 -0.063677 2.559115
v 3.849026 -0.311006 2.541297
v 2.283310 2.114672 2.644595
v 3.765591 -0.713528 2.717732
v 3.722064 -1.108226 2.873086
v 3.679492 -1.552554 3.009280
v 3.524628 -1.976733 3.085721
v 3.305254 -2.406683 3.138325
v 3.314910 -2.836155 3.277108
v 3.714848 -2.997901 3.412542
v 3.740901 3.010954 2.605270
v 3.638469 3.073061 2.613348
v 3.508644 3.138367 2.621840
v 3.358820 3.131022 2.651830
v 3.091688 3.185519 2.820520
v 2.687057 2.883289 2.722014
v 2.498175 2.689667 2.770717
v 2.095464 1.642470 2.554668
v 3.729065 1.570715 2.605003
v 3.777367 1.603949 2.585033
v 3.856672 1.616168 2.549269
v 4.512506 1.387011 2.511143
v 4.598923 1.584521 2.533636
v 4.542583 1.724254 2.535248
v 4.676674 2.015106 2.552976
v 4.464769 2.195397 2.554640
v 4.087631 2.746182 2.614862
v 3.909062 2.960425 2.623537
v 4.345446 2.321115 2.610211
v 4.250791 2.507789 2.614429
v 4.678109 1.873993 2.551908
v 4.246719 1.410889 2.569656
v 4.403638 1.407546 2.515979
v 4.337851 1.397662 2.523677
v 1.938836 1.481091 2.548387
v 3.840444 1.381734 2.615598
v 3.909119 1.141604 2.598269
v 3.982813 0.868630 2.567324
v 3.886840 0.551825 2.546808
v 1.834196 1.147644 2.568121
v 1.844562 1.311218 2.564525
v 1.862165 1.046355 2.571291
v 1.949692 0.768079 2.584799
v 2.119246 0.443075 2.576185
v 3.896190 1.259368 2.604767
v 3.936161 1.022100 2.588302
v 3.950505 0.707879 2.560372
v 1.846119 0.888303 2.550795
v 3.813081 0.400460 2.545332
v 2.017468 0.658800 2.581121
v 3.860873 0.187125 2.506590
v 2.232619 0.228010 2.545135
v 2.311299 -0.028041 2.559045
v 2.299256 -0.297458 2.590856
v 4.569044 2.101192 2.543788
v 3.697980 -3.276569 3.507497
v 3.797537 -3.265959 3.503344
v 3.899335 -3.276128 3.501916
v 4.001094 -3.300400 3.513698
v 3.900883 -3.132437 3.470747
v 2.424283 -1.037909 2.726190
v 2.617582 -1.287398 2.872826
v 2.781295 -1.615362 3.013337
v 2.776245 -2.044354 3.098414
v 2.738466 -2.584822 3.166515
v 2.911931 -3.081928 3.336485
v 3.574160 -3.288350 3.507686
v 3.353360 -3.268352 3.473140
v 3.841747 -3.264049 3.501071
v 2.909568 3.028051 2.727637
v 3.818072 2.970631 2.608461
v 2.323115 2.432796 2.737874
v 2.386282 2.598562 2.759542
v 3.634578 -3.280933 3.507601
v 3.806630 -0.503296 2.626512
v 2.206675 -0.700629 2.643087
v 3.778867 -3.040868 3.436094
v 3.441773 -3.275502 3.487042
v 2.232308 -0.536150 2.618604
v 3.820092 -0.474740 2.609311
v 3.796703 -0.533925 2.641385
v 2.276971 -0.851920 2.666720
v 3.164931 3.181916 2.772441
v 3.950214 -3.288265 3.507807
v 3.306686 -2.470424 3.158926
v 2.790751 -2.609084 3.199218
v 3.755753 -1.846952 3.041413
v 2.891451 -1.840314 3.078558
v 4.632911 1.843640 2.549063
v 2.122594 2.052311 2.641788
v 4.659363 1.864508 2.531430
v 4.640435 1.852695 2.526949
v 2.612674 2.304877 3.222536
v 3.780551 2.615355 3.120559
v 3.554307 2.609243 3.201499
v 3.374793 2.599373 3.229364
v 3.201905 2.560305 3.264518
v 3.032025 2.494310 3.363593
v 2.942683 2.284050 3.505557
v 2.813942 2.188522 3.441473
v 2.462101 2.325583 3.050635
v 2.334076 2.276452 2.877740
v 2.219792 2.226228 2.635878
v 4.181328 2.638016 2.577231
v 4.178169 2.634234 2.759853
v 4.043157 2.544732 2.847801
v 4.020544 2.609845 2.998257
v 4.187536 2.647648 2.443339
v 2.269069 2.230062 2.459548
v 2.995674 2.385793 3.417315
v 4.151804 2.609452 2.653454
v 2.273328 2.256037 2.756076
v 4.129752 2.595679 2.824863
v 2.403429 2.300265 2.960999
v 2.297592 2.265613 2.820385
v 4.173245 2.625250 2.698177
v 2.713100 2.246715 3.332028
v 2.244411 2.228142 2.547709
v 4.184432 2.642832 2.510285
v 4.186477 2.648199 2.425355
v 2.261780 2.210198 2.433454
v 3.116965 2.527308 3.314055
v 4.175947 2.631855 2.616330
v 2.251190 2.242370 2.695713
v 2.612614 2.236131 3.218376
v 4.108265 2.473400 3.000977
v 3.855120 2.559321 3.120002
v 3.587078 2.547450 3.197896
v 3.374388 2.530740 3.237569
v 3.201438 2.498975 3.276505
v 3.057259 2.418426 3.340701
v 2.984120 2.198656 3.523748
v 2.834796 2.086932 3.436696
v 2.437714 2.255776 3.074212
v 2.347778 2.249396 2.861486
v 2.184467 2.168384 2.608994
v 4.295456 2.416275 2.572669
v 4.276614 2.400481 2.733605
v 4.150340 2.344864 2.850560
v 2.245974 2.167804 2.456981
v 4.315672 2.429348 2.443126
v 3.022010 2.308038 3.429211
v 2.270245 2.213229 2.734452
v 4.302979 2.417909 2.654819
v 2.401493 2.253579 2.960167
v 4.219239 2.378114 2.790847
v 2.304955 2.230155 2.798486
v 4.311446 2.423554 2.695111
v 2.723377 2.161531 3.327580
v 2.215241 2.168076 2.532960
v 4.311913 2.425356 2.508507
v 4.315772 2.431426 2.425249
v 2.210734 2.147737 2.436634
v 3.129348 2.458701 3.308603
v 4.306452 2.419408 2.612582
v 2.227402 2.190832 2.671729
v 4.039727 2.567860 2.989848
v 4.232688 2.590034 2.443459
v 2.262176 2.213162 2.459284
v 2.998174 2.365105 3.429415
v 4.203524 2.558799 2.657190
v 2.269870 2.242151 2.748042
v 4.132274 2.522141 2.790809
v 2.404617 2.290584 2.959150
v 2.297054 2.255419 2.812948
v 4.235482 2.585065 2.711894
v 2.716085 2.225687 3.331111
v 2.231366 2.209301 2.542774
v 4.229376 2.585353 2.510661
v 4.230813 2.590986 2.425415
v 2.253488 2.190408 2.433321
v 3.122358 2.508823 3.309748
v 4.211568 2.566735 2.613276
v 2.237404 2.224554 2.687184
v 2.612965 2.287652 3.222216
v 3.802624 2.599163 3.119211
v 3.562252 2.593747 3.199196
v 3.373896 2.580586 3.230749
v 3.201964 2.543806 3.268139
v 3.042752 2.473840 3.351357
v 2.943123 2.260617 3.529576
v 2.819663 2.163706 3.439961
v 2.458427 2.312666 3.052670
v 2.337721 2.271263 2.873128
v 2.200601 2.205447 2.626267
v 4.226031 2.580639 2.577848
v 4.209956 2.564461 2.759267
v 4.043593 2.463764 2.834826
v 2.612362 2.322109 3.222832
v 3.758556 2.631381 3.121983
v 3.546362 2.624739 3.203801
v 3.375690 2.618159 3.227979
v 3.201846 2.576804 3.260897
v 3.021298 2.514781 3.375828
v 2.942243 2.307484 3.481537
v 2.808221 2.213338 3.442985
v 2.465338 2.338475 3.049267
v 2.330541 2.281669 2.882236
v 2.238983 2.247009 2.645490
v 4.136591 2.695361 2.576600
v 4.099050 2.653546 2.728696
v 4.090885 2.637685 2.896584
v 3.994949 2.649069 3.002031
v 4.142384 2.705262 2.443219
v 2.275963 2.246961 2.459811
v 2.993174 2.406481 3.405215
v 4.127040 2.682679 2.654548
v 2.275992 2.270589 2.764892
v 4.101364 2.660503 2.816166
v 2.402223 2.309979 2.962859
v 2.298592 2.276164 2.827815
v 4.115115 2.668243 2.692411
v 2.710115 2.267743 3.332945
v 2.257455 2.246982 2.552644
v 4.139488 2.700312 2.509909
v 4.142142 2.705412 2.425295
v 2.270072 2.229989 2.433588
v 3.111572 2.545793 3.318362
v 4.131944 2.689149 2.615624
v 2.262941 2.259772 2.703933
v 3.222599 3.171268 2.695592
v 3.214977 3.151129 2.590481
v 3.227132 3.158704 2.735526
v 3.757799 3.042563 1.930687
v 3.911060 1.670801 1.915477
v 2.587137 2.501468 1.549520
v 2.616793 -1.068011 0.181524
v 3.763037 1.495136 2.079947
v 2.515147 -1.008940 0.180312
v 2.422441 -0.209413 0.116418
v 2.345194 0.789592 0.181437
v 2.135599 1.559568 1.709211
v 2.249127 1.766801 1.708260
v 2.451180 1.884250 1.658984
v 2.571727 1.999830 1.639916
v 2.601487 2.119617 1.610067
v 2.612005 2.339337 1.591671
v 2.597425 2.438748 1.570998
v 3.814877 2.822184 1.843777
v 3.962515 2.686491 1.817886
v 4.217742 2.314175 1.796145
v 4.312545 2.096645 1.854134
v 4.306530 1.944879 1.864130
v 4.258100 1.732666 1.885262
v 4.118549 1.658863 1.912786
v 3.673285 3.157151 1.753137
v 3.637779 3.126571 1.700639
v 3.715080 3.006302 1.859490
v 3.189408 2.888706 1.710564
v 2.972656 2.755887 1.606047
v 2.746949 2.498701 1.323219
v 2.634100 2.417338 1.362014
v 3.754961 3.020821 2.407372
v 3.744488 3.014651 2.246548
v 3.730166 2.999927 2.098273
v 2.943490 0.880717 -0.165597
v 2.449476 0.852203 0.093430
v 3.191270 0.777091 -0.030960
v 2.696471 0.911765 -0.101416
v 3.544456 1.726601 1.826199
v 3.654168 1.742128 1.847805
v 3.757215 1.705714 1.865784
v 2.502802 2.450699 1.615003
v 2.422515 2.459857 1.786627
v 2.355269 2.546044 2.166610
v 2.472308 2.687124 2.407372
v 3.989090 1.526231 2.011410
v 4.103254 1.363272 2.136795
v 4.144212 1.399879 2.259331
v 4.138584 1.412185 2.407372
v 3.637505 3.064703 2.407372
v 3.503500 3.077301 2.407372
v 3.355337 3.104080 2.407372
v 3.015240 3.058986 2.407372
v 2.747293 2.946297 2.407372
v 2.579041 2.836336 2.407372
v 3.640213 3.079803 2.243437
v 3.502767 3.126307 2.240982
v 3.356972 3.138057 2.205388
v 3.049535 3.122402 2.094537
v 2.737195 2.944963 2.196988
v 2.444527 2.683251 2.179652
v 3.620980 3.045538 2.089971
v 3.500072 3.098617 2.065259
v 3.367134 3.110178 2.039849
v 3.253836 3.141892 1.949574
v 3.117088 3.137854 1.839062
v 2.559334 2.691846 1.814901
v 2.592110 2.692102 1.651017
v 3.478383 3.104449 1.533004
v 3.420087 2.904896 1.558003
v 3.227065 3.036220 1.803690
v 3.002807 2.896996 1.781280
v 2.769982 2.803579 1.290333
v 2.605018 2.578213 1.545707
v 3.916664 1.824276 1.800501
v 3.999728 1.917826 1.719263
v 4.004474 2.063878 1.703260
v 3.998673 2.259104 1.688967
v 3.939160 2.478531 1.688000
v 3.737921 2.644524 1.689994
v 3.645348 2.750946 1.725241
v 3.684937 1.874510 1.696340
v 3.709208 1.988577 1.639557
v 3.685407 2.112364 1.621272
v 3.670631 2.280710 1.602450
v 3.635638 2.453414 1.612939
v 3.538418 2.640235 1.608640
v 3.489895 2.769576 1.658895
v 3.433561 1.905377 1.644300
v 3.441299 1.994045 1.599417
v 3.418038 2.083623 1.550848
v 3.389809 2.260643 1.544936
v 3.379303 2.434465 1.561316
v 3.376586 2.636946 1.588149
v 3.374985 2.748693 1.616865
v 3.246582 1.804624 1.574251
v 3.277820 1.886143 1.541515
v 3.244083 1.981897 1.507814
v 3.200588 2.218079 1.501611
v 3.200178 2.404752 1.521188
v 3.201787 2.593304 1.557468
v 3.206462 2.735535 1.606926
v 3.051773 1.775843 1.577324
v 3.021338 1.758662 1.486708
v 3.066065 1.890874 1.498445
v 3.043612 2.146231 1.455209
v 3.045450 2.304602 1.442196
v 3.010571 2.535251 1.426680
v 2.993868 2.642764 1.503696
v 2.833291 1.792681 1.607359
v 2.862053 1.788971 1.531398
v 2.883925 1.819863 1.472788
v 2.947786 2.019225 1.438231
v 3.023595 2.108318 1.365467
v 2.941804 2.330918 1.357227
v 2.850929 2.412662 1.333734
v 2.541740 1.717842 1.643282
v 2.589204 1.771343 1.564611
v 2.660492 1.766789 1.505766
v 2.840415 1.750588 1.266947
v 2.843611 1.917408 1.354284
v 2.802500 2.238154 1.370247
v 2.761591 2.296350 1.227715
v 2.255925 1.799933 1.887165
v 2.237974 1.846968 1.844300
v 2.250700 1.895090 1.841853
v 2.363965 2.002572 1.821391
v 2.334922 2.040162 1.726607
v 2.467999 2.351554 1.766303
v 2.481793 2.423881 1.717047
v 2.228542 1.769989 2.104693
v 2.187315 1.761960 2.100119
v 2.168260 1.795622 2.089025
v 2.288763 2.102874 2.023540
v 2.350278 2.181811 1.973760
v 2.327110 2.286901 1.928130
v 2.324944 2.313186 1.854248
v 2.112759 1.731277 2.285474
v 2.103425 1.782925 2.273431
v 2.096797 1.874874 2.265224
v 2.262538 2.078378 2.234946
v 2.231007 2.113587 2.230314
v 2.258166 2.267788 2.159644
v 2.290687 2.389608 2.146912
v 1.918054 1.675292 2.407372
v 1.995155 1.731212 2.407372
v 2.059326 1.816342 2.407372
v 2.160445 2.005354 2.407372
v 2.152467 2.041318 2.407372
v 2.273861 2.235697 2.407372
v 2.378475 2.486072 2.407372
v 2.166945 1.667772 2.136151
v 3.354394 1.732601 1.502676
v 2.480145 1.753033 1.540997
v 3.649497 1.537628 1.919126
v 3.682878 1.538632 2.407372
v 3.754390 1.570885 2.407372
v 3.873323 1.588807 2.407372
v 2.590521 0.912728 -0.041073
v 3.094126 0.846661 -0.164459
v 2.821898 1.698215 1.360338
v 3.777692 1.489784 2.249986
v 3.710288 1.560362 2.255088
v 3.772314 1.592171 2.269859
v 3.859127 1.610845 2.302902
v 3.750224 1.463081 2.407372
v 2.234633 1.689574 1.947632
v 2.029168 1.634705 2.407372
v 2.081694 1.637967 2.294225
v 3.749856 1.599052 2.072203
v 3.771961 1.637555 2.112599
v 3.846944 1.631660 2.154680
v 3.475094 1.693638 1.609719
v 2.050522 1.643687 1.682128
v 3.016551 1.679994 1.437286
v 3.573677 1.620099 1.808828
v 3.609404 1.661007 1.916669
v 3.705876 1.683028 1.946399
v 3.802536 1.683414 1.986207
v 4.552553 1.409223 2.407372
v 4.613013 1.572283 2.407372
v 4.549784 1.749658 2.407372
v 4.694898 2.013802 2.407372
v 4.481832 2.204318 2.407372
v 4.098382 2.762375 2.407372
v 3.908416 2.936323 2.407372
v 4.517150 1.372419 2.348490
v 4.606850 1.581065 2.317733
v 4.535046 1.717480 2.317523
v 4.683912 2.014169 2.303767
v 4.472161 2.197569 2.301058
v 4.091855 2.752706 2.238775
v 3.915622 2.959845 2.249899
v 4.490186 1.305548 2.209927
v 4.580165 1.584512 2.158199
v 4.560018 1.739626 2.166152
v 4.638999 2.011720 2.149891
v 4.443006 2.189349 2.137083
v 4.078692 2.732583 2.077910
v 3.877053 2.922055 2.080332
v 4.255438 1.520369 2.045122
v 4.437636 1.606752 2.001095
v 4.510080 1.794098 2.016185
v 4.544838 2.020218 1.996379
v 4.382410 2.213633 1.936075
v 4.041832 2.706026 1.941188
v 3.860434 2.892457 1.943724
v 3.513592 3.377816 1.549845
v 3.512388 3.366508 1.557952
v 3.511024 3.379266 1.548317
v 3.506995 3.380827 1.546661
v 3.502060 3.381977 1.545458
v 3.490598 3.353455 1.546484
v 3.531168 3.353382 1.582136
v 3.515394 3.379390 1.553490
v 3.520911 3.362317 1.581622
v 3.510154 3.368833 1.581716
v 3.498853 3.371760 1.578764
v 3.486091 3.366014 1.583013
v 3.512472 3.382629 1.552898
v 3.508192 3.384925 1.551888
v 3.503006 3.386404 1.551041
v 3.489370 3.362574 1.558590
v 3.508970 3.367090 1.554810
v 3.504771 3.368078 1.552503
v 3.498806 3.342513 1.547421
v 3.490252 3.331344 1.538008
v 3.545553 3.336549 1.593232
v 3.527083 3.341745 1.574140
v 3.437117 3.163646 1.571994
v 3.341708 3.032364 1.663038
v 3.350964 2.919012 1.564134
v 3.449741 3.112744 1.529048
v 3.430919 3.250170 1.702310
v 3.361688 3.182028 1.854075
v 3.350784 3.126872 1.757890
v 3.429026 3.209875 1.630204
v 3.630470 3.187332 1.756595
v 3.697076 3.093510 1.951241
v 3.614918 3.115411 1.932824
v 3.569727 3.211435 1.749701
v 3.517938 3.236885 1.743999
v 3.525779 3.136484 1.910219
v 3.435380 3.164360 1.889588
v 3.469262 3.252163 1.729644
v 3.538469 2.815472 1.486387
v 3.533443 2.832248 1.493092
v 3.518034 2.823923 1.472382
v 3.516670 2.840035 1.479808
v 3.498128 2.818503 1.470548
v 3.497453 2.834261 1.476679
v 3.501071 2.783946 1.560510
v 3.564629 2.763949 1.588839
v 3.513164 2.718139 1.530553
v 3.448330 2.721598 1.520823
v 3.588973 2.715203 1.569518
v 3.445948 2.767237 1.538573
v 2.612181 2.201859 1.599681
v 2.613232 2.270427 1.592875
v 4.065594 2.528458 1.827020
v 4.150936 2.418343 1.800514
v 3.885543 2.535671 1.692603
v 3.824697 2.582971 1.696880
v 3.603959 2.516649 1.615845
v 3.570197 2.578252 1.617850
v 3.375775 2.499681 1.571739
v 3.373000 2.561799 1.582610
v 3.200854 2.470644 1.533494
v 3.202023 2.527307 1.542983
v 3.061038 2.383483 1.472464
v 3.053479 2.453370 1.475621
v 3.024677 2.160129 1.320844
v 2.943563 2.237183 1.261147
v 2.844209 2.034975 1.379801
v 2.825384 2.138890 1.376294
v 2.425608 2.207989 1.727354
v 2.454520 2.299437 1.759391
v 2.354238 2.233610 1.960494
v 2.341480 2.266117 1.946336
v 2.187524 2.152102 2.213410
v 2.181409 2.184667 2.198088
v 2.166424 2.091793 2.407372
v 2.214458 2.152204 2.407372
v 4.359288 2.331883 2.407372
v 4.272455 2.535125 2.407372
v 4.330039 2.308480 2.246444
v 4.268921 2.522022 2.236604
v 4.321664 2.309186 2.080989
v 4.229113 2.489532 2.081613
v 4.252532 2.301027 1.935826
v 4.044031 2.382797 1.992893
v 2.535921 1.929118 1.672629
v 4.313491 1.997402 1.864072
v 4.002767 2.153296 1.694255
v 3.676358 2.190577 1.608667
v 3.396262 2.163489 1.542227
v 3.212252 2.091752 1.500156
v 3.064239 2.018548 1.490646
v 2.909144 1.922141 1.464442
v 2.752466 1.763154 1.407311
v 2.355500 1.946648 1.876323
v 2.179193 1.980899 2.021745
v 2.166092 2.065170 2.233498
v 2.125341 1.903402 2.407372
v 4.705923 1.845544 2.407372
v 4.670790 1.852346 2.316550
v 4.607617 1.898774 2.161695
v 4.544318 1.913617 2.004621
v 2.241818 1.683211 1.784943
v 2.208066 1.614616 1.742523
v 4.048495 1.649889 1.890627
v 3.964211 1.663188 1.898195
v 2.386911 1.623324 1.667688
v 2.469515 1.642552 1.671269
v 2.752586 1.707713 1.637315
v 2.802110 1.761353 1.649679
v 3.037883 1.731155 1.657981
v 3.050537 1.770231 1.635079
v 3.246321 1.744990 1.663505
v 3.197852 1.744217 1.601745
v 3.466580 1.768585 1.734104
v 3.335691 1.793825 1.634409
v 3.650123 1.792224 1.794851
v 3.663949 1.837243 1.741590
v 3.801627 1.769627 1.835310
v 3.861401 1.800895 1.815249
v 2.015269 1.655512 2.407372
v 1.929403 1.661916 2.407372
v 2.104597 1.674682 2.290798
v 2.110329 1.709380 2.288045
v 2.212850 1.719485 2.127425
v 2.237649 1.761945 2.113596
v 2.272315 1.728524 1.964278
v 2.296385 1.764624 1.940789
v 4.040320 1.488357 2.000644
v 4.142796 1.507624 2.010783
v 4.220604 1.428715 2.167558
v 4.364788 1.419567 2.198452
v 4.255712 1.407737 2.270475
v 4.419206 1.417870 2.324018
v 4.267783 1.401405 2.407372
v 4.439565 1.418252 2.407372
v 2.256671 1.668096 1.782737
v 4.011431 1.661247 1.887061
v 2.418881 1.604707 1.681711
v 2.774176 1.730962 1.671559
v 3.042187 1.755840 1.669770
v 3.238594 1.763681 1.658050
v 3.405632 1.733121 1.700275
v 3.654319 1.817560 1.767518
v 3.828701 1.784479 1.823843
v 1.970623 1.661047 2.407372
v 2.109620 1.693935 2.289537
v 2.231897 1.746228 2.121134
v 2.291320 1.749289 1.959914
v 4.075780 1.493153 1.995568
v 4.295281 1.358495 2.198760
v 4.350154 1.395237 2.321588
v 4.361559 1.401871 2.407372
v 1.940794 1.443922 1.668189
v 1.906529 1.484448 2.407372
v 1.930378 1.484405 2.293195
v 1.899741 1.503137 2.209408
v 2.006318 1.532573 2.002341
v 2.735510 0.395710 1.293529
v 2.249410 0.595595 0.403871
v 2.982139 0.384460 1.329537
v 3.939974 1.157204 2.088866
v 3.641751 1.511715 1.771291
v 2.304031 -0.033120 2.278280
v 2.282803 0.693411 0.289982
v 3.893620 0.210788 2.179569
v 3.220691 0.393740 1.410151
v 3.855576 1.387628 2.407372
v 2.291239 0.374920 1.270552
v 2.243424 0.512478 0.510747
v 2.453580 -0.186129 0.080521
v 3.277970 0.510209 0.367731
v 3.853201 1.380188 2.240677
v 3.901711 1.137601 2.250477
v 2.437294 -0.738484 0.145362
v 3.953843 0.870378 2.281565
v 3.861279 0.560627 2.302253
v 3.814475 1.403612 2.092368
v 2.223904 0.220382 2.296368
v 3.878235 1.134070 2.407372
v 1.916508 0.955694 2.117192
v 1.796936 0.871869 2.312100
v 3.736040 1.450343 1.940415
v 1.963330 1.548783 1.682665
v 3.558330 1.603931 1.670070
v 1.975716 1.590022 2.407372
v 1.893039 1.582564 2.337468
v 2.079938 1.600339 2.160563
v 2.181519 1.615445 1.954747
v 2.468525 -0.690678 0.105953
v 3.294379 0.707473 0.079676
v 2.392926 0.826467 0.134339
v 2.330547 -1.195202 0.353551
v 2.928247 -1.062211 0.347862
v 2.748066 -1.300930 0.446286
v 2.410071 -0.382212 0.415840
v 3.260087 0.742594 0.024196
v 1.926402 0.935691 1.738591
v 2.879049 1.810904 1.101327
v 2.603886 1.769207 1.229237
v 2.379663 1.763660 1.386514
v 2.165608 1.734249 1.483595
v 3.583785 1.654049 1.346983
v 3.246326 1.783406 1.232547
v 3.050924 1.814478 1.175272
v 1.827852 0.910029 2.407372
v 3.513338 1.722612 1.310781
v 3.415662 1.739804 1.267728
v 3.817719 1.268787 1.731483
v 2.481956 -1.269177 0.389216
v 2.020826 1.547569 1.478748
v 2.019427 0.668148 2.163930
v 2.580565 1.703127 0.781062
v 2.323536 1.607648 0.873859
v 3.620998 1.534289 0.686587
v 2.996364 1.773601 0.659034
v 3.870127 0.884262 2.407372
v 3.397205 1.701007 0.629919
v 2.285272 0.329325 1.857471
v 2.755356 1.794671 0.713154
v 2.434720 1.658596 0.834332
v 3.204081 1.771918 0.631253
v 3.520827 1.604182 0.657155
v 1.972283 1.235456 1.943225
v 2.224656 1.532136 0.909975
v 1.880522 1.155083 2.181920
v 2.589880 1.312084 0.371437
v 2.363368 1.207535 0.484844
v 3.446717 1.104771 0.362621
v 2.991413 1.340627 0.238341
v 1.803601 1.142127 2.264051
v 3.301561 1.239133 0.252925
v 1.718853 1.107796 2.407372
v 2.722304 1.352312 0.304482
v 2.434019 1.249073 0.451390
v 3.190114 1.334582 0.162211
v 3.392440 1.168036 0.314369
v 1.991814 1.234411 1.696933
v 2.301448 1.151249 0.520080
v 2.448793 -0.999611 0.477167
v 2.229042 0.216107 2.407372
v 2.999481 -0.387750 0.263478
v 2.308616 0.743772 0.234065
v 1.948415 1.352761 1.701326
v 1.832557 1.358465 2.407372
v 1.844224 1.323880 2.268743
v 1.711391 1.290094 2.276519
v 1.954414 1.393691 1.972507
v 1.942101 1.063821 1.701646
v 1.781996 1.005143 2.407372
v 1.834619 1.034150 2.273413
v 1.926522 1.067611 2.126463
v 3.764000 1.378359 1.759988
v 1.971197 0.469996 2.057106
v 3.957653 1.036824 2.097339
v 3.992814 0.699669 2.103383
v 3.915696 1.256555 2.407372
v 2.001931 1.123926 1.935880
v 2.018655 0.874270 1.954456
v 2.599140 0.425943 0.620930
v 3.894530 1.252387 2.243348
v 2.344769 0.442877 0.594435
v 3.856603 1.150869 1.706958
v 2.287757 0.353568 1.677184
v 2.295258 -0.302157 2.242506
v 3.916243 1.291844 2.098661
v 2.240041 0.552298 0.459713
v 2.479303 0.102914 1.393794
v 3.881624 1.012620 2.407372
v 2.262356 0.479637 0.550695
v 3.867004 1.343692 1.930265
v 2.422930 -0.826805 0.450721
v 2.554436 -0.221565 1.485330
v 2.373959 0.060225 1.722048
v 3.683337 1.527343 1.356145
v 3.912236 0.823537 1.690318
v 3.923680 1.017565 2.260814
v 1.854569 1.376218 1.525443
v 3.700027 1.422616 0.745875
v 3.825547 0.753220 2.407372
v 2.213274 1.419968 0.954916
v 2.339644 -0.237529 1.786888
v 3.475048 1.029177 0.412780
v 3.543962 0.334939 1.707785
v 2.264397 0.642946 0.346810
v 2.318811 -0.279461 2.137447
v 2.259973 1.080277 0.560781
v 2.381910 -1.144435 0.383809
v 3.888332 1.205185 1.907172
v 3.826694 0.236349 2.007851
v 3.307144 0.615100 0.209343
v 2.500096 -1.188791 0.421220
v 3.765673 1.401838 1.351306
v 3.951851 0.556721 2.123302
v 3.910563 1.012726 1.691768
v 2.013514 0.654871 2.262517
v 1.961881 1.262645 1.511273
v 2.116559 0.741947 1.797076
v 3.691356 1.282860 0.801697
v 2.040256 0.649504 2.407372
v 3.761815 0.183577 2.407372
v 2.029623 1.012390 1.949873
v 2.188208 1.316172 0.980946
v 2.879359 -0.827080 0.339972
v 3.478313 0.947699 0.476164
v 3.766237 0.601335 2.407372
v 4.028617 0.871666 2.100826
v 2.682883 -0.195379 1.475076
v 2.238737 1.001277 0.606292
v 3.911658 1.081006 1.920121
v 2.340680 -0.005116 2.157038
v 3.304014 0.566226 0.283916
v 3.792483 1.228645 1.383521
v 1.884168 0.799080 2.407372
v 2.057383 0.873077 1.769808
v 1.941162 0.769297 2.247163
v 2.013548 1.146885 1.499230
v 1.970628 0.803449 2.138386
v 3.686596 1.155793 0.853465
v 3.724991 0.485084 1.807460
v 3.922531 0.718783 2.291012
v 2.157583 1.190709 1.012337
v 3.483226 0.894803 0.535181
v 3.747944 0.408434 2.407372
v 2.230552 0.913741 0.632431
v 2.833198 -1.004987 0.391616
v 3.971716 0.928136 1.906906
v 3.841663 0.182791 2.330906
v 2.626885 0.147236 1.369737
v 2.764089 -0.946906 0.429333
v 3.832647 1.087185 1.397807
v 2.934493 -0.936695 0.112090
v 3.882804 0.648726 1.721622
v 2.971997 -1.037343 0.214317
v 2.043336 1.020536 1.513405
v 2.416207 0.437732 0.607039
v 3.664137 1.021975 0.920682
v 2.327723 -0.264052 2.019336
v 3.696122 -0.045242 2.407372
v 2.352004 0.020498 2.014798
v 2.174886 1.087419 1.055465
v 2.281045 0.276481 2.183155
v 3.451163 0.777459 0.597663
v 3.305128 0.665157 0.140393
v 3.719653 -0.287030 2.407372
v 1.980733 0.662480 2.006019
v 2.224226 0.840005 0.681401
v 3.956708 0.751867 1.910006
v 3.835366 -0.018269 2.001036
v 3.207481 0.469215 0.452952
v 3.811740 0.899441 1.428574
v 2.168612 0.454815 2.407372
v 2.149765 0.534251 1.812371
v 2.115411 0.432174 2.275838
v 2.084105 0.901435 1.547359
v 3.855516 0.394121 2.153411
v 3.597296 0.879091 1.004900
v 2.181883 0.968239 1.097583
v 2.143274 0.485338 2.151936
v 3.370844 0.695952 0.686474
v 3.792358 0.404146 2.295161
v 2.221443 0.772890 0.728250
v 3.658011 0.287831 1.879828
v 3.947912 0.606062 1.927996
v 3.820956 -0.281940 1.989530
v 3.092368 0.451461 0.521667
v 2.696762 -1.188843 0.451644
v 3.760140 0.709855 1.482382
v 2.348787 0.037595 1.880894
v 2.395798 -1.079573 0.432881
v 2.488495 -0.171057 0.050729
v 1.967291 0.711215 1.617741
v 2.325248 -0.253668 1.915716
v 3.474091 0.730639 1.098571
v 3.230668 0.144594 1.513427
v 2.919536 -0.226155 -0.049500
v 3.199907 -0.146092 1.648366
v 2.203789 0.829617 1.148055
v 2.583570 -0.172655 -0.001039
v 3.240280 0.651588 0.782777
v 2.653905 -0.181762 -0.032864
v 2.644491 -1.097486 0.472880
v 3.877702 -0.293261 2.126076
v 2.230122 0.702970 0.773562
v 3.814574 0.426548 1.973468
v 3.752460 -0.071177 2.208443
v 2.943087 0.444684 0.568590
v 3.617739 0.547550 1.603720
v 2.237110 0.603564 1.625820
v 2.324975 0.584315 1.147956
v 3.255894 0.596197 1.221358
v 2.955728 0.546865 1.173139
v 2.706967 0.551033 1.157919
v 2.444857 0.551618 1.134016
v 2.252761 0.649814 1.208925
v 2.343090 0.592938 0.835961
v 3.055075 0.589743 0.851529
v 2.828075 0.580744 0.879804
v 2.612803 0.589102 0.882618
v 2.427975 0.605385 0.862193
v 2.255283 0.642751 0.808229
v 2.986818 -0.242597 -0.031513
v 3.031308 -0.263797 -0.002724
v 2.484132 -1.115121 0.462871
v 3.759501 -0.061319 2.281577
v 2.817901 -0.207469 -0.058582
v 3.829580 -0.311785 2.304482
v 2.778397 0.428877 0.607134
v 2.300299 0.311929 2.038576
v 2.401181 0.347942 1.246923
v 2.287837 0.401067 1.358147
v 2.288291 -0.036715 2.407372
v 2.268433 -0.310504 2.407372
v 3.758095 -0.257182 1.860870
v 3.761617 0.032316 1.858691
v 2.431000 -0.228002 1.558703
v 2.397723 0.099029 1.473637
v 3.553835 0.075315 1.747632
v 3.585580 -0.197937 1.707178
v 3.048187 -0.115422 1.519877
v 3.014192 0.167785 1.467904
v 2.829395 0.147506 1.393845
v 2.896889 -0.124513 1.463867
v 2.720038 1.698767 0.131275
v 2.429786 1.474196 0.634296
v 3.179061 1.608629 0.064139
v 3.518832 1.447083 0.444765
v 2.272940 1.360772 0.702668
v 2.558734 1.572025 0.560982
v 2.346542 1.426681 0.668241
v 3.596319 1.379212 0.472862
v 2.948034 1.670819 0.106805
v 3.365189 1.550261 0.059859
v 2.234036 1.274444 0.742077
v 3.663823 1.273043 0.503210
v 2.211514 1.181064 0.781525
v 3.649697 1.150171 0.586596
v 2.198960 1.082536 0.823630
v 3.618629 1.048145 0.665952
v 2.199352 0.993615 0.867957
v 3.583730 0.929487 0.750528
v 2.199308 0.927608 0.904785
v 3.504116 0.813015 0.843657
v 2.210737 0.825442 0.954207
v 3.364532 0.709738 0.933364
v 2.445658 0.635585 1.000397
v 2.248049 0.725842 0.993228
v 2.320160 0.668364 0.994650
v 3.153641 0.632939 1.000361
v 2.891746 0.613253 1.017316
v 2.690792 0.625356 1.039545
v 2.795031 1.839537 0.945957
v 2.415984 1.737246 1.083791
v 3.219464 1.871813 0.944383
v 3.493151 1.797755 0.982707
v 1.970762 1.625318 1.252582
v 2.596480 1.784109 1.004254
v 2.174950 1.691171 1.191638
v 3.600982 1.605300 1.014949
v 3.010042 1.875793 0.944466
v 3.377308 1.749261 0.955211
v 3.413098 0.370625 1.541955
v 1.962105 1.451501 1.279580
v 3.653813 1.479067 1.033643
v 2.285013 0.388063 1.503508
v 1.719534 1.279718 1.398256
v 3.712730 1.356165 1.056975
v 2.003175 1.193005 1.304334
v 3.737693 1.218494 1.092484
v 2.093441 1.083510 1.284685
v 3.737774 1.091817 1.116373
v 2.134062 0.956414 1.309542
v 3.702652 0.925063 1.172345
v 2.185838 0.812121 1.360638
v 3.612813 0.737897 1.267121
v 2.233312 0.625732 1.422031
v 3.475364 0.582403 1.412653
v 3.407265 0.113015 1.610955
v 3.389810 -0.131090 1.623949
v 2.378269 0.083019 1.579854
v 2.381928 -0.234129 1.655472
v 2.589111 2.057720 1.623877
v 4.268567 2.204284 1.824195
v 3.972772 2.374057 1.687773
v 3.654763 2.368222 1.607120
v 3.383317 2.350411 1.552752
v 3.199511 2.317716 1.511050
v 3.022943 2.227555 1.414740
v 2.984365 2.076424 1.407298
v 2.851963 1.812299 1.284061
v 2.306333 1.986517 1.773943
v 2.320227 2.139490 1.990145
v 2.258787 2.102034 2.233410
v 2.153843 2.029958 2.407372
v 4.590468 2.104724 2.407372
v 4.576804 2.101691 2.310885
v 4.537807 2.090191 2.151631
v 4.472472 2.116170 1.965519
v 3.796299 -3.187571 0.812259
v 3.423158 -1.035054 2.407372
v 2.438789 -1.035459 2.100978
v 2.721990 -0.680332 1.418807
v 3.771480 -3.168314 0.730057
v 3.758798 -3.084969 0.847473
v 3.534792 -0.986889 2.407372
v 3.644614 -0.878421 2.407372
v 2.321074 -1.017025 1.682515
v 2.361348 -1.076728 2.016518
v 2.826136 -0.652174 1.393904
v 2.738221 -1.568247 1.560873
v 3.649987 -1.521878 1.624778
v 2.661677 -2.606723 1.473403
v 2.730051 -1.536840 1.482051
v 2.847617 -1.439807 1.306828
v 3.278010 -2.386372 1.555943
v 2.325851 -1.088844 1.876206
v 3.702754 -0.633296 2.407372
v 2.784966 -1.616930 1.823827
v 3.311499 -3.230873 1.116489
v 2.701365 -2.465958 1.384540
v 2.744943 -2.387965 1.244394
v 3.686371 -2.963002 1.247429
v 2.773109 -2.528448 1.657123
v 3.512592 -3.220194 0.899859
v 3.708084 -0.673090 1.850915
v 2.312822 -1.054941 1.803045
v 3.291319 -0.630355 1.441977
v 3.744726 -0.695274 1.985504
v 2.858326 -0.963948 2.407372
v 3.276128 -3.209505 1.029967
v 3.602622 -1.499231 1.527712
v 2.768566 -1.470845 1.353943
v 3.265440 -3.115628 0.885125
v 3.771959 -0.719673 2.130879
v 3.225577 -0.980824 2.407372
v 3.431145 -3.175388 0.858863
v 3.353370 -3.271575 1.363795
v 3.078664 -0.897259 2.407372
v 3.572114 -3.292046 1.332486
v 3.414310 -3.213798 0.911561
v 3.242169 -2.373244 1.486030
v 2.697639 -2.413921 1.274198
v 3.785602 -3.217761 0.910330
v 3.171276 -1.416060 1.298562
v 3.598437 -3.194807 0.889714
v 3.949514 -3.299505 0.841408
v 3.801637 -3.073088 0.936987
v 3.577343 -3.234457 0.972910
v 3.652346 -2.949840 1.157944
v 3.238162 -3.151759 0.905675
v 3.384577 -3.166770 0.881641
v 2.992868 -2.336334 1.249393
v 0.655004 -1.800798 2.407372
v 3.644793 -0.646524 1.729515
v 2.524286 -0.788216 1.419762
v 3.537974 -0.618508 1.616015
v 3.149868 -0.634704 1.399437
v 3.020531 -0.640500 1.381078
v 3.524225 -3.257344 1.062372
v 3.474473 -3.246333 0.975657
v 3.668711 -3.211357 0.962272
v 3.580518 -3.277557 1.230464
v 3.562719 -3.268914 1.149759
v 3.631854 -3.241650 1.058083
v 3.426229 -0.599019 1.510347
v 2.362362 -0.939343 1.501925
v 3.751286 3.020992 2.373327
v 2.460971 2.683516 2.368172
v 4.149843 1.397853 2.374650
v 3.637617 3.067894 2.372611
v 3.503196 3.082427 2.370501
v 3.355535 3.113338 2.363601
v 3.207455 3.131157 2.329564
v 3.017805 3.070518 2.349035
v 2.744997 2.953424 2.353333
v 2.571656 2.838490 2.353815
v 1.929179 1.676506 2.386966
v 2.002949 1.728306 2.384055
v 2.054006 1.816531 2.412796
v 2.160366 2.037901 2.370421
v 2.178170 2.092156 2.358216
v 2.282857 2.263860 2.354669
v 2.374806 2.477239 2.358059
v 3.673271 1.544571 2.374886
v 3.756119 1.571147 2.377935
v 3.862030 1.602919 2.389310
v 2.032693 1.635304 2.384987
v 3.753128 1.465956 2.378141
v 4.549983 1.399437 2.394063
v 4.613053 1.574505 2.390550
v 4.539398 1.706504 2.390159
v 4.696135 2.014595 2.387794
v 4.482038 2.202633 2.388207
v 4.097232 2.762876 2.371644
v 3.905736 2.939696 2.372817
v 4.353504 2.326275 2.372070
v 4.277841 2.532420 2.371165
v 2.217738 2.144799 2.352817
v 2.255282 2.196263 2.355723
v 4.705469 1.846538 2.385180
v 2.133106 1.920151 2.399878
v 4.264831 1.406462 2.375009
v 4.434886 1.423086 2.391141
v 2.021622 1.655654 2.386096
v 1.940971 1.662912 2.388089
v 1.980353 1.661362 2.387525
v 4.361524 1.399829 2.391879
v 1.907739 1.486077 2.385111
v 3.857053 1.387432 2.375560
v 3.877758 1.134289 2.367304
v 1.977296 1.590719 2.384565
v 3.881598 0.882389 2.379582
v 3.777651 0.599078 2.378478
v 1.718521 1.108008 2.395513
v 1.882989 0.794911 2.345355
v 1.832222 1.358258 2.377997
v 1.785452 1.008133 2.366040
v 3.907845 1.254766 2.364425
v 3.886914 1.012740 2.372133
v 3.839351 0.751463 2.380222
v 2.151685 0.450610 2.374304
v 3.746866 0.411478 2.376113
v 2.029471 0.649317 2.359294
v 1.831256 0.912391 2.363926
v 3.773757 0.183558 2.386860
v 2.220290 0.216277 2.373674
v 2.294633 -0.037584 2.357755
v 2.283800 -0.316283 2.323072
v 3.714141 -0.047383 2.363691
v 3.739340 -0.300117 2.376298
v 4.588262 2.104154 2.389244
v 2.169506 2.068257 2.363153
v 3.654447 -0.955308 2.331409
v 2.844415 -1.123569 2.240856
v 3.528598 -1.115180 2.307381
v 3.412286 -1.169028 2.298725
v 3.235613 -1.164470 2.275654
v 3.096308 -1.131352 2.259367
v 2.492920 -1.068820 2.165666
v 3.729512 -0.750343 2.279030
v 2.807993 -1.900137 1.278522
v 2.726040 -1.980907 1.428059
v 2.839217 -2.936805 1.092211
v 2.837790 -3.027429 1.242735
v 3.510108 -1.949250 1.567266
v 2.738639 -2.008840 1.502452
v 3.288359 -2.808461 1.436340
v 2.868742 -3.047817 1.321322
v 3.178639 -0.987014 1.343351
v 3.219563 -1.876865 1.296671
v 3.524139 -1.981132 1.754380
v 2.877207 -1.886039 1.266328
v 3.532368 -1.960805 1.648299
v 2.707378 -1.055944 1.420753
v 3.677747 -1.024499 1.575967
v 2.752805 -2.030905 1.571517
v 2.767279 -2.045847 1.648542
v 3.178340 -2.727726 1.136872
v 3.407669 -1.918777 1.407323
v 2.995270 -1.872536 1.263126
v 2.623313 -1.290030 1.967318
v 3.317025 -2.840652 1.553904
v 2.813505 -1.011625 1.356081
v 2.595770 -1.194910 1.578634
v 3.741858 -1.064000 1.726268
v 2.592970 -1.231546 1.677546
v 2.889819 -2.901257 1.085014
v 3.308563 -2.822664 1.488824
v 2.894356 -3.066507 1.383339
v 2.906879 -3.073979 1.431626
v 3.314755 -0.989684 1.372444
v 3.722606 -1.114530 1.973042
v 2.896201 -0.994556 1.336303
v 3.725851 -1.089386 1.849115
v 2.614672 -1.238806 1.743348
v 2.622878 -1.261863 1.833963
v 3.562292 -1.005850 1.491972
v 3.058840 -0.988322 1.330353
v 3.221861 -2.776767 1.281722
v 3.472283 -2.075505 1.896286
v 2.919149 -2.121279 1.893630
v 3.615327 -1.289496 2.161350
v 2.899134 -1.359492 2.107113
v 3.508441 -1.385179 2.168893
v 3.388772 -1.426721 2.159784
v 3.252960 -1.425846 2.138375
v 3.103249 -1.375943 2.119339
v 2.678277 -1.336162 2.085819
v 3.448454 -0.995227 1.420661
v 2.659894 -1.112334 1.480254
v 3.692673 -1.167781 2.105876
v 3.724186 -3.219191 1.049319
v 3.444526 -2.998021 0.892346
v 3.726446 -3.188246 0.734889
v 3.294907 -1.427051 1.325768
v 3.816195 -3.204707 1.029301
v 3.680472 -1.556958 1.833360
v 2.919523 -1.426414 1.292305
v 3.676512 -1.539292 1.721736
v 2.754574 -1.590036 1.631409
v 2.772513 -1.609893 1.717999
v 3.536618 -1.475853 1.433486
v 3.058151 -1.416689 1.288769
v 3.876999 -3.173581 1.022484
v 3.829901 -3.063124 1.058972
v 3.873127 -3.087653 1.149554
v 4.039057 -3.329932 1.072921
v 3.586555 -1.691302 2.002550
v 2.944922 -1.715321 1.984262
v 3.491779 -1.772586 2.011891
v 3.379844 -1.814428 2.012482
v 3.249850 -1.817315 2.009647
v 3.105663 -1.782978 2.000252
v 2.830806 -1.645581 1.926003
v 3.421039 -1.446669 1.368647
v 2.742988 -1.499098 1.407128
v 3.653122 -1.601472 1.950761
v 2.779630 -2.044341 1.736481
v 2.955254 -2.861553 1.091604
v 3.467466 -1.934724 1.486957
v 2.745356 -1.925709 1.314301
v 3.323779 -2.952349 1.669667
v 3.106232 -1.867349 1.269747
v 3.026114 -3.116428 1.631763
v 3.397839 -2.147459 1.908816
v 3.303130 -2.184802 1.918514
v 3.186851 -2.190117 1.926102
v 3.058695 -2.172915 1.918373
v 2.822118 -2.068296 1.835514
v 3.330986 -1.898815 1.338489
v 2.725464 -1.951665 1.361828
v 3.516555 -1.994303 1.852733
v 3.877067 -3.243005 1.122863
v 3.768113 -3.230880 1.139642
v 3.676191 -3.250694 1.144701
v 3.094322 -2.324232 1.278310
v 3.702409 -3.262505 1.227372
v 3.307249 -2.409751 1.695087
v 2.804837 -2.370010 1.235307
v 3.299272 -2.397478 1.620409
v 2.743706 -2.510067 1.518163
v 2.759189 -2.521296 1.581701
v 3.193680 -2.359399 1.410404
v 2.901119 -2.350363 1.237145
v 3.883630 -3.097600 1.254240
v 3.924609 -3.202288 1.229689
v 3.881100 -3.239778 1.224354
v 3.796568 -3.247110 1.226604
v 3.275267 -2.511409 1.823346
v 2.895144 -2.583655 1.795557
v 3.229635 -2.573772 1.829767
v 3.165200 -2.607387 1.830975
v 3.080525 -2.615474 1.830889
v 3.011650 -2.612121 1.813957
v 2.808231 -2.549059 1.748307
v 3.144483 -2.334697 1.343058
v 2.639932 -2.529973 1.296934
v 3.300613 -2.443647 1.787552
v 2.913615 -3.084576 1.493801
v 3.254567 -2.795299 1.368163
v 2.812195 -2.969665 1.117642
v 3.036523 -2.814718 1.109941
v 3.309640 -3.018270 1.659155
v 3.271851 -3.062934 1.650583
v 3.210827 -3.092441 1.644621
v 3.126908 -3.111306 1.639849
v 2.935093 -3.103674 1.595137
v 3.213512 -2.737003 1.199704
v 2.813656 -3.003347 1.167882
v 3.316878 -2.880789 1.655236
v 3.699898 -3.187737 0.851979
v 3.590133 -3.136523 0.818037
v 3.505700 -3.159535 0.842995
v 3.512315 -2.956116 0.916899
v 3.909902 -3.147322 1.372529
v 3.717206 -3.003955 1.426841
v 3.317723 -3.074538 0.879919
v 3.708656 -2.980642 1.328305
v 3.340894 -3.249828 1.199942
v 3.353355 -3.258636 1.275027
v 3.609675 -2.944440 1.060496
v 3.382284 -3.035698 0.881653
v 4.052690 -3.360842 1.312085
v 3.912023 -3.295249 1.339618
v 3.799531 -3.274013 1.339151
v 3.696961 -3.281740 1.333667
v 3.788105 -3.155992 1.566948
v 3.446377 -3.290783 1.499074
v 3.988918 -3.449614 1.611763
v 3.749988 -3.269981 1.539231
v 3.649741 -3.261534 1.520177
v 3.555364 -3.277346 1.510014
v 3.318468 -3.282532 1.486572
v 3.570181 -2.940816 0.972270
v 3.246315 -3.185093 0.954750
v 3.678746 -3.029597 1.563335
v 2.879968 0.217686 -0.102614
v 3.140773 0.139527 -0.018021
v 3.086057 0.165607 -0.056839
v 2.678319 0.246199 -0.071841
v 2.590343 0.250691 -0.028502
v 3.004342 0.190614 -0.086833
v 2.470784 0.238479 0.040834
v 2.839244 -0.630102 0.270569
v 2.460910 -0.603979 0.367765
v 2.518780 -0.493395 0.105269
v 3.130469 -0.049550 0.278900
v 2.475865 -0.524559 0.150949
v 2.403217 -0.087797 0.479096
v 2.895323 -0.586596 0.091662
v 2.884765 -0.564020 0.059890
v 2.427068 0.216982 0.077018
v 2.390146 0.185704 0.119322
v 2.497727 -0.504860 0.125257
v 3.161785 0.112326 0.026811
v 2.356893 0.148210 0.164674
v 3.069200 -0.078335 0.350365
v 3.008978 -0.104774 0.425035
v 3.162137 0.037057 0.138244
v 2.325211 0.108629 0.210245
v 3.162964 0.079133 0.078633
v 2.714381 -0.159717 0.600284
v 3.157053 -0.008110 0.205524
v 2.296202 0.070116 0.255442
v 2.257256 0.003668 0.348835
v 2.256861 -0.022930 0.391855
v 2.271851 -0.044516 0.425898
v 2.272074 0.034808 0.301894
v 2.566915 -0.134177 0.557046
v 2.884109 -0.173350 0.573612
v 2.345170 -0.075805 0.466050
v 2.564055 -0.882314 0.115130
v 3.048101 -0.286230 0.035176
v 2.921040 -0.833543 0.038031
v 2.485511 -0.648601 0.081116
v 2.896604 -0.703249 -0.005513
v 2.569013 -0.718014 0.065133
v 2.638095 -0.741327 0.049296
v 2.391773 -0.236299 0.155159
v 2.642805 -0.925283 0.106761
v 2.944740 -0.398510 0.323955
v 2.865513 -0.399762 0.372055
v 3.041395 -0.338820 0.136605
v 2.359446 -0.262843 0.193887
v 3.047027 -0.310672 0.081778
v 2.935991 -0.669626 -0.010534
v 2.662359 -0.400618 0.421382
v 2.956229 -0.718389 0.020758
v 3.029332 -0.366574 0.198551
v 2.328142 -0.286922 0.232054
v 2.287964 -0.322531 0.310916
v 2.286426 -0.333763 0.346754
v 2.298232 -0.343190 0.375020
v 2.302821 -0.307081 0.271319
v 2.546172 -0.396648 0.424021
v 2.802393 -0.933897 0.078990
v 2.767513 -0.397069 0.402624
v 2.360618 -0.367909 0.409874
v 2.789110 -0.746151 0.018472
v 2.581627 -0.512333 0.078177
v 2.814557 -0.542104 0.034240
v 2.629968 -0.524893 0.060209
v 2.742705 -0.541273 0.038581
v 2.859380 -0.545321 0.038921
v 2.449944 -0.544827 0.179368
v 2.798522 -0.623504 0.311463
v 2.748538 -0.611189 0.342113
v 2.890964 -0.616824 0.175873
v 2.425200 -0.561430 0.207854
v 2.897245 -0.608645 0.133095
v 2.631437 -0.604166 0.371279
v 2.871761 -0.631120 0.224535
v 2.402150 -0.573958 0.235681
v 2.375940 -0.579300 0.292566
v 2.372473 -0.573282 0.316449
v 2.377282 -0.566135 0.332829
v 2.386496 -0.580136 0.264024
v 2.556608 -0.610797 0.374578
v 2.691918 -0.598562 0.360713
v 2.423209 -0.593283 0.359831
v 2.802206 -1.085112 0.168691
v 2.971980 -0.775325 0.079464
v 2.301306 -1.173675 0.310329
v 2.496714 -1.285741 0.346877
v 2.783055 -1.333950 0.410346
v 2.796259 -1.261534 0.314491
v 2.390516 -1.142712 0.261405
v 2.382499 -0.785139 0.189886
v 2.957656 -1.115318 0.303525
v 2.813993 -0.796746 0.386568
v 2.754677 -0.758117 0.418863
v 3.014446 -0.818922 0.216594
v 2.340669 -0.816712 0.232028
v 3.010413 -0.844995 0.162679
v 2.531049 -1.228498 0.284099
v 2.657898 -0.758518 0.444936
v 2.705759 -0.868116 0.451815
v 2.969581 -0.863209 0.288467
v 2.316280 -0.835940 0.270715
v 2.307214 -0.815872 0.352077
v 2.296508 -0.777978 0.382060
v 2.296759 -0.726993 0.388556
v 2.313815 -0.836621 0.309290
v 2.555977 -0.811301 0.456684
v 2.594171 -0.974857 0.478829
v 2.706841 -0.715246 0.429286
v 2.363652 -0.812984 0.436447
v 2.377392 -0.975392 0.458149
v 3.721218 2.890191 1.810577
v 3.593107 3.112982 1.701027
v 3.658972 3.012468 1.822497
v 3.598247 2.986049 1.777515
v 3.555965 3.097980 1.665459
v 3.490680 3.095665 1.563505
v 3.448682 2.929726 1.578636
v 3.604604 2.832187 1.728960
v 3.486835 2.829687 1.661081
v 3.407120 2.820503 1.632477
v 3.765208 2.936190 1.882346
v 3.514669 3.285873 1.613281
v 3.509266 3.286149 1.605871
v 3.501833 3.288020 1.602043
v 3.494655 3.283163 1.594057
v 3.522487 3.282543 1.622670
v 3.523422 3.088385 1.576595
v 3.507741 2.932994 1.602960
v 3.547871 2.953078 1.695266
v 3.549854 3.088267 1.609834
v 2.850044 2.625446 1.458622
v 2.815496 0.901020 -0.148021
v 2.880427 3.001912 2.407372
v 2.893241 3.030160 2.169794
v 2.913147 2.967173 1.883929
v 2.862219 2.803381 1.561849
v 2.946203 1.786790 1.593920
v 2.947266 1.773891 1.499189
v 2.964631 1.828087 1.454283
v 2.996048 2.082960 1.446893
v 3.034776 2.206529 1.404213
v 2.990674 2.427169 1.421628
v 2.921636 2.527541 1.411772
v 2.912545 1.677169 1.392268
v 3.043345 2.271659 1.397837
v 3.000675 2.344417 1.373228
v 2.985774 1.969215 1.476835
v 2.899579 1.718551 1.647448
v 2.929468 1.766010 1.643052
v 2.911297 1.743227 1.671033
v 2.724871 -0.942158 0.094004
v 2.592982 0.382727 1.280983
v 2.714618 -1.093023 0.177380
v 2.623995 -1.302884 0.423157
v 2.607042 -1.203191 0.445449
v 2.965483 1.810084 1.136793
v 2.878284 1.821044 0.669365
v 2.851589 1.356559 0.265273
v 2.735193 -0.193885 -0.053883
v 2.568841 -1.120140 0.475689
v 2.578165 0.550768 1.149325
v 2.518022 0.596777 0.871320
v 2.501165 0.430345 0.615669
v 2.722636 0.150856 1.383388
v 2.790783 -0.157627 1.467262
v 2.557950 0.628393 1.015232
v 2.842985 1.699247 0.106304
v 2.906988 1.867108 0.944290
v 3.003909 2.152163 1.411168
v 3.846456 -3.274922 1.341922
v 3.545586 -3.144190 0.835200
v 3.716595 -3.203347 0.946288
v 3.812176 -3.225664 1.134419
v 3.836495 -3.240873 1.225904
v 3.330673 -1.033717 2.407372
v 2.920010 -0.648016 1.380891
v 3.327091 -1.176405 2.287970
v 2.880583 3.011019 2.354607
v 2.971471 -0.992378 1.329355
v 3.320916 -1.426244 2.149067
v 2.984096 -1.420576 1.287769
v 3.314859 -1.815830 2.011059
v 2.932961 -1.878777 1.263466
v 3.244995 -2.187460 1.922307
v 2.851475 -2.359586 1.234825
v 3.122864 -2.611424 1.830933
v 2.922534 -2.881403 1.088311
v 3.241334 -3.077677 1.647601
v 3.766995 -3.208560 1.040562
v 3.350665 -3.054145 0.881449
v 3.644345 -3.185647 0.875202
v 3.691477 -3.256803 1.527633
v 2.778548 0.234607 -0.098807
v 2.685847 -0.534861 0.046041
v 2.454187 -0.108977 0.519855
v 2.714788 -0.750606 0.032816
v 2.468447 -0.396530 0.412992
v 2.504570 -0.611778 0.369362
v 2.671597 -1.264558 0.301700
v 2.642355 -1.325297 0.378565
v 2.523500 -0.997728 0.482900
v 2.489471 -0.825195 0.456491
v 3.737315 3.007257 2.172399
v 2.419937 2.530193 1.971465
v 4.127840 1.402692 2.197256
v 3.632520 3.061779 2.162317
v 3.511589 3.133428 2.138810
v 3.361058 3.123821 2.120137
v 3.233620 3.147150 2.038927
v 3.136420 3.251647 1.879184
v 2.636920 2.821616 1.988471
v 2.547879 2.698988 1.907721
v 2.169580 1.751078 2.195239
v 2.154671 1.769904 2.188466
v 2.154339 1.839545 2.166194
v 2.298318 2.077460 2.130068
v 2.301878 2.165720 2.094099
v 2.278709 2.286208 2.040191
v 2.327803 2.386875 1.980582
v 2.108526 1.647875 2.225522
v 3.772174 1.489526 2.160192
v 3.743726 1.578612 2.161039
v 3.778762 1.616024 2.189876
v 3.853669 1.621748 2.228492
v 4.507856 1.401453 2.258298
v 4.591950 1.586325 2.242508
v 4.549322 1.725314 2.241407
v 4.668142 2.015472 2.221248
v 4.425634 2.156657 2.225214
v 4.083406 2.739657 2.160987
v 3.893082 2.936214 2.153554
v 4.329407 2.312273 2.165186
v 4.261877 2.515717 2.156956
v 2.274851 2.197751 2.086470
v 2.264775 2.228351 2.074180
v 4.648808 1.876637 2.249073
v 2.150512 2.068696 2.117981
v 4.237749 1.413996 2.219715
v 4.388380 1.397030 2.273450
v 2.152859 1.694883 2.214067
v 2.173279 1.735197 2.202522
v 2.169002 1.718906 2.208375
v 4.325549 1.400087 2.260546
v 1.946307 1.477127 2.241537
v 3.827397 1.384142 2.161307
v 3.919908 1.145913 2.182505
v 4.011784 0.866880 2.213273
v 3.912429 0.543022 2.233623
v 2.037999 1.584893 2.245809
v 1.858351 1.153957 2.231456
v 1.842925 1.300807 2.235042
v 1.885405 1.057597 2.210248
v 1.956920 0.766147 2.213495
v 2.123083 0.453976 2.201279
v 3.904536 1.269599 2.176714
v 3.948643 1.026634 2.192069
v 3.978481 0.696976 2.217732
v 1.885294 0.899802 2.215449
v 3.833922 0.396764 2.243688
v 2.021422 0.662728 2.204728
v 3.879405 0.191490 2.284471
v 2.241334 0.235638 2.242850
v 3.778809 -0.067354 2.241044
v 3.875189 -0.309263 2.240676
v 2.318567 -0.022964 2.233117
v 2.303253 -0.292760 2.205269
v 4.560459 2.099664 2.231060
v 2.307276 2.127504 2.106737
v 3.698998 -3.271398 1.280823
v 3.795542 -3.257904 1.283646
v 3.886647 -3.257009 1.286034
v 3.949499 -3.239960 1.290005
v 3.891864 -3.117553 1.315464
v 3.759226 -0.707384 2.063143
v 2.409266 -1.040256 2.075043
v 3.721522 -1.101921 1.910272
v 2.612985 -1.284014 1.914609
v 3.678512 -1.548147 1.777565
v 2.777623 -1.613795 1.778986
v 3.525118 -1.972333 1.703665
v 2.772861 -2.044368 1.696176
v 3.303260 -2.403614 1.657748
v 2.703823 -2.641195 1.639332
v 3.312794 -2.831658 1.521366
v 2.910247 -3.079280 1.462713
v 3.576206 -3.284652 1.281628
v 3.712489 -2.991849 1.377560
v 3.353350 -3.265127 1.319412
v 3.837038 -3.253175 1.285421
v 2.925894 3.025941 2.004419
v 2.465144 2.455148 1.702852
v 4.038676 1.467202 2.057502
v 3.239400 3.092772 1.878278
v 3.055709 3.004678 1.823644
v 2.665854 2.776217 1.592503
v 2.603069 2.633160 1.603626
v 2.270831 1.776270 2.007835
v 2.246621 1.789897 1.982938
v 2.194385 1.862761 1.938022
v 2.320796 2.026927 1.901787
v 2.323771 2.098467 1.836475
v 2.401017 2.319693 1.850024
v 2.403727 2.368840 1.785962
v 2.152348 1.684920 2.054198
v 3.735975 1.530703 1.992503
v 3.683798 1.634679 1.983383
v 3.743761 1.668333 2.029233
v 3.824851 1.659809 2.070384
v 4.361029 1.478261 2.117956
v 4.515373 1.590199 2.070855
v 4.533868 1.748404 2.091683
v 4.587630 2.014201 2.075547
v 4.412817 2.201624 2.036596
v 4.048603 2.706340 2.016228
v 3.868804 2.907193 2.012046
v 3.523290 3.366395 1.567827
v 3.516695 3.372483 1.567268
v 3.509173 3.376879 1.566804
v 3.500926 3.379075 1.564903
v 3.487729 3.364286 1.570794
v 3.536366 3.339000 1.583783
v 3.356492 3.154988 1.805775
v 3.429977 3.229993 1.666134
v 3.736330 3.022291 1.892945
v 3.659334 3.142259 1.725213
v 4.270798 2.285128 2.027871
v 4.156825 2.457309 2.027881
v 2.396979 2.228320 1.851572
v 2.405679 2.281092 1.857378
v 4.560539 1.907589 2.094013
v 2.262818 1.959985 1.933111
v 4.142904 1.467308 2.095654
v 4.272587 1.482711 2.115914
v 2.244839 1.723917 2.045800
v 2.272380 1.763044 2.028327
v 2.263730 1.747526 2.040553
v 4.218067 1.476069 2.114769
v 1.820926 1.527780 2.192833
v 3.931107 1.178456 2.002025
v 3.996755 0.892755 2.011588
v 3.959789 0.583807 2.035670
v 3.786502 1.437524 2.014960
v 2.136988 1.599936 2.058479
v 1.911737 1.171209 2.043048
v 1.851576 1.325082 2.126949
v 1.951433 1.082105 2.020999
v 1.931436 0.773742 2.004990
v 2.144223 0.498060 2.104731
v 3.901476 1.327761 2.012447
v 3.938822 1.054461 2.017141
v 3.970602 0.723435 2.017805
v 1.958549 0.978641 2.014794
v 1.998539 0.660947 2.110957
v 3.852716 0.400334 2.068717
v 3.880640 0.217548 2.100019
v 2.296530 0.297653 2.106708
v 2.349699 0.007043 2.096966
v 2.326481 -0.271836 2.089014
v 3.722229 -0.050772 2.101845
v 3.810073 -0.288029 2.067096
v 4.509118 2.107933 2.058342
v 2.312623 2.044396 1.869583
v 3.876562 -3.090717 1.201490
v 3.955391 -3.237392 1.162614
v 3.878176 -3.240552 1.172655
v 3.781679 -3.238266 1.183149
v 3.688906 -3.256131 1.186149
v 2.333530 -1.096308 1.953785
v 3.729393 -0.685673 1.924307
v 2.625700 -1.248417 1.791921
v 3.733860 -1.077522 1.794028
v 2.765861 -1.602353 1.679953
v 3.663266 -1.530692 1.673261
v 2.760991 -2.040287 1.614045
v 3.521717 -1.954789 1.607436
v 2.685284 -2.565896 1.571489
v 3.288641 -2.391923 1.588175
v 2.900618 -3.070242 1.407482
v 3.298459 -2.815559 1.462581
v 3.571522 -3.273053 1.190181
v 3.347112 -3.254288 1.237454
v 3.697283 -2.971578 1.287868
v 3.823880 -3.232801 1.179831
v 2.869770 2.872066 1.716131
v 3.733737 3.003587 2.135333
v 3.625769 3.051752 2.126725
v 3.506925 3.117337 2.097954
v 3.364068 3.116749 2.079659
v 3.129993 3.206326 1.854004
v 2.436188 2.762885 1.797454
v 2.552113 2.640803 1.781530
v 2.013656 1.668961 2.220820
v 3.751064 1.587453 2.114956
v 3.776703 1.627416 2.150728
v 3.850310 1.627006 2.191591
v 4.494971 1.369432 2.232422
v 4.587929 1.585630 2.200927
v 4.565510 1.731053 2.202975
v 4.648641 2.011868 2.187002
v 4.441281 2.180800 2.176913
v 4.079556 2.733651 2.122253
v 3.883142 2.924562 2.121283
v 4.346486 2.323859 2.129978
v 4.277639 2.525768 2.107611
v 4.626089 1.894211 2.191898
v 4.229187 1.420224 2.193916
v 4.370040 1.381961 2.248511
v 4.312796 1.396230 2.227741
v 1.933426 1.483859 2.221573
v 3.819090 1.391842 2.127153
v 3.932396 1.151160 2.137875
v 4.030091 0.867434 2.158479
v 3.935663 0.543814 2.178747
v 1.870372 1.155169 2.212367
v 1.773329 1.294394 2.270859
v 1.911739 1.065209 2.171859
v 1.966326 0.780793 2.189374
v 2.133333 0.470785 2.173932
v 3.911224 1.281595 2.139851
v 3.957058 1.031908 2.145798
v 3.993524 0.692757 2.159386
v 1.911238 0.940295 2.171820
v 3.848629 0.394827 2.202048
v 2.021868 0.665948 2.182519
v 3.890285 0.203537 2.238390
v 2.257149 0.250079 2.205412
v 2.330227 -0.014553 2.195667
v 2.310599 -0.285886 2.172594
v 4.536363 2.078284 2.191949
v 3.700525 -3.266758 1.254203
v 3.795306 -3.251732 1.255420
v 3.879856 -3.244200 1.256555
v 3.926810 -3.210416 1.263581
v 3.885499 -3.105401 1.285699
v 2.387276 -1.054420 2.049641
v 2.616009 -1.274133 1.872004
v 2.775218 -1.612432 1.747411
v 2.770270 -2.045885 1.671968
v 2.762702 -2.523132 1.601359
v 2.908563 -3.076629 1.447169
v 3.578329 -3.281060 1.256091
v 3.353348 -3.261892 1.297220
v 3.835139 -3.245341 1.256251
v 2.958894 3.040665 1.929694
v 2.411520 2.499900 1.875299
v 4.116915 1.391419 2.166043
v 2.202152 1.760367 2.150271
v 2.173219 1.765449 2.145259
v 2.163317 1.818151 2.127658
v 2.305243 2.086287 2.083129
v 2.328072 2.172808 2.032391
v 2.300176 2.287013 1.979647
v 2.329098 2.347627 1.917369
v 3.767092 1.489378 2.119458
v 2.312835 2.215259 2.023079
v 2.296821 2.245591 2.009118
v 2.155376 2.026019 2.057329
v 2.183766 1.707358 2.170734
v 2.207684 1.748815 2.157765
v 2.202061 1.732884 2.164397
v 2.052341 1.593807 2.209630
v 3.775968 -0.071459 2.225447
v 3.914541 -0.298197 2.180198
v 2.320938 2.130500 2.048836
v 3.749781 -0.700877 2.023850
v 3.721501 -1.095605 1.879084
v 3.677516 -1.543727 1.749655
v 3.531315 -1.965056 1.673942
v 3.301266 -2.400547 1.639079
v 3.310678 -2.827163 1.505094
v 3.710474 -2.986146 1.352943
v 2.592281 2.470083 1.560316
v 3.197312 2.811101 1.659815
v 2.948138 2.694353 1.548386
v 2.798801 2.455430 1.329015
v 2.697838 2.356887 1.294982
v 2.491358 2.437236 1.666161
v 2.376778 2.386685 1.822287
v 2.285848 2.382858 2.192013
v 2.432123 2.603400 2.407372
v 3.831692 2.978606 2.407372
v 3.822927 2.973853 2.245407
v 3.803589 2.960966 2.089350
v 3.512990 3.372161 1.553901
v 3.509997 3.373177 1.551565
v 3.505884 3.374451 1.549584
v 3.500436 3.362257 1.546448
v 3.490427 3.342403 1.542244
v 3.538420 3.344835 1.587802
v 3.521247 3.360578 1.563831
v 3.346074 2.975102 1.613751
v 3.443402 3.138119 1.550486
v 3.731473 3.071839 1.941570
v 3.653807 3.175010 1.754882
v 3.828515 2.980379 2.373079
v 2.427830 2.597489 2.357058
v 2.890886 2.575997 1.440754
v 3.813262 2.967165 2.167359
v 2.384825 2.452404 1.980968
v 3.529901 3.352607 1.575919
v 2.435137 2.412137 1.744660
v 2.381666 2.420234 1.901338
v 3.808422 2.964061 2.128354
v 2.610664 2.459528 1.455494
v 2.510869 0.908931 0.004733
v 2.524651 2.763786 2.407372
v 2.287519 2.577083 2.174927
v 2.511249 2.570339 1.729606
v 2.553973 2.515110 1.580202
v 2.679527 2.367834 1.398947
v 2.707129 2.288771 1.480881
v 2.720841 2.018713 1.482399
v 2.685246 1.836129 1.435401
v 2.535413 1.830836 1.573048
v 2.448050 1.832274 1.635233
v 2.406476 1.746690 1.707140
v 2.380224 1.888935 1.686119
v 2.727684 2.118402 1.489776
v 2.719071 2.204659 1.484550
v 2.600060 1.816009 1.509279
v 2.308789 1.649103 1.721152
v 2.354057 1.644619 1.707807
v 2.335027 1.635175 1.728589
v 2.502278 -0.805477 0.112895
v 2.292971 0.388683 1.314847
v 2.454585 -0.899336 0.166105
v 2.495512 1.760424 1.300410
v 2.509246 1.680568 0.806669
v 2.505422 1.279259 0.417391
v 2.529830 -0.168141 0.026572
v 2.295041 0.457451 0.576770
v 2.290452 0.617595 1.178263
v 2.291281 0.609702 0.825240
v 2.427467 0.099436 1.426204
v 2.480358 -0.231020 1.513539
v 2.284297 0.697177 0.993866
v 2.500899 1.510634 0.601744
v 2.512060 1.760126 1.041616
v 2.714474 1.934935 1.454458
v 3.405874 -3.169890 0.870995
v 3.525659 -3.240998 0.974519
v 3.640145 -3.268728 1.229221
v 3.618405 -3.258840 1.147813
v 2.959413 -0.968436 2.407372
v 2.631207 -0.707313 1.419619
v 2.973482 -1.135491 2.243704
v 2.512572 2.770168 2.361954
v 2.754645 -1.031034 1.382342
v 3.027546 -1.332500 2.108107
v 2.802359 -1.453576 1.326040
v 3.035171 -1.749812 1.988868
v 2.772362 -1.912011 1.293728
v 2.985022 -2.148064 1.907653
v 2.650319 -2.449386 1.275686
v 2.950181 -2.598512 1.806115
v 2.825706 -2.953235 1.104927
v 3.076508 -3.113860 1.635808
v 3.632908 -3.285219 1.332972
v 3.577223 -3.248912 1.060971
v 3.251729 -3.133468 0.895528
v 3.462953 -3.223297 0.902952
v 3.500138 -3.283312 1.504359
v 2.523058 0.248680 0.009189
v 2.545056 -0.499205 0.092662
v 2.300760 -0.061640 0.449578
v 2.515435 -0.683578 0.074807
v 2.322782 -0.355000 0.395501
v 2.394820 -0.579513 0.347767
v 2.354900 -0.980173 0.224671
v 2.290347 -1.021344 0.274199
v 2.284748 -1.041551 0.314004
v 2.317220 -1.030837 0.348669
v 2.330235 -0.987256 0.397829
v 2.317316 -0.778439 0.414580
v 2.318708 -0.908736 0.428081
v 3.636248 -3.276649 1.281312
v 2.488573 2.619997 1.946917
v 3.629067 -3.263498 1.188607
v 2.531836 2.546856 1.653666
v 3.638118 -3.272602 1.255333
v 2.497769 2.591182 1.839282
v 2.645123 2.413725 1.427225
v 3.710765 -0.473984 2.407372
v 3.249026 -0.345730 1.521136
v 3.099458 -0.350181 1.476873
v 3.557716 -0.410078 1.667229
v 2.745421 -0.412942 1.460143
v 2.962142 -0.359443 1.448417
v 2.223710 -0.680022 2.034020
v 2.218974 -0.684821 2.116212
v 3.683534 -0.439787 1.800440
v 2.623096 -0.461174 1.486930
v 2.235385 -0.658455 1.840600
v 2.226652 -0.680134 1.957356
v 3.802562 -0.506661 2.223938
v 2.206543 -0.704027 2.186271
v 2.129643 -0.730458 2.407372
v 2.419334 -0.519838 1.583258
v 2.276266 -0.594622 1.696165
v 3.419563 -0.365579 1.522048
v 3.799662 -0.489126 2.064975
v 3.749262 -0.468103 1.932361
v 2.181408 -0.752124 2.262460
v 3.736382 -0.510929 2.336699
v 2.853010 -0.379388 1.445275
v 3.809896 -0.499374 2.152298
v 2.206258 -0.697113 2.157181
v 3.769801 -0.478959 2.005644
v 2.221582 -0.679496 2.083992
v 2.212252 -0.691422 2.137554
v 3.809240 -0.494347 2.107114
v 2.522245 -0.477263 1.509819
v 3.747887 3.017821 2.309938
v 3.636530 3.071485 2.309640
v 3.501300 3.091979 2.302970
v 3.356427 3.125629 2.284393
v 3.033670 3.096461 2.221786
v 2.741096 2.949194 2.275161
v 2.504601 2.772396 2.262902
v 3.683227 1.548836 2.317355
v 3.761693 1.579271 2.325085
v 3.860735 1.606573 2.345982
v 2.062137 1.635815 2.340117
v 4.533163 1.385749 2.371185
v 4.610212 1.577512 2.353878
v 4.537911 1.709314 2.354485
v 4.689379 2.014175 2.345987
v 4.477100 2.200100 2.344632
v 4.094544 2.757792 2.305210
v 3.903656 2.936036 2.308579
v 4.349507 2.322838 2.308766
v 4.274320 2.527873 2.303707
v 4.691406 1.850651 2.341657
v 4.260271 1.407101 2.322742
v 4.427120 1.420565 2.357577
v 4.355838 1.397533 2.356733
v 1.912567 1.486635 2.340026
v 3.857946 1.385684 2.310698
v 3.888497 1.135505 2.311864
v 3.912877 0.876334 2.334343
v 3.816597 0.580881 2.344736
v 1.764333 1.141335 2.303595
v 1.908899 0.781441 2.301328
v 1.827776 1.345582 2.319683
v 1.808794 1.020729 2.313445
v 3.902564 1.252437 2.304832
v 3.903953 1.014267 2.320254
v 3.877043 0.737295 2.340052
v 2.133157 0.441217 2.325203
v 3.765619 0.408863 2.337661
v 2.024697 0.655720 2.314086
v 1.844470 0.905651 2.323437
v 3.803948 0.182452 2.361034
v 2.218167 0.215643 2.339477
v 2.295664 -0.038454 2.320622
v 2.288773 -0.311339 2.282012
v 4.582533 2.102922 2.350065
v 3.509071 -3.291177 1.416077
v 3.836474 -3.139579 1.470750
v 2.469800 -1.040764 2.128518
v 2.401939 2.614001 2.275935
v 4.146902 1.400109 2.316393
v 2.026240 1.704226 2.340909
v 2.063232 1.749720 2.336358
v 2.089531 1.841344 2.342706
v 2.200299 2.066338 2.288858
v 2.205747 2.102545 2.287420
v 2.270500 2.265823 2.257164
v 2.334139 2.431131 2.261525
v 3.763847 1.480283 2.318994
v 2.211936 2.145727 2.286555
v 2.218322 2.190460 2.276905
v 2.131357 2.005145 2.319985
v 2.068436 1.662836 2.340524
v 2.032927 1.685923 2.342401
v 2.051751 1.675122 2.341781
v 1.993969 1.591006 2.341372
v 3.739964 -0.053597 2.320625
v 3.779545 -0.305929 2.343135
v 2.208889 2.087915 2.286833
v 3.754589 -0.736216 2.203174
v 2.634996 -1.325335 2.022788
v 3.707628 -1.141161 2.039459
v 2.803846 -1.627815 1.876737
v 3.666824 -1.579262 1.892071
v 2.798187 -2.054322 1.787362
v 3.529119 -1.989122 1.795664
v 2.721611 -2.587071 1.722477
v 3.303930 -2.426699 1.741317
v 2.924353 -3.094131 1.544469
v 3.316952 -2.860722 1.604572
v 3.885948 -3.258986 1.459786
v 3.828769 -3.281563 1.447083
v 3.728264 -3.271762 1.432988
v 3.626477 -3.279844 1.422869
v 3.335913 -3.277059 1.425212
v 3.699372 -3.018136 1.495662
v 3.774097 -3.271827 1.439698
v 2.886913 3.020589 2.262201
v 2.358480 2.494365 2.279803
v 3.825733 2.976893 2.309228
v 3.566399 -3.284091 1.419175
v 2.376799 2.682544 2.282487
v 2.213359 -0.717021 2.221395
v 3.768289 -0.509812 2.283245
v 2.468125 2.684918 2.387751
v 4.144214 1.405018 2.391011
v 1.923512 1.675848 2.397208
v 1.999115 1.729741 2.395700
v 2.056642 1.816469 2.410114
v 2.157047 2.022607 2.388807
v 2.161628 2.067553 2.384568
v 2.278363 2.249779 2.381023
v 2.376642 2.481656 2.382712
v 3.751001 1.463761 2.392937
v 2.184020 2.120653 2.379611
v 2.245193 2.170619 2.381555
v 2.129538 1.911341 2.403685
v 2.018544 1.655619 2.396783
v 1.935072 1.662426 2.397792
v 1.975494 1.661274 2.397521
v 1.976349 1.590548 2.395923
v 3.703587 -0.045138 2.387187
v 3.726086 -0.295188 2.393262
v 2.159145 2.050239 2.386954
v 3.716300 -0.668910 2.354359
v 3.753124 3.020907 2.390350
v 3.637561 3.066298 2.389992
v 3.503348 3.079864 2.388936
v 3.355436 3.108709 2.385487
v 3.016522 3.064753 2.378203
v 2.746145 2.949861 2.380352
v 2.575361 2.837339 2.380569
v 3.677869 1.541702 2.391109
v 3.755089 1.570905 2.392584
v 3.867675 1.595876 2.398356
v 2.031018 1.635067 2.396186
v 4.551264 1.404286 2.400734
v 4.612942 1.573379 2.398946
v 4.544607 1.705922 2.395858
v 4.695572 2.014228 2.397560
v 4.481935 2.203475 2.397789
v 4.097807 2.762625 2.389508
v 3.907076 2.938009 2.390095
v 4.356396 2.329079 2.389721
v 4.275147 2.533772 2.389268
v 4.705691 1.846039 2.396269
v 4.266306 1.403934 2.391191
v 4.437207 1.420673 2.399258
v 4.361542 1.400851 2.399626
v 1.906910 1.485176 2.396466
v 3.856238 1.387643 2.391592
v 3.876319 1.134322 2.390099
v 3.874122 0.883754 2.395891
v 3.767442 0.602853 2.394148
v 1.718579 1.107921 2.407372
v 1.876748 0.798571 2.376479
v 1.832289 1.358562 2.393085
v 1.782561 1.006390 2.386461
v 3.908742 1.255857 2.388996
v 3.883986 1.012523 2.392411
v 3.830350 0.753744 2.395943
v 2.160090 0.452691 2.390851
v 3.745641 0.410627 2.393746
v 2.037351 0.650564 2.385252
v 1.828244 0.912098 2.387439
v 3.766695 0.183463 2.398104
v 2.224271 0.216556 2.392225
v 2.294882 -0.036041 2.384023
v 2.276985 -0.315811 2.363643
v 4.589365 2.104439 2.398308
v 3.647300 -0.912745 2.368411
v 2.845716 -1.009010 2.332508
v 3.533748 -1.023952 2.368500
v 3.418648 -1.072503 2.364962
v 3.231205 -1.038048 2.351241
v 3.082839 -0.964541 2.342905
v 0.585790 -1.947772 2.166392
v 2.880505 3.006465 2.380990
v 3.329860 -1.074109 2.358699
v 3.830104 2.979492 2.390226
v 2.430152 2.600520 2.381959
v 2.519526 2.765371 2.385592
v 2.957221 -1.020245 2.335571
v 3.721228 -0.492330 2.373542
v 2.141449 -0.739348 2.334383
v 3.459788 -3.068913 0.866658
v 3.673733 -2.982499 1.027110
v 3.444419 -3.265438 1.257336
v 3.429923 -3.256706 1.180323
v 3.772651 -3.021028 1.299824
v 3.396919 -3.094992 0.874459
v 3.781501 -3.048048 1.404909
v 3.576120 -2.994658 0.879684
v 3.397044 -3.239793 1.096058
v 3.749467 -3.001458 1.216020
v 3.356774 -3.216294 1.012874
v 3.339658 -3.120520 0.885523
v 3.440905 -3.278872 1.351129
v 3.715783 -2.987577 1.125725
v 3.304225 -3.153003 0.899058
v 3.684963 -0.746696 2.407372
v 3.520832 -3.031430 0.868329
v 2.787303 -0.964188 2.407372
v 2.679736 -1.117671 2.250272
v 3.694892 -0.866383 2.293543
v 2.788029 -1.323397 2.098917
v 3.661369 -1.216990 2.128306
v 2.876947 -1.673523 1.959662
v 3.626238 -1.637890 1.971710
v 2.862117 -2.090777 1.864671
v 3.494277 -2.017096 1.876345
v 2.786398 -2.649264 1.794106
v 3.290363 -2.471053 1.802026
v 2.971901 -3.108823 1.609949
v 3.319668 -2.909724 1.661070
v 3.631764 -2.984561 0.932516
v 3.320515 -3.183048 0.945094
v 3.369985 -3.285647 1.491589
v 3.711037 -3.068204 1.560772
v 3.428921 -3.083818 0.870041
v 3.442641 -3.272132 1.304272
v 3.776234 -3.033687 1.352388
v 3.760565 -3.010720 1.257863
v 3.437149 -3.261080 1.218822
v 3.443523 -3.268778 1.280815
v 3.774229 -3.027151 1.326177
v 3.321733 -3.135614 0.892919
v 3.405420 -3.282223 1.421451
v 3.749588 -3.061503 1.484787
v 3.692431 -0.779641 2.358710
v 2.754125 -1.013707 2.321689
v 1.903376 -1.316702 2.314892
v 2.228977 -1.163589 2.140276
v 2.005926 -1.060897 2.407372
v 2.059379 -1.050290 2.254141
v 1.940849 -1.309487 2.226081
v 2.023483 -1.047558 2.329395
v 2.499691 -1.230059 2.407372
v 2.336854 -1.214332 2.176159
v 2.432704 -1.238034 2.266603
v 0.728215 -1.945644 2.407372
v 0.652372 -2.022158 2.203536
v 0.650274 -1.832021 2.256330
v 0.698247 -1.970440 2.276960
v 0.473674 -1.917033 2.407372
v 0.527561 -1.982286 2.166939
v 0.532707 -1.925500 2.249674
v 2.092975 -1.381298 2.129188
v 2.266447 -1.453539 2.266068
v 1.884849 -1.337833 2.407372
v 2.192152 -1.423960 2.170550
v 2.324587 -1.488839 2.407372
v 1.799561 -1.688411 2.225083
v 1.932223 -1.738770 2.138817
v 1.731794 -1.703878 2.407372
v 2.007626 -1.767187 2.174342
v 1.755232 -1.694800 2.312028
v 2.060658 -1.797338 2.267779
v 2.131329 -1.838321 2.407372
v 2.103000 -0.855238 2.339259
v 2.741034 -1.022646 2.407372
v 2.140848 -0.861808 2.288831
v 2.626441 -1.139203 2.293191
v 2.475182 -1.109440 2.219914
v 2.358346 -1.058137 2.162957
v 2.084777 -0.867860 2.407372
v 3.712326 -0.438801 2.407372
v 3.081350 -0.272346 1.499352
v 3.567455 -0.373170 1.670043
v 2.942011 -0.283732 1.462911
v 2.263561 -0.507959 2.036447
v 2.598798 -0.400031 1.498835
v 2.278610 -0.475001 1.831989
v 3.812299 -0.477277 2.241051
v 2.230098 -0.541154 2.211094
v 2.431200 -0.426790 1.599181
v 3.414618 -0.289556 1.526581
v 3.813538 -0.460141 2.076170
v 3.234226 -0.282679 1.556210
v 2.723760 -0.353393 1.472294
v 2.251189 -0.518254 2.127975
v 3.701598 -0.411973 1.812530
v 2.257420 -0.498732 1.951705
v 2.191874 -0.556257 2.407372
v 2.338545 -0.462384 1.713022
v 3.758508 -0.438178 1.945534
v 2.213929 -0.567951 2.290236
v 3.736564 -0.475272 2.344548
v 2.833002 -0.312735 1.458962
v 3.825379 -0.470966 2.168554
v 2.234518 -0.531146 2.181185
v 3.778145 -0.449188 2.016426
v 2.261349 -0.512375 2.091230
v 2.241025 -0.524248 2.155342
v 3.825550 -0.465853 2.120763
v 2.509872 -0.410188 1.532769
v 3.772051 -0.476888 2.295362
v 2.224980 -0.554228 2.246790
v 2.197196 -0.567069 2.344168
v 3.721916 -0.459911 2.377434
v 3.264683 -0.433132 1.495304
v 2.769514 -0.474612 1.439789
v 2.229840 -0.870192 2.088040
v 3.673111 -0.470442 1.789169
v 2.227164 -0.814618 1.901726
v 2.321973 -0.735718 1.671609
v 3.739687 -0.498683 1.918728
v 2.297891 -0.870296 2.207336
v 3.736539 -0.547763 2.328486
v 2.874809 -0.456276 1.424071
v 3.797062 -0.529471 2.138266
v 2.265597 -0.858182 2.137355
v 3.760643 -0.509555 1.993485
v 2.214825 -0.874557 2.047013
v 2.243712 -0.866725 2.111841
v 3.794341 -0.524061 2.094912
v 2.548801 -0.535751 1.462478
v 3.709157 -0.509742 2.407372
v 3.117706 -0.434330 1.449297
v 3.547831 -0.445427 1.664263
v 2.982487 -0.442428 1.425240
v 2.216863 -0.851687 1.969263
v 2.652106 -0.516136 1.468122
v 2.274978 -0.778398 1.785970
v 3.795708 -0.537878 2.208364
v 2.286705 -0.846264 2.158312
v 2.404553 -0.605449 1.507657
v 3.420470 -0.430382 1.529588
v 3.785885 -0.518859 2.054047
v 2.302568 -0.851548 2.177779
v 3.765529 -0.544016 2.271095
v 3.720658 -0.525743 2.369429
v 0.740739 -1.822398 2.407372
v 2.126164 -1.086737 2.181723
v 0.636832 -1.966635 2.181838
v 0.707445 -1.856472 2.266904
v 2.002280 -1.332734 2.155782
v 1.857464 -1.707151 2.161203
v 2.221291 -0.902721 2.216197
v 3.067661 -1.072626 0.341227
v 3.090607 -1.071020 0.266116
v 3.077131 -1.104887 0.314334
v 3.116402 -0.965912 0.273618
v 3.113858 -0.991076 0.242963
v 3.091253 -0.990793 0.317718
v 3.162755 -1.094445 0.356823
v 3.177554 -1.098130 0.308099
v 3.178792 -1.107372 0.338444
v 3.189730 -1.058240 0.322589
v 3.185812 -1.061100 0.296222
v 3.171415 -1.056688 0.344971
v 3.081032 2.822297 1.658305
v 3.016908 0.864916 -0.166402
v 3.109030 3.086858 2.407372
v 3.135879 3.147952 2.107948
v 3.192755 3.149516 1.884841
v 3.114936 2.966608 1.792485
v 3.149177 1.790234 1.575787
v 3.149780 1.825633 1.517469
v 3.155074 1.936386 1.503129
v 3.122100 2.182155 1.478410
v 3.122814 2.354677 1.481692
v 3.106179 2.564277 1.492074
v 3.100165 2.689150 1.555311
v 3.185472 1.706297 1.469981
v 3.130946 2.427064 1.502979
v 3.127751 2.490338 1.509302
v 3.138245 2.055150 1.495401
v 3.142102 1.738073 1.660743
v 3.124194 1.757224 1.618412
v 3.140390 1.759761 1.663910
v 2.864172 -0.900705 0.061206
v 2.858824 0.390085 1.311534
v 2.870758 -1.035013 0.146777
v 2.837957 -1.219574 0.418134
v 2.767520 -1.126137 0.432188
v 3.148624 1.798942 1.203910
v 3.100222 1.772759 0.645144
v 3.090763 1.337604 0.200276
v 2.869633 -0.216658 -0.055413
v 2.831347 0.548948 1.165529
v 2.720438 0.584923 0.881211
v 2.684243 0.425239 0.617496
v 2.921793 0.157645 1.430875
v 2.972538 -0.119966 1.491872
v 2.791269 0.619305 1.028431
v 3.063548 1.639724 0.085472
v 3.114753 1.873802 0.944425
v 3.111227 2.272635 1.462894
v 3.982357 -3.328045 1.325852
v 3.658290 -3.162384 0.776464
v 3.867558 -3.258634 0.875868
v 3.958062 -3.286469 1.097892
v 3.902854 -3.221033 1.227021
v 3.479026 -1.011446 2.407372
v 3.085199 -0.637600 1.390257
v 3.470457 -1.142245 2.303060
v 3.112629 3.100838 2.339299
v 3.118739 -0.987666 1.336853
v 3.448606 -1.405945 2.164338
v 3.114714 -1.416373 1.293666
v 3.435804 -1.793428 2.012180
v 3.050751 -1.869943 1.266436
v 3.350490 -2.166124 1.913652
v 2.946994 -2.343347 1.243269
v 3.197418 -2.590580 1.830371
v 2.995888 -2.838135 1.100772
v 3.290745 -3.040602 1.654869
v 3.846597 -3.189144 1.025892
v 3.413405 -3.016860 0.886999
v 3.748098 -3.187654 0.832119
v 3.869453 -3.359798 1.575498
v 2.943343 0.204677 -0.096677
v 2.779473 -0.542627 0.035742
v 2.627333 -0.135208 0.562017
v 2.845754 -0.729772 0.006562
v 2.602533 -0.397003 0.425706
v 2.593480 -0.608235 0.373875
v 2.884745 -1.179316 0.279079
v 2.890887 -1.223359 0.361658
v 2.705865 -1.042904 0.456456
v 2.651336 -0.934331 0.467867
v 2.608401 -0.789858 0.452249
v 3.918072 -3.248484 1.288020
v 3.203550 3.220285 1.960755
v 3.916783 -3.238971 1.167634
v 3.147552 3.048725 1.850963
v 3.903333 -3.227308 1.260068
v 3.205428 3.194839 1.917417
v 3.072725 2.752728 1.604101
v 3.030800 -0.354812 1.462645
v 3.857359 -3.270274 1.453435
v 3.124323 3.123795 2.223024
v 3.110830 3.093848 2.373336
v 3.476242 -1.048638 2.366738
v 3.490310 -3.050172 0.867494
v 3.011680 -0.278038 1.481131
v 3.050096 -0.438379 1.437268
v 2.824304 -1.390383 0.518636
v 2.833900 -1.396106 0.484936
v 2.854274 -1.368119 0.436011
v 2.858095 -1.368757 0.512054
v 2.886346 -1.343927 0.427999
v 2.886143 -1.361249 0.473695
v 2.698328 -1.402275 0.479496
v 2.726673 -1.406188 0.447972
v 2.728309 -1.383559 0.401680
v 2.652610 -1.396869 0.471493
v 2.681697 -1.378281 0.396696
v 2.654859 -1.394540 0.436202
v 2.519807 -1.376053 0.427912
v 2.522629 -1.370648 0.395872
v 2.548051 -1.356647 0.361467
v 2.565288 -1.389900 0.436200
v 2.593433 -1.370707 0.365567
v 2.587764 -1.392593 0.405295
v 2.308518 -1.301962 0.363202
v 2.366726 -1.321836 0.370950
v 2.300114 -1.289483 0.338257
v 2.389358 -1.324605 0.346910
v 2.336493 -1.281488 0.314115
v 2.392205 -1.303986 0.318198
v 2.840817 -1.449601 0.572865
v 2.849370 -1.452774 0.552860
v 2.860792 -1.435208 0.517772
v 2.856623 -1.442255 0.571200
v 2.875564 -1.425978 0.515560
v 2.868937 -1.443105 0.550826
v 2.675786 -1.461264 0.517022
v 2.687453 -1.464024 0.498448
v 2.695172 -1.450610 0.467831
v 2.655286 -1.457458 0.513772
v 2.674070 -1.446617 0.465751
v 2.661109 -1.458557 0.494906
v 2.515712 -1.440600 0.458682
v 2.520552 -1.440816 0.440921
v 2.533726 -1.429037 0.415511
v 2.534087 -1.447264 0.461418
v 2.552023 -1.435738 0.416857
v 2.542933 -1.449250 0.443452
v 2.290958 -1.351242 0.362494
v 2.311956 -1.359420 0.364873
v 2.293926 -1.348858 0.347044
v 2.318454 -1.360112 0.349496
v 2.308525 -1.340092 0.332142
v 2.328646 -1.349020 0.333575
v 2.737697 1.746719 0.422214
v 2.432253 1.566396 0.734314
v 3.191571 1.690273 0.347696
v 3.519829 1.525633 0.550960
v 2.248798 1.446454 0.806321
v 2.223655 1.347207 0.848496
v 2.199861 1.248618 0.881235
v 2.178272 1.136623 0.917984
v 2.187119 1.040517 0.961711
v 2.190596 0.947924 1.001184
v 2.207263 0.827530 1.051131
v 2.445258 0.593602 1.067206
v 2.250405 0.687828 1.101077
v 2.569650 1.637577 0.671022
v 2.335039 1.517165 0.771050
v 3.608658 1.456751 0.579725
v 2.972199 1.722210 0.382919
v 3.381197 1.625634 0.344889
v 3.681924 1.347830 0.624542
v 3.670527 1.216516 0.694146
v 3.652612 1.101969 0.759709
v 3.623934 0.975731 0.835605
v 3.550706 0.846053 0.924279
v 3.419312 0.720188 1.015968
v 2.322568 0.626340 1.071304
v 3.204767 0.614568 1.110860
v 2.923737 0.580059 1.095228
v 2.698879 0.588195 1.098732
v 2.860634 1.760146 0.387834
v 2.568058 0.589581 1.082279
v 2.505072 1.595601 0.704206
v 2.287374 0.657386 1.086065
v 3.081885 1.706242 0.365307
v 2.811308 0.584127 1.096980
v 2.745486 -2.573147 1.435881
v 3.099866 -2.686271 1.803242
v 3.279545 -2.449019 1.538190
v 3.244008 -2.435886 1.468535
v 3.028758 -2.686217 1.788115
v 2.721615 -2.549298 1.363492
v 3.197862 -2.421345 1.391304
v 2.817451 -2.448861 1.212999
v 2.909155 -2.426239 1.215542
v 3.303026 -2.508530 1.767912
v 3.154729 -2.394411 1.321779
v 2.766067 -2.592659 1.498152
v 2.758936 -2.469430 1.221805
v 2.827061 -2.631380 1.725572
v 2.914583 -2.662735 1.771245
v 3.308699 -2.473704 1.674130
v 3.300650 -2.460582 1.600877
v 2.714643 -2.496410 1.250961
v 2.707068 -2.523447 1.296929
v 3.282467 -2.576855 1.800536
v 3.106793 -2.384123 1.257316
v 2.999347 -2.407340 1.228695
v 2.781111 -2.603331 1.559425
v 2.793964 -2.610995 1.632882
v 3.181030 -2.675003 1.804200
v 3.241510 -2.639747 1.804444
v 3.140449 -2.680630 1.803721
v 2.862022 -2.437039 1.213078
v 2.787537 -2.607173 1.598168
v 3.304674 -2.467142 1.637504
v 2.774549 -2.599029 1.531270
v 3.290097 -2.454798 1.569533
v 2.784352 -2.605287 1.578472
v 3.302662 -2.463864 1.619191
v 2.733654 -2.482446 1.234464
v 2.968932 -2.675008 1.780836
v 3.305862 -2.491118 1.721020
v 2.809007 -2.620607 1.680180
v 2.862985 -2.644810 1.747582
v 3.294713 -2.536163 1.781104
v 3.211271 -2.657376 1.804322
v 2.954251 -2.416789 1.222118
v 3.453712 -2.009149 1.944113
v 2.851110 -1.798992 1.508980
v 3.331029 -2.014288 1.945227
v 3.692803 -1.933128 1.507839
v 3.657203 -1.823177 1.478275
v 3.194865 -1.988454 1.936635
v 2.840725 -1.769319 1.432372
v 3.605573 -1.844637 1.397551
v 3.011046 -1.666676 1.256634
v 3.139396 -1.655076 1.253266
v 3.720686 -1.894046 1.873652
v 3.488898 -1.683915 1.330921
v 2.866370 -1.820921 1.578781
v 2.940485 -1.680419 1.269992
v 2.939144 -1.867405 1.858077
v 3.044719 -1.928779 1.916265
v 3.749715 -1.842110 1.778385
v 3.771556 -1.876686 1.736861
v 2.869641 -1.708722 1.311439
v 2.846906 -1.735826 1.361795
v 3.556489 -1.973673 1.938986
v 3.633203 -1.932096 1.931718
v 3.369962 -1.662560 1.288546
v 3.251449 -1.652198 1.261475
v 2.882577 -1.838323 1.660588
v 2.894979 -1.841092 1.757472
v 3.392561 -2.012231 1.944144
v 3.071211 -1.660131 1.252935
v 2.887923 -1.839535 1.714899
v 3.761790 -1.851793 1.768274
v 2.876107 -1.831773 1.624316
v 3.755040 -1.995314 1.619422
v 2.885425 -1.839613 1.687007
v 3.773664 -1.863557 1.771981
v 2.900041 -1.693239 1.287202
v 3.122782 -1.959430 1.925581
v 3.778065 -1.994832 1.819236
v 2.913698 -1.851530 1.809368
v 2.982214 -1.892624 1.889485
v 3.654006 -1.991328 1.881095
v 3.195422 -1.653634 1.257370
v 3.504539 -1.987457 1.943877
v 1.621303 -2.057626 2.220441
v 1.383253 -2.283290 2.212594
v 1.066641 -2.367007 2.205527
v 1.728117 -2.113987 2.140757
v 1.437370 -2.367920 2.139787
v 1.053853 -2.461106 2.138772
v 1.546798 -2.046128 2.407372
v 1.314095 -2.244808 2.407372
v 1.035101 -2.301191 2.407372
v 1.786159 -2.140915 2.170460
v 1.471644 -2.407766 2.165324
v 1.058785 -2.508062 2.161006
v 1.046318 -2.329461 2.289217
v 1.343435 -2.263363 2.297017
v 1.575063 -2.055152 2.305749
v 1.041021 -2.538437 2.251782
v 1.468809 -2.448022 2.256931
v 1.822663 -2.166334 2.262990
v 1.006682 -2.619752 2.407371
v 1.466692 -2.525388 2.407372
v 1.873981 -2.210162 2.407372
v 1.668737 -2.081868 2.162048
v 1.405986 -2.321112 2.159770
v 1.057981 -2.408612 2.157545
v 0.801665 -2.315252 2.201165
v 0.664141 -2.155147 2.199025
v 0.748926 -2.378265 2.138477
v 0.584799 -2.145414 2.141653
v 0.812986 -2.243271 2.407372
v 0.720311 -2.101863 2.407372
v 0.731466 -2.416758 2.158398
v 0.545176 -2.163331 2.158000
v 0.775978 -2.340824 2.156480
v 0.630245 -2.143513 2.158925
v 0.695223 -2.123850 2.280661
v 0.803971 -2.274409 2.284235
v 0.522863 -2.144736 2.247072
v 0.694978 -2.426183 2.248558
v 0.434943 -2.166344 2.407372
v 0.617688 -2.474061 2.407372
v 4.312135 1.982761 1.865258
v 2.523710 1.919995 1.676381
v 4.003050 2.138505 1.695745
v 3.677805 2.177487 1.610775
v 3.399886 2.150269 1.543663
v 3.217518 2.073580 1.501423
v 3.064541 1.997428 1.491936
v 2.905494 1.907676 1.467066
v 2.739445 1.766070 1.426832
v 2.346716 1.935724 1.875746
v 2.170383 1.955804 2.031600
v 2.137066 2.054841 2.236693
v 2.116464 1.885741 2.407372
v 4.678149 1.828497 2.407372
v 4.651340 1.841246 2.320143
v 4.596254 1.875956 2.164935
v 4.541076 1.896052 2.004320
v 2.124319 1.896869 2.407372
v 4.675531 1.829856 2.386593
v 2.982696 1.952977 1.480022
v 2.124756 2.026737 2.109092
v 4.630558 1.864105 2.254626
v 2.238641 1.947923 1.926908
v 4.558080 1.887205 2.092770
v 2.145137 1.989858 2.063457
v 4.607807 1.871686 2.198460
v 2.588048 1.823195 1.522222
v 2.122411 1.973700 2.328789
v 4.662508 1.833130 2.344385
v 4.676818 1.829165 2.396987
v 2.120621 1.891011 2.407372
v 3.141029 2.035504 1.496679
v 4.648685 1.836003 2.302374
v 4.683100 1.857598 2.301157
v 4.661005 1.879691 2.227471
v 4.624825 1.862254 2.229198
v 2.396869 2.534361 2.065694
v 4.136127 1.401166 2.228667
v 2.137081 1.743026 2.237923
v 2.129314 1.775890 2.231041
v 2.128522 1.854428 2.209961
v 2.283020 2.075599 2.182837
v 2.266504 2.139633 2.162226
v 2.270675 2.276849 2.102720
v 2.301901 2.396564 2.058171
v 3.776544 1.491529 2.204843
v 2.231187 2.174926 2.149940
v 2.223617 2.206737 2.136089
v 2.158103 2.077549 2.180156
v 2.128737 1.684768 2.252439
v 2.141404 1.722441 2.245046
v 2.139337 1.706413 2.248972
v 1.962066 1.587776 2.283745
v 3.768705 -0.063676 2.255628
v 3.849026 -0.311006 2.273446
v 2.283310 2.114672 2.170149
v 3.765591 -0.713528 2.097011
v 3.722064 -1.108226 1.941657
v 3.679492 -1.552554 1.805463
v 3.524628 -1.976733 1.729023
v 3.305254 -2.406683 1.676418
v 3.314910 -2.836155 1.537635
v 3.714848 -2.997901 1.402200
v 3.740901 3.010954 2.209474
v 3.638469 3.073061 2.201396
v 3.508644 3.138367 2.192904
v 3.358820 3.131022 2.162914
v 3.091688 3.185519 1.994224
v 2.687057 2.883289 2.092729
v 2.498175 2.689667 2.044027
v 2.095464 1.642470 2.260076
v 3.729065 1.570715 2.209740
v 3.777367 1.603949 2.229710
v 3.856672 1.616168 2.265475
v 4.512506 1.387011 2.303600
v 4.598923 1.584521 2.281108
v 4.542583 1.724254 2.279496
v 4.676674 2.015106 2.261768
v 4.464769 2.195397 2.260103
v 4.087631 2.746182 2.199881
v 3.909062 2.960425 2.191206
v 4.345446 2.321115 2.204533
v 4.250791 2.507789 2.200315
v 4.678109 1.873994 2.262835
v 4.246719 1.410889 2.245087
v 4.403638 1.407546 2.298764
v 4.337851 1.397662 2.291067
v 1.938836 1.481091 2.266357
v 3.840444 1.381734 2.199145
v 3.909119 1.141604 2.216474
v 3.982813 0.868630 2.247419
v 3.886840 0.551825 2.267935
v 1.834196 1.147644 2.246622
v 1.844562 1.311218 2.250219
v 1.862165 1.046355 2.243452
v 1.949692 0.768079 2.229945
v 2.119246 0.443075 2.238558
v 3.896190 1.259368 2.209977
v 3.936161 1.022100 2.226441
v 3.950505 0.707879 2.254372
v 1.846119 0.888303 2.263949
v 3.813081 0.400460 2.269411
v 2.017468 0.658800 2.233623
v 3.860873 0.187125 2.308154
v 2.232619 0.228010 2.269609
v 2.311299 -0.028041 2.255698
v 2.299256 -0.297458 2.223887
v 4.569044 2.101192 2.270955
v 3.697980 -3.276569 1.307245
v 3.797537 -3.265958 1.311399
v 3.899335 -3.276128 1.312826
v 4.001094 -3.300400 1.301045
v 3.900883 -3.132437 1.343996
v 2.424283 -1.037909 2.088553
v 2.617582 -1.287398 1.941917
v 2.781295 -1.615362 1.801406
v 2.776245 -2.044354 1.716329
v 2.738466 -2.584822 1.648228
v 2.911931 -3.081928 1.478257
v 3.574160 -3.288349 1.307057
v 3.353360 -3.268352 1.341603
v 3.841747 -3.264049 1.313672
v 2.909568 3.028051 2.087106
v 3.818072 2.970631 2.206283
v 2.323115 2.432796 2.076870
v 2.386282 2.598562 2.055202
v 3.634578 -3.280933 1.307142
v 3.806630 -0.503296 2.188232
v 2.206675 -0.700629 2.171656
v 3.778867 -3.040868 1.378649
v 3.441773 -3.275502 1.327700
v 2.232308 -0.536150 2.196140
v 3.820092 -0.474740 2.205432
v 3.796703 -0.533925 2.173358
v 2.276971 -0.851920 2.148023
v 3.164931 3.181916 2.042303
v 3.950214 -3.288265 1.306936
v 3.306686 -2.470424 1.655817
v 2.790751 -2.609084 1.615525
v 3.755753 -1.846952 1.773330
v 2.891451 -1.840313 1.736185
v 4.632911 1.843640 2.265680
v 2.122594 2.052311 2.172956
v 4.659363 1.864508 2.283314
v 4.640435 1.852695 2.287795
v 2.612674 2.304877 1.592208
v 3.780551 2.615355 1.694185
v 3.554307 2.609243 1.613245
v 3.374793 2.599373 1.585380
v 3.201905 2.560305 1.550225
v 3.032025 2.494310 1.451151
v 2.942683 2.284050 1.309187
v 2.813942 2.188522 1.373271
v 2.462101 2.325583 1.764108
v 2.334076 2.276452 1.937004
v 2.219792 2.226228 2.178865
v 2.254461 2.190333 2.407372
v 4.185419 2.648750 2.407372
v 4.181328 2.638016 2.237512
v 4.178169 2.634234 2.054891
v 4.043157 2.544732 1.966942
v 4.020544 2.609845 1.816487
v 4.187536 2.647648 2.371405
v 2.269069 2.230062 2.355196
v 2.995674 2.385793 1.397428
v 4.151804 2.609452 2.161289
v 2.273328 2.256037 2.058667
v 4.129752 2.595679 1.989881
v 2.403429 2.300266 1.853745
v 2.297592 2.265613 1.994358
v 4.173245 2.625250 2.116566
v 2.713100 2.246715 1.482715
v 2.244411 2.228142 2.267035
v 4.184432 2.642832 2.304458
v 4.186477 2.648199 2.389388
v 2.261780 2.210198 2.381289
v 3.116965 2.527308 1.500688
v 4.175947 2.631855 2.198413
v 2.251190 2.242370 2.119030
v 2.612614 2.236131 1.596367
v 4.108265 2.473401 1.813767
v 3.855120 2.559321 1.694741
v 3.587078 2.547450 1.616847
v 3.374388 2.530740 1.577174
v 3.201438 2.498976 1.538239
v 3.057259 2.418426 1.474043
v 2.984120 2.198656 1.290996
v 2.834796 2.086932 1.378047
v 2.437714 2.255776 1.740531
v 2.347778 2.249396 1.953257
v 2.184467 2.168384 2.205749
v 2.183635 2.123640 2.407372
v 4.315872 2.433504 2.407372
v 4.295456 2.416275 2.242075
v 4.276614 2.400481 2.081139
v 4.150340 2.344864 1.964183
v 2.245974 2.167804 2.357763
v 4.315672 2.429348 2.371618
v 3.022010 2.308038 1.385533
v 2.270245 2.213229 2.080292
v 4.302979 2.417909 2.159924
v 2.401493 2.253579 1.854576
v 4.219239 2.378114 2.023897
v 2.304955 2.230155 2.016258
v 4.311446 2.423554 2.119632
v 2.723377 2.161531 1.487163
v 2.215241 2.168076 2.281783
v 4.311913 2.425356 2.306237
v 4.315772 2.431426 2.389495
v 2.210734 2.147737 2.378109
v 3.129348 2.458701 1.506141
v 4.306452 2.419408 2.202161
v 2.227402 2.190832 2.143015
v 4.039727 2.567860 1.824896
v 4.232688 2.590034 2.371285
v 2.262176 2.213162 2.355460
v 2.998174 2.365105 1.385328
v 4.203524 2.558799 2.157553
v 2.269870 2.242151 2.066702
v 4.132274 2.522142 2.023935
v 2.404617 2.290584 1.855594
v 2.297054 2.255419 2.001796
v 4.235482 2.585065 2.102849
v 2.716085 2.225687 1.483633
v 2.231366 2.209301 2.271970
v 4.229376 2.585353 2.304083
v 4.230813 2.590986 2.389328
v 2.253488 2.190408 2.381423
v 3.122358 2.508823 1.504995
v 4.211568 2.566735 2.201468
v 2.237404 2.224554 2.127560
v 2.612965 2.287652 1.592528
v 3.802624 2.599163 1.695532
v 3.562252 2.593747 1.615547
v 3.373896 2.580586 1.583995
v 3.201964 2.543806 1.546604
v 3.042752 2.473840 1.463386
v 2.943123 2.260617 1.285167
v 2.819663 2.163706 1.374782
v 2.458427 2.312667 1.762074
v 2.337721 2.271263 1.941616
v 2.200601 2.205447 2.188477
v 2.244489 2.167768 2.407372
v 4.228937 2.591937 2.407372
v 4.226031 2.580639 2.236896
v 4.209956 2.564461 2.055477
v 4.043593 2.463765 1.979918
v 2.612362 2.322109 1.591912
v 3.758556 2.631381 1.692760
v 3.546362 2.624739 1.610942
v 3.375690 2.618160 1.586765
v 3.201846 2.576805 1.553847
v 3.021298 2.514781 1.438916
v 2.942243 2.307484 1.333207
v 2.808221 2.213338 1.371759
v 2.465338 2.338475 1.765477
v 2.330541 2.281669 1.932508
v 2.238983 2.247009 2.169254
v 2.264161 2.213015 2.407372
v 4.141900 2.705562 2.407372
v 4.136591 2.695361 2.238144
v 4.099050 2.653546 2.086047
v 4.090885 2.637685 1.918160
v 3.994949 2.649069 1.812712
v 4.142384 2.705262 2.371525
v 2.275963 2.246961 2.354933
v 2.993174 2.406481 1.409528
v 4.127040 2.682679 2.160196
v 2.275992 2.270589 2.049852
v 4.101364 2.660503 1.998577
v 2.402223 2.309979 1.851885
v 2.298592 2.276164 1.986928
v 4.115115 2.668243 2.122333
v 2.710115 2.267743 1.481798
v 2.257455 2.246983 2.262100
v 4.139488 2.700312 2.304834
v 4.142142 2.705412 2.389448
v 2.270072 2.229989 2.381156
v 3.111572 2.545793 1.496381
v 4.131944 2.689149 2.199119
v 2.262941 2.259772 2.110811
v 3.202819 3.114730 2.407372
v 3.222599 3.171268 2.119152
v 3.246161 3.146350 1.993769
v 3.214977 3.151129 2.224263
v 3.205137 3.122943 2.368468
v 3.227132 3.158704 2.079217
v 2.350154 1.825525 3.131122
v 4.289259 1.825450 2.940358
v 4.002101 1.990852 3.103482
v 3.697308 2.050471 3.184329
v 3.429669 2.038834 3.239611
v 3.260951 1.934020 3.290079
v 3.043701 1.824768 3.322167
v 2.872989 1.804417 3.312651
v 2.624848 1.769066 3.279555
v 2.244337 1.871029 2.971667
v 2.177787 1.778791 2.720171
v 2.100111 1.828900 2.545416
v 2.027241 1.773777 2.407372
v 4.581398 1.636293 2.407372
v 4.568804 1.645978 2.497001
v 4.569959 1.655552 2.651426
v 4.475662 1.696004 2.805587
v 4.571046 1.675833 2.420822
v 2.028477 1.772418 2.416318
v 2.955948 1.800989 3.338007
v 4.566575 1.695750 2.572993
v 2.154505 1.804724 2.637413
v 4.526965 1.714145 2.731189
v 2.220503 1.826329 2.854264
v 2.168268 1.791800 2.678285
v 4.574198 1.701463 2.612324
v 2.491732 1.831555 3.210603
v 2.076381 1.795532 2.475212
v 4.567400 1.678562 2.459019
v 4.575571 1.675246 2.412027
v 2.027878 1.773105 2.411837
v 3.152427 1.881009 3.304444
v 4.565096 1.694501 2.533848
v 2.128918 1.815159 2.594242
v 2.350154 1.825526 1.683622
v 4.289259 1.825451 1.874386
v 4.002101 1.990852 1.711262
v 3.697308 2.050471 1.630414
v 3.429669 2.038834 1.575132
v 3.260951 1.934020 1.524665
v 3.043701 1.824768 1.492576
v 2.872989 1.804417 1.502093
v 2.624848 1.769066 1.535189
v 2.244337 1.871029 1.843077
v 2.177787 1.778791 2.094572
v 2.100111 1.828900 2.269327
v 4.568804 1.645978 2.317742
v 4.569959 1.655552 2.163317
v 4.475662 1.696004 2.009156
v 4.571046 1.675833 2.393922
v 2.028477 1.772418 2.398425
v 2.955948 1.800989 1.476736
v 4.566575 1.695750 2.241750
v 2.154505 1.804724 2.177330
v 4.526965 1.714145 2.083554
v 2.220503 1.826329 1.960480
v 2.168268 1.791800 2.136459
v 4.574198 1.701463 2.202419
v 2.491732 1.831555 1.604141
v 2.076381 1.795532 2.339532
v 4.567400 1.678562 2.355725
v 4.575571 1.675246 2.402717
v 2.027878 1.773105 2.402907
v 3.152427 1.881009 1.510299
v 4.565096 1.694501 2.280896
v 2.128918 1.815159 2.220501
v 3.869619 1.680206 2.912652
v 3.700755 3.012213 2.718707
v 3.716400 3.032201 2.569033
v 3.723322 3.032641 2.407372
v 4.064167 1.703421 2.932204
v 4.188502 1.782543 2.974197
v 4.268674 1.940708 2.974166
v 4.227997 2.140406 3.005100
v 4.142701 2.358448 3.047729
v 3.902016 2.675186 3.031308
v 3.769211 2.802994 3.002897
v 4.067130 1.459762 2.407372
v 4.067418 1.456707 2.543676
v 4.034212 1.435568 2.673131
v 3.938838 1.568571 2.810122
v 3.512901 3.378206 3.265310
v 3.514607 3.380262 3.261413
v 3.528405 3.355788 3.232746
v 3.511467 3.366665 3.257638
v 3.674945 3.099410 2.868463
v 3.614108 3.193825 3.060006
v 4.079447 2.449948 3.043298
v 4.000703 2.543142 3.022779
v 4.229791 2.039395 2.996415
v 3.920415 1.691859 2.933488
v 3.998097 1.690565 2.944421
v 3.962209 1.694442 2.944711
v 4.188888 2.250015 3.027296
v 4.072314 1.453092 2.436144
v 3.720667 3.033626 2.441609
v 3.689805 2.874566 3.026152
v 3.513214 3.285947 3.203459
v 3.584677 2.977167 3.059384
v 3.554319 3.095363 3.164268
v 4.053987 1.461699 2.609074
v 3.709086 3.021944 2.645060
v 3.521513 3.368034 3.247067
v 3.981078 1.519084 2.753771
v 4.045099 1.454879 2.641819
v 3.704654 3.016561 2.681729
v 3.512184 3.372435 3.261472
v 4.069817 1.455724 2.490380
v 3.717891 3.032277 2.504886
v 3.721995 3.033134 2.424490
v 4.069723 1.456429 2.421754
v 4.228876 2.024714 2.995147
v 3.713309 3.027684 2.607446
v 4.060850 1.459081 2.576161
v 3.955897 2.611329 3.031202
v 4.040075 2.496545 3.033039
v 3.975858 2.576292 3.024694
v 3.931271 2.644304 3.034343
v 3.869619 1.680206 1.902091
v 3.700755 3.012213 2.096037
v 3.716400 3.032201 2.245710
v 4.064167 1.703421 1.882540
v 4.188502 1.782543 1.840547
v 4.268674 1.940708 1.840577
v 4.227997 2.140406 1.809643
v 4.142701 2.358448 1.767014
v 3.902016 2.675187 1.783436
v 3.769211 2.802994 1.811847
v 4.067418 1.456707 2.271067
v 4.034212 1.435568 2.141613
v 3.938838 1.568571 2.004621
v 3.512901 3.378206 1.549434
v 3.514607 3.380263 1.553331
v 3.528405 3.355788 1.581997
v 3.511467 3.366665 1.557106
v 3.674945 3.099410 1.946280
v 3.614108 3.193825 1.754738
v 4.079447 2.449948 1.771446
v 4.000703 2.543142 1.791964
v 4.229791 2.039395 1.818328
v 3.920415 1.691860 1.881255
v 3.998097 1.690565 1.870322
v 3.962209 1.694442 1.870032
v 4.188888 2.250015 1.787447
v 4.072314 1.453092 2.378599
v 3.720667 3.033626 2.373134
v 3.689805 2.874566 1.788592
v 3.513214 3.285947 1.611285
v 3.584677 2.977168 1.755360
v 3.554319 3.095363 1.650475
v 4.053987 1.461699 2.205670
v 3.709086 3.021944 2.169683
v 3.521513 3.368035 1.567676
v 3.981078 1.519084 2.060972
v 4.045099 1.454879 2.172925
v 3.704654 3.016561 2.133015
v 3.512184 3.372435 1.553272
v 4.069817 1.455724 2.324363
v 3.717891 3.032277 2.309858
v 3.721995 3.033134 2.390253
v 4.069723 1.456429 2.392989
v 4.228876 2.024714 1.819596
v 3.713309 3.027684 2.207298
v 4.060850 1.459081 2.238582
v 3.955897 2.611329 1.783542
v 4.040075 2.496545 1.781705
v 3.975858 2.576292 1.790049
v 3.931271 2.644305 1.780401
v 4.254980 1.901973 1.849034
v 4.254980 1.901973 2.965710
v 4.533456 1.755715 2.459417
v 4.530758 1.757728 2.496993
v 4.563916 1.765383 2.611273
v 4.559752 1.772443 2.646308
v 4.535776 1.796932 2.720790
v 4.513689 1.824729 2.797526
v 4.309121 1.959420 2.952256
v 4.542968 1.751681 2.414607
v 4.536153 1.753702 2.421841
v 4.538881 1.761146 2.535489
v 4.546692 1.764668 2.573874
v 4.551515 1.704448 2.407372
v 4.533456 1.755715 2.355327
v 4.530758 1.757728 2.317751
v 4.563916 1.765383 2.203470
v 4.559752 1.772443 2.168436
v 4.535776 1.796932 2.093953
v 4.513689 1.824729 2.017217
v 4.309121 1.959420 1.862487
v 4.542968 1.751681 2.400137
v 4.536153 1.753702 2.392902
v 4.538881 1.761146 2.279255
v 4.546692 1.764668 2.240869
v 4.568902 1.649910 2.280181
v 4.564476 1.687282 2.318752
v 4.577955 1.638010 2.399542
v 4.579012 1.675053 2.407372
v 4.571834 1.642685 2.354602
v 4.574603 1.639745 2.391726
v 4.575923 1.652742 2.202199
v 4.569321 1.652832 2.241688
v 4.525575 1.671456 2.082404
v 4.569399 1.708513 2.164564
v 4.283610 1.813045 1.873874
v 4.479214 1.726919 2.009748
v 4.243818 1.896836 1.844492
v 4.564476 1.687282 2.495992
v 4.568902 1.649910 2.534562
v 4.577955 1.638010 2.415202
v 4.574603 1.639745 2.423017
v 4.571834 1.642685 2.460141
v 4.569321 1.652832 2.573055
v 4.575923 1.652742 2.612545
v 4.569399 1.708513 2.650179
v 4.525575 1.671456 2.732339
v 4.479214 1.726919 2.804995
v 4.283610 1.813044 2.940869
v 4.263096 1.954411 2.980727
v 4.263096 1.954412 1.834017
v 4.243818 1.896836 2.970252
v 4.291540 1.863193 2.796745
v 4.455331 1.736517 2.471771
v 4.473229 1.748854 2.580268
v 4.437436 1.779198 2.687758
v 4.458450 1.730403 2.419709
v 4.465563 1.740881 2.526328
v 4.454486 1.753744 2.633644
v 4.477166 1.744078 2.553874
v 4.457384 1.731968 2.445279
v 4.462183 1.730079 2.415624
v 4.460733 1.740291 2.499028
v 4.291540 1.863193 2.017999
v 4.455331 1.736517 2.342972
v 4.473229 1.748854 2.234476
v 4.437436 1.779198 2.126986
v 4.458450 1.730403 2.395034
v 4.465563 1.740881 2.288415
v 4.454486 1.753744 2.181100
v 4.477166 1.744078 2.260869
v 4.457384 1.731968 2.369465
v 4.462183 1.730079 2.399119
v 4.460733 1.740291 2.315716
v 4.279161 1.814105 2.789393
v 4.481134 1.713317 2.417012
v 4.477929 1.724412 2.526082
v 4.449539 1.734659 2.639471
v 4.483393 1.727595 2.554273
v 4.478520 1.714837 2.444390
v 4.484377 1.712990 2.410708
v 4.476869 1.723716 2.498024
v 4.279161 1.814105 2.025350
v 4.481134 1.713317 2.397731
v 4.477929 1.724412 2.288661
v 4.449539 1.734659 2.175273
v 4.483393 1.727595 2.260470
v 4.478520 1.714837 2.370353
v 4.484377 1.712990 2.404035
v 4.476869 1.723716 2.316719
v 4.264407 1.860869 2.813626
v 4.264407 1.860870 2.001117
v 4.254591 1.839292 2.007179
v 4.254591 1.839292 2.807564
v 4.467135 1.729257 2.407372
v 4.476425 1.719695 2.343853
v 4.486843 1.712882 2.407372
v 4.479953 1.731522 2.233337
v 4.415312 1.759216 2.122372
v 4.476425 1.719695 2.470891
v 4.479953 1.731522 2.581406
v 4.415312 1.759216 2.692371
v 2.209365 -0.411028 2.593629
v 2.566735 -0.271340 3.389074
v 2.275796 -0.342346 3.057611
v 2.232526 -0.384604 2.713355
v 2.679307 -0.241716 3.411501
v 2.243255 -0.368887 2.839113
v 3.828737 -0.323839 2.908605
v 2.251750 -0.357417 2.938322
v 3.259909 -0.180798 3.307665
v 3.907606 -0.351654 2.742356
v 3.931529 -0.433110 2.546266
v 3.743797 -0.293119 3.029546
v 2.390227 -0.307234 3.280128
v 3.606548 -0.249352 3.154411
v 3.111640 -0.170180 3.356019
v 2.901500 -0.183321 3.415871
v 3.435052 -0.206317 3.249866
v 2.322871 -0.325121 3.178740
v 2.193473 -0.427114 2.513738
v 3.919110 -0.481221 2.464896
v 2.794701 -0.208848 3.420849
v 3.927734 -0.380634 2.632329
v 2.218565 -0.397957 2.645409
v 2.238765 -0.377352 2.765557
v 3.875518 -0.340986 2.813970
v 2.225041 -0.391493 2.675117
v 3.924190 -0.362987 2.683606
v 2.470515 -0.291120 3.348914
v 3.939184 -0.503167 2.650071
v 2.166628 -0.391486 2.626645
v 3.975776 -0.419271 2.600123
v 3.059322 -0.403158 3.506279
v 3.025233 -0.227899 3.460355
v 3.044920 -0.312696 3.477979
v 3.009485 -0.157667 3.446803
v 2.189185 -0.851528 2.587278
v 3.955023 -0.588925 2.453642
v 3.947546 -0.580429 2.554523
v 2.181468 -0.858221 2.657938
v 3.911901 -0.526830 2.816855
v 3.474995 -0.414550 3.371640
v 2.338368 -0.603929 3.357899
v 2.176903 -0.849706 2.662864
v 3.943705 -0.566238 2.612504
v 2.168041 -0.744313 3.093029
v 2.597095 -0.499136 3.482080
v 2.139502 -0.763832 2.545516
v 2.130924 -0.813617 2.872222
v 2.958665 -0.414135 3.519175
v 3.630397 -0.441751 3.256086
v 3.168886 -0.398022 3.481137
v 2.466819 -0.542442 3.440091
v 3.927438 -0.536982 2.756170
v 2.152145 -0.842090 2.714154
v 2.135727 -0.829324 2.801020
v 3.884215 -0.514307 2.890453
v 2.203249 -0.419611 2.558084
v 3.928371 -0.461791 2.503766
v 2.162252 -0.844517 2.685809
v 3.932934 -0.545400 2.705966
v 3.910354 -0.487446 2.433702
v 2.183065 -0.427794 2.462373
v 2.846483 -0.433881 3.519024
v 2.107625 -0.738210 2.477318
v 2.082927 -0.814111 2.478276
v 2.128482 -0.832886 2.542575
v 3.952398 -0.588818 2.498373
v 2.170091 -0.854191 2.619582
v 3.838260 -0.496821 2.989276
v 2.230396 -0.679338 3.232506
v 2.138261 -0.787303 2.968920
v 3.755668 -0.471597 3.118068
v 2.143079 -0.837710 2.750770
v 2.724487 -0.463069 3.505833
v 3.310904 -0.400329 3.439876
v 3.950879 -0.537393 2.437491
v 2.117280 -0.532305 2.477849
v 2.137575 -0.549940 2.588909
v 3.961570 -0.519115 2.526315
v 2.455039 -0.371207 3.399722
v 3.946517 -0.438719 2.721064
v 2.153477 -0.517749 2.693907
v 2.162016 -0.490592 2.768682
v 3.898405 -0.412426 2.856696
v 2.132123 -0.686358 2.521468
v 2.149797 -0.524263 2.664974
v 3.953157 -0.451421 2.669176
v 2.812650 -0.272993 3.482692
v 3.954501 -0.536988 2.473782
v 2.126957 -0.568826 2.545630
v 3.854406 -0.391557 2.954172
v 2.261974 -0.424917 3.199744
v 2.174833 -0.470166 2.935766
v 3.770336 -0.354640 3.084857
v 2.157901 -0.509514 2.728792
v 2.691179 -0.310069 3.470856
v 2.120183 -0.672711 2.473107
v 3.282012 -0.228388 3.383765
v 3.296962 -0.418138 3.389893
v 2.733796 -0.478011 3.453571
v 2.192814 -0.838113 2.754354
v 3.718642 -0.482167 3.083658
v 2.186745 -0.792725 2.959002
v 2.271770 -0.690354 3.205413
v 3.796798 -0.506365 2.961800
v 2.210677 -0.877608 2.582900
v 3.903924 -0.594287 2.497167
v 2.851286 -0.449065 3.466051
v 3.884754 -0.547516 2.697997
v 2.208648 -0.838256 2.698555
v 3.840349 -0.523110 2.868015
v 2.186011 -0.832118 2.801170
v 2.200544 -0.839288 2.722159
v 3.879902 -0.541526 2.744894
v 2.489566 -0.557443 3.393475
v 3.158721 -0.416568 3.430254
v 3.599657 -0.454290 3.214993
v 2.957678 -0.430364 3.466242
v 2.180999 -0.817921 2.868156
v 2.611184 -0.514333 3.431295
v 2.213844 -0.751895 3.075729
v 3.895287 -0.564733 2.606496
v 2.223193 -0.840318 2.660244
v 2.371651 -0.617689 3.319868
v 3.453053 -0.429954 3.324658
v 3.866258 -0.534055 2.798874
v 2.223545 -0.854525 2.626327
v 3.898886 -0.580584 2.551692
v 3.907399 -0.599970 2.449795
v 2.196698 -0.892422 2.569658
v 2.999819 -0.170829 3.394148
v 3.929214 -0.426171 2.783746
v 3.459127 -0.253569 3.327434
v 3.052797 -0.420804 3.454317
v 3.929980 -0.404799 2.587954
v 2.213773 -0.404078 2.620559
v 2.351052 -0.395964 3.318659
v 2.143866 -0.538536 2.617517
v 3.962974 -0.490539 2.580727
v 2.202847 -0.450829 3.063288
v 3.889853 -0.554078 2.654008
v 2.216576 -0.837307 2.679934
v 2.209365 -0.411028 2.221597
v 2.566735 -0.271340 1.426152
v 2.275796 -0.342346 1.757615
v 2.232526 -0.384604 2.101870
v 2.679307 -0.241716 1.403724
v 2.243255 -0.368887 1.976112
v 3.914626 -0.488258 2.408403
v 3.828737 -0.323839 1.906621
v 2.251750 -0.357417 1.876904
v 3.259909 -0.180798 1.507561
v 3.907606 -0.351654 2.072870
v 3.953741 -0.433110 2.268959
v 2.178751 -0.426914 2.407613
v 3.743797 -0.293119 1.785679
v 2.390227 -0.307234 1.535098
v 3.606548 -0.249352 1.660815
v 3.111640 -0.170180 1.459207
v 2.901500 -0.183321 1.399354
v 3.435052 -0.206317 1.565360
v 2.322871 -0.325121 1.636486
v 2.193473 -0.427114 2.301487
v 3.933896 -0.481221 2.350330
v 3.203722 -0.791013 1.225462
v 2.794701 -0.208848 1.394376
v 3.941945 -0.380635 2.182896
v 2.218565 -0.397957 2.169817
v 2.238765 -0.377352 2.049669
v 3.875518 -0.340986 2.001256
v 2.225041 -0.391493 2.140108
v 3.929168 -0.362987 2.131620
v 2.470515 -0.291120 1.466311
v 2.568684 -0.345335 3.445283
v 2.165997 -0.482536 2.836550
v 2.924974 -0.244151 3.479462
v 3.632469 -0.302997 3.222264
v 3.134901 -0.222265 3.427237
v 3.946922 -0.551238 2.447815
v 2.137748 -0.410636 2.473304
v 3.957600 -0.500078 2.428834
v 3.948000 -0.539271 2.545652
v 2.135770 -0.705363 2.620705
v 3.974525 -0.479406 2.505940
v 2.156705 -0.406865 2.568372
v 2.465929 -0.455121 3.411161
v 3.924986 -0.483681 2.742051
v 2.096550 -0.731580 2.407978
v 2.136566 -0.677064 2.703661
v 2.130185 -0.666654 2.778425
v 3.880827 -0.459197 2.874120
v 2.138033 -0.682023 2.675910
v 3.931910 -0.493060 2.692142
v 2.139495 -0.763832 2.270350
v 2.835056 -0.349846 3.493777
v 3.947848 -0.551337 2.490210
v 2.129351 -0.718942 2.593077
v 3.836730 -0.440320 2.971370
v 3.909101 -0.472381 2.802308
v 3.464637 -0.331954 3.351427
v 2.243304 -0.558042 3.204606
v 2.346100 -0.501228 3.328380
v 2.139614 -0.693987 2.639595
v 2.203249 -0.419611 2.257142
v 3.948885 -0.461791 2.311459
v 3.945744 -0.519196 2.602485
v 2.145156 -0.638595 2.941427
v 3.922707 -0.487242 2.382406
v 2.183065 -0.427794 2.352852
v 2.177125 -0.606795 3.066067
v 2.107617 -0.738209 2.338625
v 2.082927 -0.814111 2.337544
v 2.128482 -0.832886 2.273931
v 2.064584 -0.808619 2.407723
v 2.588981 -0.419468 3.455280
v 3.754792 -0.410079 3.100905
v 2.135525 -0.671561 2.738525
v 2.133726 -0.656428 2.845670
v 2.946433 -0.325982 3.492694
v 2.713793 -0.383131 3.480631
v 3.625891 -0.370348 3.239674
v 3.152475 -0.307163 3.451467
v 3.295892 -0.311548 3.412059
v 2.448237 -0.291988 3.398155
v 3.969108 -0.378923 2.697973
v 2.178530 -0.377680 2.684144
v 3.917614 -0.350427 2.840208
v 2.191760 -0.363177 2.768964
v 2.171819 -0.384613 2.653522
v 3.973225 -0.396769 2.643868
v 2.792496 -0.204310 3.475982
v 2.113491 -0.669037 2.409554
v 3.964989 -0.498846 2.458806
v 2.148290 -0.412335 2.528270
v 2.132123 -0.686358 2.297426
v 2.281943 -0.318143 3.207966
v 3.454155 -0.185439 3.296333
v 2.905044 -0.174751 3.470431
v 3.124266 -0.152747 3.406582
v 3.634926 -0.235087 3.197105
v 2.357211 -0.305271 3.320805
v 3.779731 -0.289013 3.066718
v 3.977671 -0.448117 2.555819
v 3.951036 -0.364385 2.763992
v 3.273515 -0.159934 3.356573
v 2.205012 -0.343795 2.946030
v 2.120183 -0.672711 2.346009
v 3.869347 -0.328503 2.938848
v 3.296962 -0.418138 1.425332
v 2.733796 -0.478011 1.361655
v 2.192814 -0.838113 2.062540
v 3.718642 -0.482167 1.731567
v 2.183363 -0.792723 1.856357
v 2.271770 -0.690354 1.609813
v 3.796798 -0.506365 1.853426
v 2.208295 -0.876406 2.237487
v 3.936940 -0.594287 2.318059
v 2.851286 -0.449065 1.349175
v 3.901871 -0.547516 2.117229
v 2.208648 -0.838256 2.118484
v 3.840349 -0.523110 1.947211
v 2.186011 -0.832118 2.015416
v 2.200544 -0.839288 2.094855
v 3.884293 -0.541526 2.070331
v 2.489566 -0.557443 1.421751
v 3.913630 -0.600748 2.407613
v 3.158721 -0.416568 1.384972
v 3.599657 -0.454290 1.600233
v 2.957678 -0.430364 1.348983
v 2.180999 -0.817921 1.947859
v 2.611184 -0.514333 1.383930
v 2.208608 -0.751895 1.739497
v 3.931876 -0.564733 2.208730
v 2.223163 -0.840348 2.157312
v 2.371651 -0.617689 1.495358
v 3.453053 -0.429953 1.490568
v 3.866258 -0.534055 2.016352
v 2.222580 -0.832380 2.194265
v 3.939806 -0.580584 2.263534
v 3.925540 -0.599970 2.365431
v 2.193861 -0.890965 2.251497
v 2.999819 -0.170829 1.421077
v 2.196233 -0.354662 2.841975
v 2.672660 -0.240238 3.466340
v 3.052797 -0.420804 1.360909
v 3.949862 -0.404799 2.227272
v 2.213773 -0.404078 2.194666
v 2.185777 -0.370573 2.720196
v 2.230602 -0.330974 3.074902
v 2.554199 -0.271974 3.442582
v 2.162126 -0.398955 2.599827
v 3.918039 -0.554078 2.161217
v 2.216576 -0.837307 2.137105
v 3.330765 -0.662865 3.485313
v 2.714603 -0.727447 3.554734
v 2.297208 -1.140234 2.793783
v 3.789261 -0.730535 3.149359
v 2.226203 -1.083201 3.016563
v 2.214934 -0.960730 3.283054
v 3.874979 -0.774975 3.016459
v 2.324076 -1.177347 2.632398
v 3.977859 -0.888858 2.506746
v 2.843019 -0.696530 3.568434
v 3.970832 -0.805975 2.727371
v 2.321982 -1.139705 2.732651
v 3.923080 -0.786245 2.913618
v 2.279768 -1.132390 2.845221
v 2.310345 -1.141399 2.758421
v 3.966054 -0.796097 2.778593
v 2.446494 -0.813931 3.489387
v 3.180178 -0.661578 3.529783
v 3.659762 -0.717716 3.292389
v 2.959327 -0.676613 3.568845
v 2.253716 -1.114451 2.918315
v 2.580383 -0.766619 3.530600
v 2.195624 -1.032598 3.142133
v 3.965848 -0.832947 2.626904
v 2.340937 -1.141046 2.691313
v 2.316928 -0.879658 3.408514
v 3.500357 -0.674876 3.412374
v 3.951213 -0.786795 2.837723
v 2.341671 -1.153375 2.663599
v 3.970059 -0.860884 2.566754
v 3.984047 -0.905346 2.454344
v 2.296117 -1.188319 2.612439
v 3.063841 -0.666295 3.556026
v 3.968165 -0.815925 2.679140
v 2.332388 -1.138299 2.712369
v 3.330765 -0.662865 1.329913
v 2.714603 -0.727447 1.260492
v 2.297208 -1.140234 2.031009
v 3.789261 -0.749197 1.665867
v 2.203529 -1.083150 1.802496
v 2.209372 -0.960730 1.532172
v 3.874979 -0.761190 1.798766
v 2.324076 -1.177347 2.194132
v 4.017582 -0.904138 2.308479
v 2.843019 -0.696530 1.246791
v 3.976901 -0.816122 2.087854
v 2.321982 -1.139705 2.092766
v 3.923080 -0.774529 1.901608
v 2.279768 -1.132390 1.978551
v 2.310345 -1.141399 2.066824
v 3.966054 -0.805288 2.036632
v 2.446494 -0.813931 1.325839
v 3.992368 -0.911586 2.407613
v 3.180178 -0.661578 1.285443
v 3.659762 -0.700371 1.522836
v 2.959327 -0.676613 1.246381
v 2.250253 -1.114442 1.903562
v 2.580383 -0.766619 1.284626
v 2.164142 -1.032564 1.673948
v 4.005466 -0.851305 2.188322
v 2.340937 -1.141046 2.134306
v 2.316928 -0.879658 1.406711
v 3.500357 -0.692979 1.402852
v 3.951213 -0.790966 1.977503
v 2.341671 -1.153375 2.162381
v 4.017186 -0.878645 2.248472
v 4.006050 -0.914716 2.360881
v 2.296117 -1.188319 2.214160
v 3.063841 -0.666295 1.259199
v 3.990527 -0.829528 2.136086
v 2.332388 -1.138299 2.113116
v 3.344127 -0.787179 3.524049
v 2.705865 -0.854131 3.595904
v 2.310626 -1.283249 2.808766
v 3.819151 -0.906495 3.175993
v 2.244111 -1.219646 3.038741
v 2.194442 -1.089201 3.313205
v 3.907942 -0.974638 3.038301
v 2.343243 -1.312678 2.624989
v 3.984671 -1.303214 2.510253
v 2.838889 -0.822095 3.610145
v 4.007119 -0.988850 2.738827
v 2.340090 -1.283458 2.745644
v 3.957751 -0.964383 2.931770
v 2.292110 -1.273137 2.861833
v 2.326297 -1.285094 2.772259
v 4.002202 -0.953726 2.791892
v 2.428416 -0.940569 3.527696
v 3.188113 -0.785851 3.570108
v 3.684985 -0.905988 3.324193
v 2.959378 -0.801422 3.610570
v 2.269734 -1.252970 2.937305
v 2.566882 -0.893935 3.570758
v 2.199337 -1.165436 3.168108
v 3.990884 -1.095767 2.634713
v 2.361254 -1.284117 2.702145
v 2.295029 -1.005714 3.443260
v 3.519839 -0.809697 3.448514
v 3.986872 -0.943656 2.853151
v 2.360629 -1.293360 2.667229
v 3.967093 -1.197090 2.572382
v 4.009438 -1.377630 2.456010
v 2.330595 -1.335521 2.596958
v 3.067622 -0.790737 3.597291
v 4.004159 -1.030401 2.688855
v 2.352101 -1.282389 2.724708
v 3.344127 -0.804058 1.291177
v 2.705865 -0.854131 1.219321
v 2.310626 -1.283249 2.018698
v 3.819151 -0.947503 1.639232
v 2.215969 -1.219566 1.781847
v 2.185272 -1.089201 1.502020
v 3.907942 -0.923352 1.776924
v 2.343236 -1.312672 2.204049
v 4.048474 -1.401991 2.304972
v 2.838889 -0.822095 1.205081
v 4.007119 -1.081373 2.076399
v 2.340090 -1.283457 2.082821
v 3.957751 -0.920010 1.883455
v 2.292110 -1.273137 1.964339
v 2.326297 -1.285094 2.055869
v 4.002202 -1.030366 2.023334
v 2.428416 -0.940568 1.287529
v 4.024179 -1.416577 2.407613
v 3.188113 -0.785850 1.245117
v 3.684985 -0.857095 1.491033
v 2.959378 -0.801422 1.204655
v 2.266174 -1.252957 1.886625
v 2.566882 -0.893935 1.244468
v 2.155919 -1.165353 1.648714
v 4.003144 -1.228024 2.180513
v 2.361253 -1.284103 2.126627
v 2.294702 -1.005714 1.371965
v 3.519839 -0.879966 1.366712
v 3.986872 -0.973260 1.962075
v 2.360627 -1.293344 2.161706
v 4.030940 -1.322968 2.242843
v 4.039132 -1.432770 2.359216
v 2.330599 -1.335523 2.232043
v 3.067622 -0.790737 1.217935
v 4.004164 -1.142797 2.126371
v 2.352101 -1.282389 2.103944
v 3.346378 -0.868716 3.526896
v 2.704724 -0.936031 3.599716
v 2.314054 -1.367338 2.811167
v 3.820194 -0.998872 3.179225
v 2.250714 -1.306879 3.042498
v 2.199446 -1.180619 3.315590
v 3.909618 -1.077352 3.041974
v 2.382876 -1.410102 2.565546
v 3.993341 -1.707354 2.510999
v 2.837927 -0.903795 3.613804
v 4.010527 -1.196313 2.740145
v 2.345350 -1.368813 2.738505
v 3.960526 -1.060205 2.934810
v 2.295882 -1.358644 2.864669
v 2.330163 -1.368930 2.774243
v 4.005456 -1.108176 2.793558
v 2.426690 -1.027603 3.529756
v 3.190657 -0.867143 3.573462
v 3.686272 -1.006568 3.326428
v 2.958712 -0.882972 3.614267
v 2.276096 -1.339625 2.940548
v 2.565552 -0.977050 3.574246
v 2.206784 -1.254514 3.171665
v 4.004516 -1.422232 2.635079
v 2.372148 -1.376339 2.662499
v 2.294712 -1.097147 3.444629
v 3.521313 -0.900836 3.449863
v 3.989954 -1.054204 2.855438
v 2.381521 -1.390531 2.611840
v 3.987818 -1.574625 2.572966
v 4.016685 -1.784419 2.456439
v 2.371297 -1.416966 2.546831
v 3.068508 -0.872027 3.600961
v 4.007417 -1.295925 2.689660
v 2.359401 -1.370261 2.702425
v 3.346378 -0.895276 1.288329
v 2.704724 -0.936031 1.215510
v 2.314054 -1.367338 2.016898
v 3.820194 -1.050384 1.636001
v 2.223178 -1.306795 1.778744
v 2.186429 -1.180619 1.499643
v 3.909618 -1.019779 1.773252
v 2.382930 -1.410105 2.263894
v 4.053618 -1.801257 2.304227
v 2.837927 -0.903795 1.201422
v 4.017140 -1.401197 2.075080
v 2.345351 -1.368815 2.090688
v 3.960526 -1.057604 1.880416
v 2.295882 -1.358644 1.962118
v 2.330163 -1.368930 2.054532
v 4.005456 -1.293787 2.021668
v 2.426690 -1.027603 1.285470
v 4.028636 -1.813006 2.407613
v 3.190657 -0.867143 1.241764
v 3.686272 -0.949648 1.488798
v 2.958712 -0.882972 1.200958
v 2.271334 -1.339606 1.884040
v 2.565552 -0.977050 1.240979
v 2.165641 -1.254429 1.645678
v 4.009082 -1.624123 2.180147
v 2.372261 -1.376396 2.167365
v 2.293322 -1.097147 1.370597
v 3.521313 -0.981062 1.365363
v 3.989955 -1.174989 1.959787
v 2.381662 -1.390573 2.218013
v 4.041777 -1.733737 2.242260
v 4.043068 -1.820456 2.358787
v 2.371297 -1.416966 2.282320
v 3.068508 -0.872027 1.214265
v 4.027112 -1.507456 2.125566
v 2.359453 -1.370295 2.127176
v 2.185750 -0.404981 2.596741
v 2.560479 -0.271650 3.415831
v 2.253197 -0.336663 3.066251
v 2.209152 -0.377586 2.716775
v 2.675984 -0.240975 3.438920
v 2.219745 -0.361773 2.840539
v 3.849049 -0.326188 2.923711
v 2.228380 -0.350606 2.942166
v 3.266708 -0.170363 3.332119
v 3.929319 -0.358018 2.753177
v 3.954604 -0.440593 2.551048
v 3.761773 -0.291085 3.048122
v 2.373730 -0.306255 3.300477
v 3.620744 -0.242224 3.175753
v 3.117956 -0.161469 3.381300
v 2.903265 -0.179041 3.443152
v 3.444601 -0.195866 3.273095
v 2.302408 -0.321639 3.193356
v 2.170882 -0.419726 2.521004
v 3.942055 -0.490023 2.461874
v 2.793593 -0.206581 3.448415
v 3.950481 -0.388703 2.638087
v 2.195197 -0.391275 2.649481
v 2.215264 -0.370264 2.767262
v 3.896564 -0.345709 2.827091
v 2.201788 -0.384580 2.679635
v 3.946649 -0.370956 2.690783
v 2.459396 -0.291547 3.373546
v 2.137641 -0.743846 2.573546
v 2.179980 -0.413230 2.563233
v 3.951452 -0.470584 2.504856
v 3.933975 -0.493783 2.431313
v 2.160412 -0.419216 2.467865
v 2.127071 -0.649228 2.533382
v 2.116714 -0.618178 2.477088
v 3.303925 -0.409230 3.414886
v 2.729143 -0.470557 3.479707
v 2.168069 -0.837929 2.752558
v 3.737155 -0.476914 3.100873
v 2.162494 -0.790017 2.963960
v 2.251081 -0.684850 3.218957
v 3.817534 -0.501657 2.975549
v 2.186671 -0.878125 2.592744
v 3.928177 -0.591731 2.497706
v 2.848885 -0.441485 3.492540
v 3.908844 -0.546591 2.702013
v 2.185601 -0.841428 2.692156
v 3.862285 -0.518801 2.879261
v 2.160967 -0.830735 2.801096
v 2.176485 -0.840713 2.718126
v 3.903670 -0.539383 2.750580
v 2.478195 -0.549957 3.416789
v 3.163804 -0.407295 3.455695
v 3.615023 -0.448031 3.235546
v 2.958175 -0.422256 3.492710
v 2.156020 -0.815779 2.870190
v 2.604146 -0.506753 3.456695
v 2.190942 -0.748108 3.084376
v 3.919489 -0.565612 2.609538
v 2.200240 -0.845151 2.660751
v 2.355008 -0.610817 3.338884
v 3.464012 -0.422250 3.348155
v 3.889077 -0.530552 2.807913
v 2.202797 -0.856956 2.639107
v 3.923216 -0.580666 2.553104
v 3.931248 -0.594645 2.451671
v 2.193092 -0.850366 2.574849
v 3.004650 -0.164254 3.420477
v 3.056065 -0.411983 3.480298
v 3.952881 -0.412024 2.594036
v 2.190204 -0.397774 2.623609
v 3.913918 -0.554131 2.658320
v 2.193919 -0.841829 2.674142
v 2.185750 -0.404981 2.218484
v 2.560479 -0.271650 1.399395
v 2.253197 -0.336663 1.748975
v 2.209152 -0.377586 2.098450
v 2.675984 -0.240975 1.376305
v 2.219745 -0.361773 1.974687
v 3.933749 -0.492175 2.412188
v 3.849049 -0.326188 1.891515
v 2.228380 -0.350605 1.873059
v 3.266708 -0.170363 1.483106
v 3.928947 -0.357108 2.060681
v 3.977223 -0.439100 2.264658
v 2.155752 -0.417786 2.407613
v 3.761773 -0.291085 1.767103
v 2.373730 -0.306255 1.514749
v 3.620744 -0.242224 1.639473
v 3.117956 -0.161469 1.433925
v 2.903265 -0.179041 1.372073
v 3.444601 -0.195866 1.542131
v 2.302408 -0.321639 1.621870
v 2.170882 -0.419726 2.294222
v 3.956289 -0.488211 2.358699
v 2.793593 -0.206580 1.366811
v 3.964463 -0.385829 2.173694
v 2.195197 -0.391275 2.165744
v 2.215264 -0.370264 2.047964
v 3.896564 -0.345708 1.988134
v 2.201788 -0.384580 2.135590
v 3.951118 -0.368537 2.120968
v 2.459396 -0.291547 1.441680
v 2.137623 -0.743844 2.243211
v 2.179980 -0.413230 2.251992
v 3.972293 -0.469282 2.313119
v 3.941097 -0.491735 2.390330
v 2.160412 -0.419216 2.347361
v 2.111218 -0.612599 2.411599
v 2.127071 -0.649227 2.287600
v 2.116714 -0.618177 2.345766
v 3.303925 -0.409230 1.400340
v 2.729143 -0.470557 1.335519
v 2.168069 -0.837929 2.064296
v 3.737155 -0.476914 1.714353
v 2.159055 -0.789499 1.851932
v 2.251212 -0.684501 1.596158
v 3.817534 -0.501657 1.839676
v 2.183987 -0.887074 2.227054
v 3.960154 -0.588694 2.324327
v 2.848885 -0.441485 1.322685
v 3.924422 -0.544315 2.107255
v 2.185601 -0.841428 2.124929
v 3.862285 -0.518800 1.935965
v 2.160967 -0.830735 2.015424
v 2.176485 -0.840713 2.098889
v 3.906833 -0.538435 2.060292
v 2.478195 -0.549957 1.398437
v 3.936664 -0.594099 2.413701
v 3.163804 -0.407295 1.359531
v 3.615023 -0.448031 1.579680
v 2.958175 -0.422256 1.322516
v 2.156008 -0.815663 1.946056
v 2.604146 -0.506753 1.358530
v 2.185749 -0.747377 1.731056
v 3.955622 -0.560634 2.204098
v 2.199985 -0.845163 2.158141
v 2.355008 -0.610817 1.476342
v 3.464012 -0.422250 1.467071
v 3.888690 -0.530408 2.006188
v 2.201760 -0.856679 2.182333
v 3.963785 -0.575808 2.264581
v 3.948054 -0.593598 2.373877
v 2.189418 -0.876846 2.246014
v 3.004650 -0.164254 1.394748
v 3.056065 -0.411983 1.334928
v 3.972861 -0.409732 2.219591
v 2.190204 -0.397774 2.191617
v 3.941021 -0.550452 2.152779
v 2.193913 -0.841845 2.143168
v 2.139713 -0.687021 2.655193
v 2.147060 -0.530760 2.640607
v 3.958765 -0.467090 2.626550
v 3.937995 -0.553950 2.662539
v 2.171143 -0.846433 2.667246
v 2.162126 -0.398955 2.215399
v 2.554199 -0.271974 1.372644
v 2.230602 -0.330973 1.740324
v 2.185777 -0.370573 2.095029
v 2.672660 -0.240238 1.348886
v 2.196233 -0.354662 1.973251
v 3.953724 -0.500863 2.416277
v 3.869347 -0.328503 1.876378
v 2.205012 -0.343795 1.869195
v 3.273515 -0.159933 1.458652
v 3.950290 -0.362565 2.048495
v 4.000706 -0.445129 2.260411
v 2.132751 -0.408659 2.407613
v 3.779731 -0.289013 1.748507
v 2.357211 -0.305271 1.494421
v 3.634926 -0.235087 1.618120
v 3.124266 -0.152747 1.408644
v 2.905044 -0.174751 1.344794
v 3.454155 -0.185439 1.518893
v 2.281943 -0.318143 1.607259
v 2.148290 -0.412335 2.286955
v 3.978683 -0.495160 2.367103
v 2.792496 -0.204310 1.339244
v 3.986978 -0.391031 2.164484
v 2.171819 -0.384613 2.161703
v 2.191760 -0.363177 2.046261
v 3.917608 -0.350420 1.975002
v 2.178530 -0.377680 2.131082
v 3.973069 -0.374092 2.110318
v 2.448237 -0.291988 1.417070
v 3.949333 -0.547929 2.419107
v 3.295892 -0.311548 1.403167
v 3.152475 -0.307163 1.363758
v 3.625891 -0.370348 1.575552
v 2.713793 -0.383131 1.334595
v 2.946433 -0.325981 1.322531
v 2.133722 -0.656305 1.969878
v 2.135525 -0.671562 2.076701
v 3.754792 -0.410079 1.714320
v 2.588981 -0.419468 1.359945
v 2.177217 -0.606057 1.749248
v 2.145151 -0.638031 1.874370
v 3.973939 -0.511687 2.210298
v 2.139614 -0.693987 2.175629
v 2.346101 -0.501227 1.486845
v 2.243400 -0.557777 1.610536
v 3.464637 -0.331954 1.463799
v 3.908279 -0.471693 2.010594
v 3.836730 -0.440320 1.843856
v 2.129351 -0.718941 2.222196
v 3.972836 -0.544699 2.337985
v 2.835056 -0.349846 1.321449
v 3.945522 -0.488468 2.112665
v 2.138034 -0.682022 2.139316
v 3.880824 -0.459193 1.941099
v 2.130185 -0.666654 2.036802
v 2.136566 -0.677064 2.111565
v 3.928336 -0.480904 2.064839
v 2.465929 -0.455121 1.404064
v 2.156705 -0.406865 2.246853
v 3.995695 -0.476777 2.314870
v 2.135770 -0.705362 2.194531
v 3.979946 -0.530803 2.274113
v 3.962121 -0.497131 2.402388
v 2.137748 -0.410636 2.341921
v 3.958856 -0.548048 2.387215
v 3.951967 -0.533054 2.417675
v 3.134901 -0.222265 1.387989
v 3.632469 -0.302997 1.592961
v 2.924974 -0.244151 1.335763
v 2.165997 -0.482535 1.978678
v 2.568684 -0.345335 1.369942
v 2.202847 -0.450829 1.751937
v 3.988899 -0.486478 2.234843
v 2.143867 -0.538535 2.197737
v 2.351052 -0.395963 1.496567
v 3.459127 -0.253569 1.487792
v 3.928461 -0.424857 2.028932
v 3.282012 -0.228388 1.431461
v 2.691179 -0.310069 1.344369
v 2.157901 -0.509514 2.086433
v 3.770336 -0.354640 1.730369
v 2.174833 -0.470165 1.879460
v 2.112296 -0.525782 2.409363
v 2.261974 -0.424917 1.615482
v 3.854406 -0.391557 1.861053
v 2.126957 -0.568825 2.271653
v 3.974264 -0.531796 2.352996
v 2.812650 -0.272993 1.332534
v 3.968741 -0.446364 2.138436
v 2.149797 -0.524263 2.150251
v 3.898401 -0.412423 1.958520
v 2.162016 -0.490592 2.046544
v 2.153477 -0.517749 2.121319
v 3.952032 -0.434730 2.086896
v 2.455039 -0.371207 1.415504
v 3.986635 -0.514293 2.294528
v 2.137575 -0.549940 2.226675
v 2.117279 -0.532304 2.340701
v 3.959268 -0.533990 2.395027
v 3.310904 -0.400329 1.375350
v 2.724487 -0.463068 1.309393
v 2.143079 -0.837710 2.066021
v 3.755668 -0.471597 1.697158
v 2.134775 -0.786271 1.847501
v 2.230658 -0.678640 1.582497
v 3.838260 -0.496820 1.825950
v 2.168238 -0.875027 2.198070
v 3.983317 -0.582669 2.330438
v 2.846483 -0.433881 1.296202
v 3.946961 -0.540861 2.097327
v 2.162252 -0.844517 2.131295
v 3.884212 -0.514307 1.924765
v 2.135727 -0.829324 2.015418
v 2.152145 -0.842090 2.102837
v 3.929370 -0.535125 2.050311
v 2.466819 -0.542442 1.375134
v 3.959597 -0.587067 2.419854
v 3.168886 -0.398021 1.334089
v 3.630397 -0.441751 1.559139
v 2.958665 -0.414135 1.296051
v 2.130901 -0.813385 1.944242
v 2.597095 -0.499136 1.333145
v 2.162892 -0.742855 1.722608
v 3.979324 -0.556174 2.199502
v 2.176656 -0.849725 2.156107
v 2.338371 -0.603927 1.457325
v 3.474995 -0.414549 1.443586
v 3.911121 -0.526559 1.996089
v 2.181064 -0.858205 2.161879
v 3.987696 -0.570597 2.265565
v 3.970499 -0.586854 2.382269
v 2.202302 -0.833178 2.206551
v 3.009485 -0.157667 1.368422
v 3.044920 -0.312696 1.337246
v 3.025233 -0.227899 1.354870
v 3.059322 -0.403158 1.308946
v 3.995860 -0.414691 2.211920
v 2.166628 -0.391486 2.188581
v 3.960853 -0.497356 2.158252
v 2.139713 -0.687021 2.160033
v 2.147060 -0.530760 2.174619
v 3.980929 -0.462726 2.184716
v 3.963979 -0.546527 2.144386
v 2.171037 -0.846475 2.150957
v 2.205937 -0.431231 2.599496
v 2.570268 -0.292329 3.390121
v 2.273000 -0.363204 3.061160
v 2.228253 -0.405016 2.717545
v 2.683622 -0.262498 3.412856
v 2.238678 -0.389453 2.841891
v 3.825690 -0.344796 2.911163
v 2.247680 -0.378073 2.941434
v 3.260343 -0.200631 3.315676
v 3.902506 -0.372205 2.743701
v 3.925566 -0.449944 2.557598
v 3.742009 -0.313896 3.034230
v 2.391304 -0.328452 3.282585
v 3.605753 -0.269536 3.161448
v 3.112937 -0.190501 3.362548
v 2.904936 -0.204128 3.418970
v 3.434828 -0.226014 3.258217
v 2.322034 -0.346221 3.182153
v 2.188864 -0.447662 2.516584
v 3.914255 -0.500508 2.472334
v 2.798978 -0.229586 3.422863
v 3.921188 -0.399207 2.639909
v 2.214865 -0.418142 2.651119
v 2.234200 -0.397865 2.768726
v 3.871453 -0.361842 2.815168
v 2.221113 -0.411775 2.680262
v 3.918012 -0.382803 2.687579
v 2.472936 -0.312292 3.350295
v 3.921149 -0.499132 2.645450
v 2.177501 -0.408770 2.629158
v 3.958929 -0.428001 2.603985
v 3.056057 -0.394042 3.487282
v 3.021760 -0.233140 3.439991
v 3.042090 -0.318785 3.457723
v 3.008641 -0.175836 3.435546
v 2.205429 -0.851290 2.598088
v 3.939475 -0.576959 2.452113
v 3.934333 -0.565724 2.550524
v 2.187217 -0.841582 2.646183
v 3.898190 -0.514383 2.809110
v 3.468275 -0.404949 3.354112
v 2.346285 -0.594833 3.340750
v 2.186700 -0.833530 2.654370
v 3.930804 -0.551527 2.607372
v 2.180809 -0.732532 3.082617
v 2.598707 -0.489690 3.462971
v 2.157441 -0.761313 2.539539
v 2.144820 -0.799788 2.868089
v 2.956652 -0.404699 3.500110
v 3.621277 -0.431101 3.240695
v 3.164937 -0.389079 3.462226
v 2.471199 -0.533535 3.421286
v 3.913405 -0.523863 2.750576
v 2.164471 -0.825970 2.715437
v 2.149203 -0.814456 2.799562
v 3.870998 -0.502226 2.881171
v 2.199633 -0.439995 2.563121
v 3.923006 -0.479209 2.514591
v 2.173754 -0.827702 2.687837
v 3.919409 -0.531289 2.701239
v 3.906049 -0.508161 2.435870
v 2.177373 -0.448173 2.463157
v 2.845753 -0.424165 3.499980
v 2.124568 -0.743370 2.469553
v 2.099001 -0.820532 2.469177
v 2.139594 -0.834410 2.525372
v 3.937944 -0.575276 2.496248
v 2.185747 -0.842422 2.617948
v 3.825820 -0.485095 2.978303
v 2.241403 -0.669191 3.218424
v 2.151963 -0.774392 2.961953
v 3.744678 -0.460277 3.104892
v 2.156095 -0.822256 2.751084
v 2.724747 -0.453301 3.486800
v 3.306260 -0.391239 3.421241
v 3.932803 -0.531564 2.438797
v 2.135770 -0.534580 2.474543
v 2.155879 -0.552414 2.584569
v 3.944428 -0.510461 2.524490
v 2.463648 -0.371736 3.380702
v 3.929435 -0.431869 2.715238
v 2.171978 -0.521278 2.692119
v 2.180362 -0.495365 2.768219
v 3.882148 -0.408415 2.846681
v 2.150592 -0.685429 2.517431
v 2.168385 -0.527219 2.663327
v 3.935948 -0.444236 2.664315
v 2.813649 -0.275207 3.461442
v 3.937273 -0.528445 2.474950
v 2.145387 -0.570341 2.541538
v 3.838756 -0.389182 2.942521
v 2.277856 -0.428014 3.188683
v 2.192996 -0.474936 2.932781
v 3.756382 -0.355235 3.070508
v 2.176367 -0.513619 2.728105
v 2.693919 -0.311249 3.449722
v 2.138571 -0.673535 2.468598
v 3.276825 -0.236031 3.364671
v 3.292231 -0.408890 3.371365
v 2.733966 -0.468858 3.434233
v 2.202976 -0.820208 2.756296
v 3.707299 -0.471735 3.070141
v 2.199251 -0.777229 2.955051
v 2.282958 -0.679962 3.191699
v 3.783770 -0.495781 2.950553
v 2.222920 -0.866662 2.570886
v 3.888259 -0.582878 2.493912
v 2.850469 -0.439658 3.446857
v 3.869328 -0.535606 2.695068
v 2.216733 -0.819600 2.703580
v 3.826418 -0.512534 2.858257
v 2.197019 -0.814764 2.801360
v 2.209641 -0.820969 2.726067
v 3.864722 -0.529932 2.739827
v 2.493047 -0.548390 3.374497
v 3.154821 -0.407556 3.411363
v 3.590379 -0.444112 3.199405
v 2.955673 -0.420929 3.447176
v 2.192607 -0.801173 2.866376
v 2.612505 -0.505358 3.411932
v 2.227084 -0.738788 3.068015
v 3.880645 -0.551826 2.602723
v 2.232458 -0.821937 2.657244
v 2.378797 -0.608618 3.302275
v 3.446322 -0.420034 3.307313
v 3.851646 -0.523131 2.790960
v 2.232033 -0.838057 2.616659
v 3.883777 -0.568513 2.547550
v 3.891265 -0.589278 2.447114
v 2.208106 -0.888295 2.553146
v 3.002105 -0.191538 3.398850
v 3.912568 -0.420811 2.775315
v 3.451507 -0.260633 3.309189
v 3.049657 -0.411606 3.435332
v 3.923630 -0.422211 2.598078
v 2.210226 -0.424222 2.626535
v 2.363856 -0.397518 3.303052
v 2.162388 -0.540925 2.614530
v 3.945737 -0.483135 2.576344
v 2.220388 -0.455046 3.056766
v 3.874887 -0.541412 2.651180
v 2.224856 -0.818334 2.682971
v 2.205937 -0.431231 2.215729
v 2.570268 -0.292329 1.425104
v 2.273000 -0.363204 1.754066
v 2.228253 -0.405016 2.097681
v 2.683621 -0.262498 1.402369
v 2.238678 -0.389453 1.973335
v 3.911086 -0.509228 2.407042
v 3.825691 -0.344796 1.904063
v 2.247680 -0.378073 1.873791
v 3.260343 -0.200631 1.499550
v 3.903119 -0.372396 2.071648
v 3.948905 -0.450408 2.257632
v 2.172688 -0.447169 2.407613
v 3.742009 -0.313896 1.780996
v 2.391304 -0.328452 1.532640
v 3.605753 -0.269536 1.653778
v 3.112937 -0.190501 1.452677
v 2.904936 -0.204128 1.396255
v 3.434828 -0.226014 1.557009
v 2.322034 -0.346221 1.633072
v 2.188864 -0.447662 2.298642
v 3.930904 -0.501023 2.342976
v 3.199497 -0.789912 1.246282
v 2.798978 -0.229586 1.392363
v 3.936386 -0.399915 2.176108
v 2.214865 -0.418142 2.164106
v 2.234200 -0.397865 2.046499
v 3.871580 -0.361872 2.000034
v 2.221113 -0.411775 2.134964
v 3.924063 -0.383309 2.128289
v 2.472936 -0.312292 1.464931
v 2.573609 -0.345872 3.424640
v 2.184285 -0.487474 2.835382
v 2.923724 -0.247786 3.458426
v 3.621264 -0.307309 3.205621
v 3.130334 -0.228971 3.407594
v 3.928148 -0.549825 2.447088
v 2.147577 -0.428734 2.470979
v 3.941610 -0.510834 2.432272
v 3.929757 -0.534506 2.543376
v 2.153960 -0.703201 2.615636
v 3.957590 -0.486254 2.512296
v 2.167487 -0.424387 2.569133
v 2.474426 -0.458763 3.392420
v 3.906913 -0.480889 2.736758
v 2.114358 -0.738517 2.408004
v 2.155338 -0.677134 2.705269
v 2.148932 -0.668278 2.779499
v 3.863927 -0.458839 2.864701
v 2.156737 -0.681134 2.678173
v 3.913734 -0.489379 2.687961
v 2.157663 -0.761415 2.275409
v 2.836540 -0.354130 3.472883
v 3.929288 -0.547832 2.489468
v 2.147887 -0.716046 2.590719
v 3.820742 -0.440844 2.960086
v 3.891625 -0.471028 2.794472
v 3.456594 -0.337969 3.333042
v 2.259095 -0.561920 3.193623
v 2.358716 -0.505075 3.312973
v 2.158305 -0.691888 2.638157
v 2.199633 -0.439995 2.252105
v 3.945275 -0.479799 2.300660
v 3.927692 -0.514553 2.598577
v 2.163561 -0.641566 2.938056
v 3.919600 -0.508074 2.379045
v 2.177373 -0.448173 2.352068
v 2.194734 -0.610262 3.059340
v 2.124505 -0.743502 2.346459
v 2.098994 -0.820514 2.346671
v 2.139445 -0.834140 2.291278
v 2.081923 -0.816952 2.407739
v 2.594131 -0.423124 3.435029
v 3.740622 -0.412097 3.086967
v 2.154267 -0.672485 2.740309
v 2.152407 -0.658833 2.844579
v 2.945703 -0.331076 3.471931
v 2.717020 -0.386955 3.459903
v 3.614320 -0.374402 3.223291
v 3.148402 -0.314077 3.431756
v 3.290686 -0.318580 3.392738
v 2.456203 -0.306042 3.384804
v 3.952356 -0.388624 2.696885
v 2.188753 -0.395567 2.685826
v 3.902999 -0.362398 2.834000
v 2.201151 -0.381644 2.770646
v 2.182461 -0.402142 2.655576
v 3.956394 -0.406077 2.646142
v 2.796191 -0.220023 3.462082
v 2.132229 -0.671097 2.409555
v 3.948212 -0.506421 2.464872
v 2.158639 -0.430129 2.526596
v 2.150590 -0.685656 2.301516
v 2.292849 -0.334427 3.201725
v 3.448670 -0.204615 3.289181
v 2.906618 -0.191625 3.457400
v 3.121968 -0.171955 3.397526
v 3.626289 -0.252705 3.189963
v 2.367237 -0.320237 3.310610
v 3.768165 -0.304281 3.059517
v 3.960686 -0.455800 2.560927
v 3.935380 -0.375244 2.759172
v 3.270233 -0.179601 3.349022
v 2.215190 -0.361793 2.945882
v 2.138560 -0.673779 2.350524
v 3.855636 -0.341594 2.932249
v 3.292134 -0.408831 1.443799
v 2.733966 -0.468858 1.380992
v 2.203027 -0.820244 2.060613
v 3.707286 -0.471725 1.745063
v 2.196396 -0.777514 1.858999
v 2.282870 -0.680669 1.624123
v 3.783910 -0.495857 1.864950
v 2.217215 -0.863433 2.251150
v 3.920769 -0.583390 2.316949
v 2.850469 -0.439658 1.368368
v 3.887220 -0.536093 2.124301
v 2.216821 -0.819655 2.113439
v 3.826230 -0.512610 1.956699
v 2.197060 -0.814799 2.015064
v 2.209715 -0.821016 2.090952
v 3.869311 -0.530548 2.077211
v 2.493047 -0.548390 1.440729
v 3.897646 -0.590271 2.403371
v 3.154821 -0.407555 1.403863
v 3.590407 -0.444098 1.615833
v 2.955673 -0.420929 1.368050
v 2.192835 -0.801298 1.948527
v 2.612505 -0.505358 1.403293
v 2.222199 -0.739565 1.747690
v 3.917135 -0.553237 2.215431
v 2.232329 -0.821666 2.156853
v 2.378774 -0.608685 1.512997
v 3.446406 -0.419976 1.507921
v 3.851495 -0.523309 2.024148
v 2.227257 -0.813455 2.202712
v 3.924072 -0.569492 2.267404
v 3.909750 -0.589290 2.360783
v 2.201986 -0.883723 2.269386
v 3.002105 -0.191538 1.416376
v 2.205873 -0.373004 2.843100
v 2.677563 -0.255061 3.451953
v 3.049657 -0.411606 1.379893
v 3.944361 -0.422784 2.217515
v 2.210227 -0.424222 2.188691
v 2.195426 -0.388854 2.722013
v 2.241324 -0.348355 3.072229
v 2.560177 -0.286122 3.428041
v 2.173078 -0.416219 2.602016
v 3.903661 -0.542391 2.168578
v 2.224971 -0.818426 2.133907
v 3.325198 -0.670336 3.466289
v 2.718327 -0.734949 3.535150
v 2.314390 -1.134711 2.800561
v 3.775138 -0.737072 3.136815
v 2.244616 -1.080040 3.019703
v 2.232055 -0.965822 3.275758
v 3.859238 -0.781227 3.006530
v 2.337764 -1.173665 2.618179
v 3.959438 -0.891964 2.503612
v 2.845063 -0.704035 3.548534
v 3.952783 -0.812007 2.728126
v 2.337726 -1.133645 2.742695
v 3.906790 -0.792699 2.905054
v 2.297367 -1.127182 2.850748
v 2.326803 -1.135561 2.767013
v 3.948310 -0.802752 2.775994
v 2.455140 -0.821530 3.471967
v 3.176332 -0.669086 3.510231
v 3.647840 -0.724260 3.277179
v 2.959185 -0.684130 3.548815
v 2.271711 -1.109760 2.922491
v 2.585845 -0.774165 3.511567
v 2.214443 -1.033130 3.142329
v 3.947576 -0.837166 2.629854
v 2.358740 -1.134639 2.694014
v 2.329800 -0.886901 3.394684
v 3.491512 -0.682044 3.394900
v 3.934253 -0.793631 2.831442
v 2.358964 -1.148179 2.656929
v 3.951469 -0.864204 2.567334
v 3.965811 -0.908742 2.450259
v 2.307179 -1.185249 2.595402
v 3.061566 -0.673807 3.536161
v 3.950056 -0.821158 2.681734
v 2.348530 -1.131949 2.721362
v 3.324861 -0.669912 1.348967
v 2.718327 -0.734949 1.280076
v 2.314443 -1.134846 2.024297
v 3.775146 -0.755595 1.678494
v 2.221522 -1.080851 1.796640
v 2.225753 -0.966806 1.540787
v 3.859608 -0.767918 1.809123
v 2.337538 -1.173529 2.208591
v 3.999132 -0.907556 2.305960
v 2.845063 -0.704035 1.266692
v 3.958838 -0.820987 2.091415
v 2.337800 -1.133864 2.082743
v 3.906565 -0.781453 1.909191
v 2.297318 -1.127288 1.972729
v 2.326870 -1.135743 2.058279
v 3.948218 -0.810961 2.040461
v 2.455138 -0.821533 1.343259
v 3.974430 -0.915155 2.402194
v 3.176260 -0.668991 1.305012
v 3.647940 -0.707026 1.538099
v 2.959185 -0.684130 1.266411
v 2.267805 -1.109943 1.897269
v 2.585845 -0.774164 1.303659
v 2.182863 -1.034804 1.674212
v 3.987144 -0.854680 2.191893
v 2.358659 -1.134737 2.130806
v 2.329654 -0.887019 1.420653
v 3.491686 -0.699544 1.420671
v 3.933856 -0.797421 1.982691
v 2.358992 -1.148164 2.168946
v 3.998709 -0.882033 2.250767
v 3.988241 -0.918107 2.354829
v 2.307099 -1.184901 2.231198
v 3.061566 -0.673807 1.279065
v 3.972291 -0.833520 2.139585
v 2.348601 -1.132143 2.104151
v 3.338340 -0.791032 3.504057
v 2.708989 -0.858086 3.575180
v 2.327902 -1.281184 2.817010
v 3.804756 -0.909514 3.162541
v 2.262076 -1.216979 3.044554
v 2.212097 -1.090616 3.305916
v 3.891942 -0.977123 3.027306
v 2.356846 -1.305025 2.612334
v 3.966361 -1.304002 2.505349
v 2.840418 -0.826054 3.589191
v 3.988438 -0.991342 2.739720
v 2.356448 -1.281476 2.756046
v 3.940976 -0.967229 2.922487
v 2.309834 -1.270943 2.868704
v 2.343008 -1.282970 2.781879
v 3.983781 -0.956992 2.788929
v 2.436490 -0.944460 3.508765
v 3.184029 -0.789785 3.549597
v 3.672979 -0.908556 3.307915
v 2.958831 -0.805374 3.589552
v 2.287722 -1.250395 2.943066
v 2.571723 -0.897872 3.550461
v 2.217938 -1.163991 3.171066
v 3.972652 -1.096775 2.639943
v 2.379512 -1.281918 2.706872
v 2.307638 -1.009176 3.427755
v 3.510792 -0.813234 3.430088
v 3.969314 -0.947093 2.846243
v 2.378665 -1.288986 2.662935
v 3.948370 -1.197778 2.574496
v 3.991643 -1.378446 2.449074
v 2.340174 -1.324748 2.582019
v 3.065044 -0.794682 3.576467
v 3.985714 -1.032260 2.692710
v 2.368873 -1.280592 2.734257
v 3.338004 -0.807533 1.311108
v 2.708989 -0.858086 1.240046
v 2.327956 -1.281287 2.010576
v 3.804865 -0.949967 1.652945
v 2.232975 -1.217115 1.773005
v 2.202024 -1.091540 1.511495
v 3.892172 -0.926485 1.788180
v 2.356735 -1.304858 2.216750
v 4.029665 -1.402850 2.304753
v 2.840418 -0.826054 1.226035
v 3.988403 -1.082881 2.078141
v 2.356495 -1.281624 2.072488
v 3.940658 -0.923601 1.891669
v 2.309722 -1.271062 1.957074
v 2.343063 -1.283097 2.046346
v 3.983706 -1.032401 2.026762
v 2.436482 -0.944479 1.306462
v 4.006202 -1.417385 2.401314
v 3.183938 -0.789751 1.265612
v 3.672962 -0.860290 1.507183
v 2.958831 -0.805374 1.225673
v 2.283370 -1.250502 1.878274
v 2.571723 -0.897872 1.264765
v 2.174682 -1.164746 1.647091
v 3.984388 -1.228676 2.182231
v 2.379522 -1.281966 2.121931
v 2.307048 -1.009381 1.387695
v 3.511093 -0.882528 1.385483
v 3.968860 -0.975979 1.967668
v 2.378641 -1.288886 2.166036
v 4.012942 -1.323712 2.249074
v 4.021011 -1.433470 2.353458
v 2.340048 -1.324641 2.247010
v 3.065044 -0.794682 1.238758
v 3.985364 -1.143742 2.126977
v 2.368903 -1.280733 2.094440
v 3.340527 -0.869530 3.506577
v 2.707384 -0.937029 3.578559
v 2.331278 -1.366142 2.819718
v 3.805827 -0.999556 3.165417
v 2.268711 -1.304857 3.048437
v 2.217639 -1.179418 3.310227
v 3.893602 -1.078127 3.030757
v 2.392956 -1.397229 2.552866
v 3.975959 -1.707872 2.502798
v 2.839097 -0.904783 3.592473
v 3.991740 -1.196668 2.741448
v 2.362022 -1.368478 2.748436
v 3.943620 -1.061042 2.925436
v 2.313653 -1.357276 2.871596
v 2.346919 -1.367909 2.783942
v 3.986788 -1.108685 2.790846
v 2.434499 -1.028218 3.510298
v 3.186455 -0.868130 3.552629
v 3.674218 -1.007162 3.310004
v 2.957925 -0.883939 3.592913
v 2.294170 -1.337884 2.946275
v 2.569952 -0.977925 3.553463
v 2.225105 -1.252539 3.176169
v 3.987337 -1.423239 2.643771
v 2.390613 -1.374212 2.666082
v 2.307305 -1.097215 3.428726
v 3.512254 -0.901427 3.431117
v 3.972110 -1.054938 2.848665
v 2.397647 -1.381292 2.605799
v 3.969038 -1.575573 2.571847
v 3.998862 -1.784786 2.449562
v 2.379495 -1.403673 2.532895
v 3.065754 -0.873013 3.579819
v 3.988984 -1.296543 2.693958
v 2.376591 -1.370585 2.711143
v 3.340308 -0.896013 1.308568
v 2.707384 -0.937028 1.236667
v 2.331334 -1.366205 2.008485
v 3.805889 -1.051057 1.649892
v 2.240058 -1.304716 1.769505
v 2.203645 -1.179898 1.508268
v 3.893697 -1.020483 1.784646
v 2.392910 -1.397193 2.276637
v 4.034863 -1.801590 2.302420
v 2.839097 -0.904783 1.222753
v 3.998340 -1.402277 2.075298
v 2.362060 -1.368557 2.080836
v 3.943289 -1.058180 1.888996
v 2.313548 -1.357394 1.954834
v 2.346972 -1.367981 2.044946
v 3.986863 -1.294319 2.024974
v 2.434482 -1.028262 1.304935
v 4.010735 -1.813287 2.400997
v 3.186382 -0.868102 1.262578
v 3.674292 -0.950230 1.505291
v 2.957925 -0.883939 1.222313
v 2.288691 -1.338021 1.875909
v 2.569952 -0.977925 1.261763
v 2.184063 -1.252334 1.641800
v 3.991500 -1.624669 2.187773
v 2.390729 -1.374269 2.163804
v 2.305566 -1.097563 1.386843
v 3.512477 -0.981624 1.384246
v 3.971851 -1.175385 1.965641
v 2.397727 -1.381247 2.224128
v 4.023704 -1.734210 2.248227
v 4.024943 -1.820711 2.353012
v 2.379395 -1.403651 2.296311
v 3.065754 -0.873013 1.235407
v 4.008820 -1.508381 2.120599
v 2.376658 -1.370687 2.118500
v 2.182339 -0.425167 2.602678
v 2.563992 -0.292644 3.416864
v 2.250354 -0.357541 3.069629
v 2.204895 -0.397985 2.721042
v 2.680335 -0.261746 3.440276
v 2.215166 -0.382342 2.843291
v 3.845894 -0.347104 2.926434
v 2.224295 -0.371272 2.945183
v 3.267202 -0.190204 3.340105
v 3.924164 -0.378540 2.754678
v 3.948625 -0.457507 2.562250
v 3.759850 -0.311815 3.052944
v 2.374667 -0.327503 3.302747
v 3.619835 -0.262377 3.182862
v 3.119380 -0.181793 3.387787
v 2.906831 -0.199822 3.446229
v 3.444344 -0.215555 3.281461
v 2.301474 -0.342767 3.196551
v 2.166256 -0.440288 2.523710
v 3.937096 -0.509469 2.468792
v 2.797949 -0.227298 3.450426
v 3.943940 -0.407323 2.645556
v 2.191509 -0.411451 2.655236
v 2.210703 -0.390772 2.770469
v 3.892426 -0.366537 2.828446
v 2.197876 -0.404849 2.684845
v 3.940459 -0.390761 2.694789
v 2.461714 -0.312740 3.374843
v 2.155504 -0.737769 2.576493
v 2.176354 -0.433624 2.568218
v 3.946034 -0.488141 2.515420
v 3.929268 -0.514404 2.433290
v 2.154704 -0.439594 2.468510
v 2.145788 -0.647389 2.532006
v 2.135345 -0.617296 2.474156
v 3.302839 -0.388955 3.408166
v 2.725775 -0.450562 3.473128
v 2.168257 -0.816672 2.750135
v 3.736209 -0.456186 3.095683
v 2.163239 -0.769639 2.957498
v 2.250061 -0.665646 3.209597
v 3.816290 -0.480849 2.970777
v 2.200141 -0.863444 2.595542
v 3.926395 -0.570633 2.494783
v 2.845882 -0.421304 3.486312
v 3.908576 -0.525474 2.698589
v 2.183752 -0.820194 2.690597
v 3.860854 -0.497916 2.874909
v 2.161779 -0.809689 2.797361
v 2.175681 -0.819391 2.716618
v 3.902760 -0.518291 2.747149
v 2.475082 -0.530578 3.408441
v 3.162203 -0.387089 3.448900
v 3.614254 -0.427420 3.229873
v 2.955664 -0.401990 3.486473
v 2.156997 -0.795028 2.865101
v 2.600746 -0.487005 3.449426
v 2.191056 -0.728295 3.076303
v 3.920185 -0.544854 2.604415
v 2.196074 -0.826449 2.651499
v 2.352692 -0.591769 3.329506
v 3.463233 -0.401811 3.341892
v 3.887761 -0.509567 2.804024
v 2.200473 -0.837617 2.630347
v 3.923120 -0.559835 2.548224
v 3.927774 -0.573642 2.450654
v 2.210068 -0.843827 2.581389
v 3.007095 -0.184950 3.425134
v 3.053996 -0.391744 3.473770
v 3.946527 -0.429498 2.604048
v 2.186673 -0.417901 2.629656
v 3.914361 -0.533159 2.654114
v 2.191479 -0.821125 2.669511
v 2.182339 -0.425167 2.212548
v 2.563992 -0.292644 1.398361
v 2.250354 -0.357541 1.745596
v 2.204895 -0.397985 2.094183
v 2.680335 -0.261746 1.374949
v 2.215166 -0.382342 1.971935
v 3.929685 -0.512993 2.410444
v 3.845894 -0.347104 1.888791
v 2.224295 -0.371272 1.870043
v 3.267202 -0.190204 1.475121
v 3.924450 -0.377846 2.059439
v 3.972374 -0.456559 2.253588
v 2.149683 -0.438039 2.407613
v 3.759850 -0.311815 1.762282
v 2.374667 -0.327503 1.512479
v 3.619835 -0.262377 1.632363
v 3.119380 -0.181793 1.427438
v 2.906831 -0.199822 1.368996
v 3.444344 -0.215555 1.533764
v 2.301474 -0.342767 1.618674
v 2.166256 -0.440288 2.291516
v 3.953168 -0.508194 2.351930
v 2.797949 -0.227298 1.364799
v 3.958940 -0.405187 2.167092
v 2.191509 -0.411451 2.159990
v 2.210703 -0.390772 2.044757
v 3.892569 -0.366573 1.986796
v 2.197876 -0.404849 2.130380
v 3.946042 -0.388885 2.117741
v 2.461714 -0.312740 1.440383
v 2.155450 -0.738331 2.239105
v 2.176354 -0.433624 2.247007
v 3.968567 -0.487525 2.302774
v 3.937750 -0.512450 2.386572
v 2.154704 -0.439594 2.346716
v 2.130038 -0.612091 2.411555
v 2.145787 -0.647439 2.289060
v 2.135356 -0.617317 2.348614
v 3.302839 -0.388955 1.407059
v 2.725775 -0.450562 1.342098
v 2.168252 -0.816671 2.066705
v 3.736209 -0.456186 1.719543
v 2.160167 -0.769165 1.858464
v 2.250402 -0.665319 1.605590
v 3.816290 -0.480849 1.844448
v 2.197680 -0.873437 2.221615
v 3.955818 -0.568008 2.326689
v 2.845882 -0.421304 1.328914
v 3.923073 -0.523245 2.110635
v 2.183756 -0.820191 2.126464
v 3.860866 -0.497916 1.940318
v 2.161799 -0.809690 2.019155
v 2.175680 -0.819391 2.100391
v 3.905583 -0.517368 2.063743
v 2.475082 -0.530578 1.406785
v 3.932368 -0.573288 2.412786
v 3.162203 -0.387089 1.366326
v 3.614254 -0.427420 1.585353
v 2.955664 -0.401990 1.328753
v 2.157142 -0.794926 1.951164
v 2.600746 -0.487005 1.365800
v 2.186268 -0.727616 1.739234
v 3.953367 -0.540033 2.209276
v 2.194395 -0.825880 2.164888
v 2.352732 -0.591772 1.485740
v 3.463233 -0.401811 1.473333
v 3.887352 -0.509428 2.010095
v 2.193030 -0.839062 2.189331
v 3.960337 -0.555340 2.269423
v 3.943593 -0.572816 2.373511
v 2.204021 -0.864381 2.240823
v 3.007095 -0.184950 1.390091
v 3.053996 -0.391743 1.341456
v 3.967378 -0.427824 2.210020
v 2.186673 -0.417901 2.185570
v 3.939422 -0.529539 2.156916
v 2.191497 -0.821047 2.147366
v 2.158421 -0.685383 2.656927
v 2.165692 -0.533269 2.638857
v 3.941524 -0.460290 2.621298
v 3.924955 -0.539477 2.657186
v 2.183490 -0.830287 2.667646
v 2.173079 -0.416218 2.213204
v 2.560177 -0.286122 1.387185
v 2.241324 -0.348355 1.742996
v 2.195426 -0.388854 2.093213
v 2.677563 -0.255061 1.363272
v 2.205873 -0.373004 1.972126
v 3.939098 -0.513759 2.412391
v 3.855636 -0.341594 1.882977
v 2.215190 -0.361793 1.869344
v 3.270233 -0.179601 1.466203
v 3.935351 -0.374212 2.054312
v 3.984130 -0.453879 2.255279
v 2.142613 -0.426882 2.407626
v 3.768165 -0.304281 1.755708
v 2.367237 -0.320237 1.504615
v 3.626289 -0.252705 1.625263
v 3.121968 -0.171954 1.417699
v 2.906618 -0.191625 1.357825
v 3.448670 -0.204615 1.526044
v 2.292849 -0.334427 1.613501
v 2.158676 -0.430106 2.288575
v 3.963620 -0.504293 2.358087
v 2.796191 -0.220023 1.353144
v 3.970968 -0.402282 2.164778
v 2.182461 -0.402142 2.159649
v 2.201151 -0.381644 2.044579
v 3.903048 -0.362428 1.981304
v 2.188753 -0.395567 2.129399
v 3.957536 -0.385649 2.113861
v 2.456203 -0.306042 1.430422
v 3.930905 -0.548376 2.414757
v 3.290686 -0.318580 1.422487
v 3.148402 -0.314077 1.383469
v 3.614320 -0.374402 1.591934
v 2.717020 -0.386955 1.355323
v 2.945703 -0.331076 1.343294
v 2.152404 -0.658759 1.970844
v 2.154266 -0.672501 2.074920
v 3.740622 -0.412097 1.728259
v 2.594131 -0.423124 1.380197
v 2.194790 -0.609807 1.755940
v 2.163558 -0.641223 1.877522
v 3.955681 -0.509903 2.215196
v 2.158306 -0.691913 2.177101
v 2.358716 -0.505075 1.502252
v 2.259155 -0.561757 1.621549
v 3.456594 -0.337969 1.482183
v 3.891119 -0.470610 2.019325
v 3.820742 -0.440844 1.855139
v 2.147886 -0.716397 2.224936
v 3.954387 -0.543629 2.333862
v 2.836540 -0.354130 1.342343
v 3.928210 -0.486559 2.120848
v 2.156742 -0.681170 2.137095
v 3.863929 -0.458841 1.950528
v 2.148932 -0.668286 2.035731
v 2.155338 -0.677155 2.109960
v 3.911120 -0.479173 2.073318
v 2.474426 -0.458763 1.422805
v 2.167498 -0.424376 2.246062
v 3.979554 -0.484659 2.307181
v 2.153890 -0.703382 2.199987
v 3.961186 -0.529158 2.274787
v 3.948486 -0.509003 2.393633
v 2.147609 -0.428713 2.344240
v 3.941014 -0.548067 2.380392
v 3.933706 -0.529412 2.413969
v 3.130334 -0.228971 1.407631
v 3.621264 -0.307309 1.609605
v 2.923724 -0.247786 1.356799
v 2.184285 -0.487475 1.979843
v 2.573609 -0.345871 1.390585
v 2.220388 -0.455046 1.758460
v 3.971201 -0.480502 2.239020
v 2.162390 -0.540921 2.200714
v 2.363856 -0.397518 1.512174
v 3.451507 -0.260633 1.506036
v 3.912107 -0.420014 2.038358
v 3.276825 -0.236031 1.450555
v 2.693919 -0.311249 1.365503
v 2.176367 -0.513619 2.087121
v 3.756382 -0.355235 1.744717
v 2.192996 -0.474936 1.882445
v 2.131015 -0.528054 2.409364
v 2.277856 -0.428014 1.626542
v 3.838756 -0.389182 1.872704
v 2.145415 -0.570268 2.275601
v 3.956993 -0.525327 2.347465
v 2.813649 -0.275206 1.353783
v 3.951811 -0.441106 2.146173
v 2.168385 -0.527219 2.151899
v 3.882150 -0.408417 1.968548
v 2.180362 -0.495365 2.047007
v 2.171978 -0.521278 2.123106
v 3.935439 -0.429424 2.095496
v 2.463648 -0.371736 1.434523
v 3.968823 -0.507382 2.294095
v 2.155891 -0.552399 2.230959
v 2.135788 -0.534474 2.343946
v 3.942175 -0.529659 2.387180
v 3.306260 -0.391239 1.393985
v 2.724747 -0.453301 1.328426
v 2.156102 -0.822263 2.065701
v 3.744678 -0.460277 1.710333
v 2.148818 -0.773711 1.854230
v 2.241670 -0.668618 1.596664
v 3.825820 -0.485095 1.836922
v 2.183896 -0.863360 2.200298
v 3.967320 -0.571541 2.328603
v 2.845753 -0.424165 1.315245
v 3.933566 -0.528001 2.105113
v 2.173717 -0.827661 2.129335
v 3.871004 -0.502224 1.934061
v 2.149203 -0.814457 2.016883
v 2.164482 -0.825981 2.101547
v 3.916237 -0.521980 2.058194
v 2.471199 -0.533535 1.393939
v 3.943808 -0.576133 2.415828
v 3.164937 -0.389079 1.352999
v 3.621277 -0.431101 1.574531
v 2.956652 -0.404699 1.315116
v 2.144811 -0.799543 1.948269
v 2.598707 -0.489690 1.352254
v 2.176034 -0.731593 1.732991
v 3.964318 -0.544713 2.205464
v 2.186422 -0.833169 2.163879
v 2.346303 -0.594836 1.474467
v 3.468275 -0.404949 1.461114
v 3.897793 -0.513973 2.004449
v 2.185755 -0.841925 2.174696
v 3.971777 -0.559482 2.268188
v 3.954953 -0.575854 2.377311
v 2.217103 -0.843029 2.197733
v 3.008641 -0.175836 1.379680
v 3.042090 -0.318785 1.357503
v 3.021760 -0.233140 1.375234
v 3.056057 -0.394042 1.327943
v 3.979506 -0.424975 2.209368
v 2.177501 -0.408770 2.186067
v 3.943221 -0.495564 2.165531
v 2.158430 -0.685435 2.158389
v 2.165692 -0.533268 2.176368
v 3.963652 -0.457529 2.191439
v 3.949935 -0.534383 2.151835
v 2.183286 -0.830232 2.150621
v 3.991567 -0.817139 2.619481
v 3.960515 -0.394058 2.619481
v 3.991567 -0.817139 2.195262
v 3.960515 -0.394058 2.195262
v 4.081860 -0.778920 2.587973
v 4.055420 -0.418685 2.587973
v 4.081860 -0.778920 2.226770
v 4.055420 -0.418685 2.226770
v 3.983768 -0.874022 2.407372
v 3.964131 -0.606473 2.675641
v 3.944494 -0.338923 2.407372
v 3.964131 -0.606473 2.139102
v 4.033612 -0.835423 2.173949
v 3.999440 -0.369832 2.173949
v 4.075549 -0.598295 2.156077
v 4.093943 -0.848916 2.407372
v 4.057155 -0.347675 2.407372
v 4.075549 -0.598295 2.658666
v 4.033612 -0.835423 2.640794
v 3.999440 -0.369832 2.640794
v 3.992942 -0.281287 2.407372
v 4.040111 -0.923968 2.407372
v 4.016526 -0.602628 2.729576
v 4.016526 -0.602628 2.085167
v 3.937766 -0.608408 2.407372
v 3.985628 -0.853167 2.530209
v 4.055655 -0.367723 2.525938
v 3.949380 -0.359283 2.530209
v 4.089533 -0.829302 2.525938
v 3.994963 -0.308829 2.534852
v 4.038089 -0.896425 2.534852
v 3.942432 -0.608066 2.558780
v 3.949380 -0.359283 2.284534
v 4.089533 -0.829302 2.288805
v 3.985628 -0.853167 2.284534
v 4.055655 -0.367723 2.288805
v 3.994963 -0.308829 2.279891
v 4.038089 -0.896425 2.279891
v 3.942432 -0.608066 2.255963
v 3.958513 -0.483717 2.654978
v 3.958513 -0.483717 2.159765
v 4.063915 -0.480263 2.175961
v 4.063915 -0.480264 2.638782
v 4.007195 -0.475489 2.701960
v 4.007195 -0.475489 2.112783
v 3.931350 -0.457063 2.407372
v 3.937148 -0.467973 2.547476
v 4.097389 -0.431640 2.242564
v 3.937148 -0.467973 2.267267
v 3.976496 -0.728734 2.159765
v 4.081273 -0.716761 2.175961
v 4.081273 -0.716761 2.638782
v 3.976496 -0.728734 2.654978
v 4.025857 -0.729766 2.701960
v 4.121484 -0.759938 2.242564
v 4.025857 -0.729766 2.112783
v 3.953515 -0.759068 2.407372
v 3.957659 -0.747429 2.547476
v 4.097389 -0.431640 2.571744
v 3.957659 -0.747429 2.267267
v 4.121484 -0.759938 2.571744
v 4.080078 -0.729221 2.143502
v 4.077944 -0.824769 2.181330
v 4.089810 -0.861829 2.276465
v 4.051181 -0.335504 2.538278
v 4.044852 -0.373899 2.633413
v 4.080078 -0.729221 2.671242
v 4.077944 -0.824769 2.633413
v 4.060913 -0.468111 2.143502
v 4.074090 -0.598403 2.121481
v 4.089810 -0.861829 2.538278
v 4.095017 -0.883526 2.407372
v 4.051181 -0.335504 2.276465
v 4.053164 -0.313279 2.407372
v 4.060913 -0.468111 2.671242
v 4.074090 -0.598403 2.693262
v 4.044852 -0.373899 2.181330
v 4.083606 -0.714228 2.185791
v 4.079334 -0.790116 2.215788
v 4.091319 -0.819315 2.291160
v 4.058881 -0.377342 2.523583
v 4.051287 -0.407977 2.598955
v 4.083606 -0.714228 2.628952
v 4.079334 -0.790116 2.598955
v 4.066594 -0.482429 2.185791
v 4.077767 -0.598133 2.166347
v 4.091319 -0.819315 2.523583
v 4.095409 -0.838511 2.407372
v 4.058881 -0.377342 2.291160
v 4.060124 -0.357754 2.407372
v 4.066594 -0.482429 2.628952
v 4.077767 -0.598133 2.648396
v 4.051287 -0.407977 2.215788
v 4.095278 -0.777191 2.587232
v 4.068948 -0.418436 2.587232
v 4.095278 -0.777191 2.227512
v 4.068948 -0.418436 2.227512
v 4.149448 -0.744768 2.557838
v 4.127256 -0.442407 2.557838
v 4.149448 -0.744768 2.254663
v 4.127256 -0.442407 2.254663
v 4.176977 -0.590623 2.404774
v 4.173044 -0.590912 2.532382
v 4.173044 -0.590912 2.277165
v 4.163703 -0.463646 2.404774
v 4.160212 -0.473456 2.522854
v 4.097018 -0.712765 2.186701
v 4.104699 -0.817420 2.291637
v 4.072394 -0.377263 2.523106
v 4.097018 -0.712765 2.628042
v 4.080075 -0.481918 2.186701
v 4.091203 -0.597147 2.167336
v 4.104699 -0.817420 2.523106
v 4.108773 -0.836538 2.407372
v 4.072394 -0.377263 2.291637
v 4.073633 -0.357755 2.407372
v 4.080075 -0.481918 2.628042
v 4.091203 -0.597147 2.647407
v 4.121121 -0.701144 2.205432
v 4.128150 -0.796914 2.301460
v 4.098588 -0.394125 2.513278
v 4.121121 -0.701144 2.609305
v 4.105617 -0.489895 2.205432
v 4.115774 -0.595343 2.187715
v 4.128150 -0.796914 2.513278
v 4.131853 -0.814410 2.407372
v 4.098588 -0.394125 2.301460
v 4.099696 -0.376276 2.407372
v 4.105617 -0.489895 2.609305
v 4.115774 -0.595343 2.627028
v 4.160212 -0.473456 2.286693
v 4.182385 -0.718178 2.404774
v 4.177498 -0.708983 2.522854
v 4.177498 -0.708983 2.286693
v 4.143661 -0.691072 2.221064
v 4.150135 -0.779276 2.309505
v 4.122908 -0.408308 2.504589
v 4.143661 -0.691072 2.593030
v 4.129382 -0.496512 2.221064
v 4.137771 -0.593710 2.204852
v 4.150135 -0.779276 2.504589
v 4.152579 -0.795470 2.407155
v 4.122908 -0.408308 2.309505
v 4.122963 -0.391949 2.407156
v 4.129382 -0.496512 2.593030
v 4.137771 -0.593710 2.609459
vn -0.6844 -0.3953 0.6126
vn -0.7463 0.3365 0.5743
vn -0.9722 0.2317 -0.0349
vn -0.8962 -0.3913 0.2090
vn -0.4150 0.8140 0.4065
vn -0.2071 0.9361 0.2842
vn -0.4292 0.8752 -0.2232
vn -0.6911 0.6834 -0.2352
vn -0.9174 0.1276 -0.3768
vn -0.9428 -0.3071 -0.1298
vn -0.5542 0.6790 -0.4815
vn -0.7391 0.4436 -0.5069
vn -0.3549 -0.4573 0.8154
vn -0.3132 -0.2980 0.9017
vn -0.5808 -0.5689 0.5823
vn -0.1892 0.1701 0.9671
vn 0.0198 0.5082 0.8610
vn 0.1210 0.7445 0.6566
vn 0.2391 0.9112 0.3354
vn 0.1208 0.9915 0.0489
vn -0.0350 0.9814 -0.1885
vn -0.2204 0.8818 -0.4171
vn -0.3439 0.7142 -0.6097
vn -0.5829 0.4628 -0.6679
vn -0.6802 0.2871 -0.6744
vn -0.7901 0.0782 -0.6079
vn -0.8586 -0.2522 -0.4464
vn -0.8296 -0.5583 -0.0060
vn -0.8147 -0.4906 -0.3093
vn -0.7470 -0.5957 0.2952
vn -0.6613 -0.2929 -0.6906
vn -0.6118 0.0255 -0.7906
vn -0.4048 0.0029 -0.9144
vn -0.4603 -0.3231 -0.8269
vn -0.5461 0.2043 -0.8124
vn -0.4762 0.3664 -0.7994
vn -0.2990 0.3475 -0.8887
vn -0.3552 0.1746 -0.9183
vn -0.1659 0.0656 -0.9840
vn -0.3155 -0.2508 -0.9152
vn -0.0775 0.3592 -0.9300
vn -0.1158 0.2134 -0.9701
vn -0.6642 -0.5926 -0.4557
vn -0.2763 0.6990 -0.6596
vn -0.1324 0.6838 -0.7176
vn 0.0742 0.6528 -0.7539
vn 0.2538 0.6394 -0.7258
vn 0.2579 0.4653 -0.8467
vn 0.2822 0.3374 -0.8981
vn 0.2448 0.2022 -0.9483
vn -0.0358 -0.2382 -0.9706
vn -0.4781 -0.5666 -0.6711
vn -0.4267 -0.6008 -0.6760
vn -0.5024 -0.6122 -0.6107
vn 0.6802 -0.5820 -0.4457
vn 0.8316 0.2454 -0.4982
vn 0.9461 0.2075 0.2488
vn 0.7989 -0.4133 0.4369
vn 0.7924 0.4231 -0.4395
vn 0.6896 0.5301 -0.4933
vn 0.8729 0.4852 -0.0516
vn 0.9389 0.3342 0.0818
vn 0.8863 0.0977 0.4526
vn 0.7201 -0.2354 0.6528
vn 0.9230 0.3387 0.1827
vn 0.9260 0.1996 0.3203
vn -0.1303 -0.9683 -0.2129
vn 0.4969 0.7278 -0.4726
vn 0.6877 0.7011 -0.1884
vn 0.7965 0.6019 0.0566
vn 0.8268 0.4789 0.2950
vn 0.8808 0.2212 0.4186
vn 0.8625 0.0980 0.4965
vn 0.8121 -0.0132 0.5834
vn 0.6716 -0.2398 0.7010
vn 0.3025 -0.6889 0.6587
vn 0.4285 -0.4984 0.7537
vn 0.1051 -0.9033 0.4160
vn 0.4574 -0.2478 0.8541
vn 0.6211 -0.0168 0.7836
vn 0.3678 0.0291 0.9295
vn 0.2082 -0.2361 0.9492
vn 0.6775 0.1092 0.7274
vn 0.6936 0.2662 0.6693
vn 0.4936 0.3820 0.7813
vn 0.4467 0.1825 0.8759
vn 0.1434 0.0755 0.9868
vn -0.0050 -0.2430 0.9700
vn 0.3207 0.5197 0.7919
vn 0.2575 0.2829 0.9239
vn 0.1825 -0.5239 0.8320
vn 0.6713 0.6085 0.4232
vn 0.4991 0.7298 0.4672
vn 0.3498 0.8391 0.4166
vn -0.1891 -0.4924 0.8496
vn -0.0317 -0.4979 0.8667
vn -0.6566 -0.7473 -0.1020
vn -0.5291 -0.8041 -0.2712
vn -0.4881 -0.8593 0.1529
vn -0.5991 -0.7608 0.2495
vn -0.4823 -0.8258 -0.2924
vn -0.3115 -0.9336 0.1771
vn -0.3118 -0.7486 0.5852
vn -0.4313 -0.6810 0.5918
vn -0.1051 -0.8070 0.5811
vn 0.2912 0.8286 -0.4780
vn 0.0575 0.9028 -0.4263
vn 0.2220 0.9660 -0.1323
vn 0.4647 0.8634 -0.1965
vn -0.0822 0.9195 -0.3843
vn 0.0727 0.9899 -0.1220
vn 0.3731 0.9173 0.1391
vn 0.5809 0.8089 0.0902
vn 0.2184 0.9710 0.0977
vn -0.6844 -0.3953 -0.6126
vn -0.8962 -0.3913 -0.2090
vn -0.9722 0.2317 0.0349
vn -0.7463 0.3365 -0.5743
vn -0.4150 0.8140 -0.4065
vn -0.6911 0.6834 0.2352
vn -0.4292 0.8752 0.2232
vn -0.2071 0.9361 -0.2842
vn -0.9428 -0.3071 0.1298
vn -0.9174 0.1276 0.3768
vn -0.7391 0.4436 0.5069
vn -0.5542 0.6790 0.4815
vn -0.3549 -0.4573 -0.8154
vn -0.5808 -0.5689 -0.5823
vn -0.3132 -0.2980 -0.9017
vn -0.1892 0.1701 -0.9671
vn 0.0198 0.5082 -0.8610
vn 0.1210 0.7445 -0.6566
vn 0.1208 0.9915 -0.0489
vn 0.2391 0.9112 -0.3354
vn -0.0350 0.9814 0.1885
vn -0.2204 0.8818 0.4171
vn -0.5829 0.4628 0.6679
vn -0.3439 0.7142 0.6097
vn -0.6802 0.2871 0.6744
vn -0.8586 -0.2522 0.4464
vn -0.7901 0.0782 0.6079
vn -0.8296 -0.5583 0.0060
vn -0.8147 -0.4906 0.3093
vn -0.7470 -0.5957 -0.2952
vn -0.6613 -0.2929 0.6906
vn -0.4603 -0.3231 0.8269
vn -0.4048 0.0029 0.9144
vn -0.6118 0.0255 0.7906
vn -0.5461 0.2043 0.8124
vn -0.3552 0.1746 0.9183
vn -0.2990 0.3475 0.8887
vn -0.4762 0.3664 0.7994
vn -0.3155 -0.2508 0.9152
vn -0.1659 0.0656 0.9840
vn -0.1158 0.2134 0.9701
vn -0.0775 0.3592 0.9300
vn -0.6642 -0.5926 0.4557
vn -0.2763 0.6990 0.6596
vn -0.1324 0.6838 0.7176
vn 0.0742 0.6528 0.7539
vn 0.2579 0.4653 0.8467
vn 0.2538 0.6394 0.7258
vn 0.2822 0.3374 0.8981
vn -0.0358 -0.2382 0.9706
vn 0.2448 0.2022 0.9483
vn -0.4781 -0.5666 0.6711
vn -0.4267 -0.6008 0.6760
vn -0.5024 -0.6122 0.6107
vn 0.6802 -0.5820 0.4457
vn 0.7989 -0.4133 -0.4369
vn 0.9461 0.2075 -0.2488
vn 0.8316 0.2454 0.4982
vn 0.7924 0.4231 0.4395
vn 0.9389 0.3342 -0.0818
vn 0.8729 0.4852 0.0516
vn 0.6896 0.5301 0.4933
vn 0.7201 -0.2354 -0.6528
vn 0.8863 0.0977 -0.4526
vn 0.9260 0.1996 -0.3203
vn 0.9230 0.3387 -0.1827
vn -0.1303 -0.9683 0.2129
vn 0.4969 0.7278 0.4726
vn 0.6877 0.7011 0.1884
vn 0.7965 0.6019 -0.0566
vn 0.8808 0.2212 -0.4186
vn 0.8268 0.4789 -0.2950
vn 0.8625 0.0980 -0.4965
vn 0.6716 -0.2398 -0.7010
vn 0.8121 -0.0132 -0.5834
vn 0.3025 -0.6889 -0.6587
vn 0.4285 -0.4984 -0.7537
vn 0.1051 -0.9033 -0.4160
vn 0.4574 -0.2478 -0.8541
vn 0.2082 -0.2361 -0.9492
vn 0.3678 0.0291 -0.9295
vn 0.6211 -0.0168 -0.7836
vn 0.6775 0.1092 -0.7274
vn 0.4467 0.1825 -0.8759
vn 0.4936 0.3820 -0.7813
vn 0.6936 0.2662 -0.6693
vn -0.0050 -0.2430 -0.9700
vn 0.1434 0.0755 -0.9868
vn 0.2575 0.2829 -0.9239
vn 0.3207 0.5197 -0.7919
vn 0.1825 -0.5239 -0.8320
vn 0.6713 0.6085 -0.4232
vn 0.4991 0.7298 -0.4672
vn 0.3498 0.8391 -0.4166
vn -0.1891 -0.4924 -0.8496
vn -0.0317 -0.4979 -0.8667
vn -0.6566 -0.7473 0.1020
vn -0.5991 -0.7608 -0.2495
vn -0.4881 -0.8593 -0.1529
vn -0.5291 -0.8041 0.2712
vn -0.3115 -0.9336 -0.1771
vn -0.4823 -0.8258 0.2924
vn -0.4313 -0.6810 -0.5918
vn -0.3118 -0.7486 -0.5852
vn -0.1051 -0.8070 -0.5811
vn 0.2912 0.8286 0.4780
vn 0.4647 0.8634 0.1965
vn 0.2220 0.9660 0.1323
vn 0.0575 0.9028 0.4263
vn 0.0727 0.9899 0.1220
vn -0.0822 0.9195 0.3843
vn 0.5809 0.8089 -0.0902
vn 0.3731 0.9173 -0.1391
vn 0.2184 0.9710 -0.0977
vn 0.3108 0.9426 -0.1222
vn 0.1639 0.9623 -0.2170
vn 0.1748 0.9645 -0.1979
vn 0.4086 0.9093 -0.0784
vn 0.1196 0.9709 -0.2074
vn 0.1186 0.9868 -0.1105
vn -0.0916 0.9807 -0.1729
vn 0.0407 0.9974 -0.0592
vn -0.2876 0.9442 -0.1606
vn -0.3663 0.9214 -0.1300
vn -0.4275 0.8872 -0.1734
vn -0.2421 0.9401 -0.2402
vn -0.4351 0.8983 -0.0618
vn -0.5211 0.8514 0.0605
vn -0.5563 0.8200 0.1345
vn -0.4969 0.8678 0.0046
vn -0.6180 0.7782 0.1121
vn -0.5880 0.7617 0.2721
vn 0.4631 0.8396 0.2839
vn 0.2789 0.8988 0.3382
vn 0.2361 0.9716 0.0179
vn 0.3743 0.9263 -0.0425
vn 0.1587 0.9700 0.1840
vn 0.1581 0.9867 -0.0382
vn 0.6074 0.7885 0.0962
vn 0.3079 0.9051 0.2933
vn 0.7644 0.4553 0.4565
vn -0.0560 0.6062 0.7933
vn -0.0455 0.3714 0.9273
vn 0.5467 0.3052 0.7797
vn -0.6601 0.6250 0.4167
vn -0.9126 0.3221 0.2518
vn -0.3388 0.5669 0.7509
vn -0.2873 0.5611 0.7763
vn -0.8575 0.4762 0.1948
vn -0.8051 0.4711 0.3603
vn 0.8321 -0.0356 0.5535
vn 0.9024 0.3653 0.2284
vn 0.8647 0.4659 0.1875
vn 0.7752 0.0467 0.6299
vn 0.2544 0.8212 -0.5108
vn 0.1949 0.8151 -0.5456
vn 0.2462 0.8088 -0.5340
vn 0.4547 0.7572 -0.4690
vn 0.4103 0.3961 0.8214
vn 0.5026 0.5044 0.7021
vn 0.5443 0.3517 0.7616
vn 0.5235 0.2873 0.8021
vn 0.0891 0.4299 0.8985
vn -0.1778 0.5756 0.7982
vn 0.0170 0.7051 0.7089
vn -0.1829 0.6162 0.7661
vn -0.2211 0.8828 0.4145
vn -0.6344 0.7417 0.2177
vn 0.0414 0.5892 0.8069
vn 0.3444 0.7859 0.5135
vn -0.8483 0.3829 0.3658
vn -0.8445 0.3190 0.4303
vn -0.8372 0.4499 -0.3111
vn -0.8208 0.0284 -0.5704
vn -0.9958 -0.0870 -0.0300
vn -0.9988 -0.0138 -0.0463
vn -0.7990 0.5611 0.2164
vn -0.8587 0.4802 0.1787
vn -0.8530 0.3825 0.3550
vn -0.8258 0.4812 0.2942
vn -0.8212 0.3914 0.4153
vn -0.8679 0.1644 0.4687
vn -0.6828 -0.3278 0.6530
vn -0.8642 0.1177 0.4891
vn -0.6744 -0.6068 0.4207
vn -0.9472 -0.1337 0.2915
vn -0.8446 -0.2803 0.4562
vn -0.1625 0.3286 0.9304
vn 0.6442 0.3403 0.6850
vn 0.2068 0.6341 0.7451
vn -0.1016 0.6656 0.7393
vn 0.7211 0.0232 0.6925
vn 0.4879 -0.3930 0.7795
vn 0.4435 -0.4347 0.7838
vn 0.5521 -0.2097 0.8070
vn -0.3706 0.1116 0.9221
vn 0.6295 -0.1278 0.7664
vn 0.7772 -0.0915 0.6226
vn -0.2932 0.1259 0.9477
vn 0.4643 -0.3623 0.8081
vn 0.4504 -0.4675 0.7607
vn 0.6925 -0.2802 0.6648
vn 0.2972 -0.3679 0.8811
vn -0.9068 0.3334 0.2580
vn -0.8751 0.2628 0.4065
vn -0.6692 0.2320 0.7060
vn -0.9024 0.3887 0.1859
vn 0.6056 0.7549 -0.2519
vn 0.3779 0.8324 -0.4054
vn 0.6989 0.6875 -0.1972
vn 0.8097 0.5828 0.0688
vn 0.4211 0.8885 0.1821
vn 0.3383 0.9282 -0.1549
vn 0.4456 0.8952 0.0066
vn 0.5052 0.8605 0.0655
vn 0.0935 -0.5719 0.8150
vn 0.2495 -0.3543 0.9012
vn 0.1784 -0.3420 0.9226
vn 0.1567 -0.5668 0.8088
vn 0.3261 -0.1428 0.9345
vn 0.3383 -0.0974 0.9360
vn 0.2405 -0.1376 0.9608
vn 0.2193 -0.1795 0.9590
vn 0.3491 -0.0721 0.9343
vn 0.3624 0.0085 0.9320
vn 0.2287 0.0304 0.9730
vn 0.2369 -0.0581 0.9698
vn 0.3452 0.0731 0.9357
vn 0.3949 0.2755 0.8764
vn 0.2112 0.1488 0.9660
vn 0.2173 0.0921 0.9717
vn 0.3689 0.3128 0.8753
vn 0.4256 0.3529 0.8332
vn 0.2437 -0.3153 0.9172
vn 0.2483 0.1024 0.9633
vn -0.3926 -0.3060 0.8673
vn 0.2267 -0.5676 0.7915
vn 0.3362 0.0470 0.9406
vn -0.3431 -0.0451 0.9382
vn 0.3052 -0.3485 0.8862
vn 0.3211 -0.4466 0.8351
vn 0.2817 -0.1391 0.9494
vn 0.3170 -0.2552 0.9134
vn 0.2057 0.0567 0.9770
vn 0.2240 -0.0133 0.9745
vn 0.1887 0.1364 0.9725
vn 0.1958 0.1025 0.9753
vn -0.0292 0.0284 0.9992
vn 0.1464 0.0690 0.9868
vn 0.5342 0.8454 0.0003
vn -0.1477 0.9298 -0.3371
vn 0.1199 0.9501 0.2881
vn 0.5666 0.8218 -0.0599
vn 0.4091 -0.3717 0.8334
vn 0.3481 -0.5430 0.7642
vn 0.2302 -0.1370 0.9634
vn 0.3214 -0.2261 0.9196
vn 0.2670 0.0214 0.9634
vn 0.1853 -0.0202 0.9825
vn 0.2690 0.1597 0.9498
vn 0.3050 0.0917 0.9479
vn 0.2796 0.2320 0.9316
vn 0.3458 0.1021 0.9328
vn -0.1018 0.2041 0.9737
vn -0.0064 0.3786 0.9255
vn 0.1372 -0.7897 0.5980
vn 0.3127 -0.4951 0.8106
vn 0.1036 -0.7839 0.6122
vn 0.0624 -0.9834 0.1701
vn 0.1962 -0.1182 0.9734
vn 0.1279 -0.0989 0.9869
vn 0.1991 -0.0381 0.9792
vn 0.2517 -0.1575 0.9549
vn 0.1598 -0.0819 0.9837
vn 0.3313 -0.1036 0.9378
vn 0.4803 -0.2234 0.8482
vn 0.2327 -0.1444 0.9618
vn 0.4092 0.0407 0.9115
vn 0.3394 0.1989 0.9194
vn 0.8566 0.0132 0.5158
vn 0.9041 -0.4259 -0.0352
vn 0.5427 -0.0261 0.8395
vn 0.4502 0.2269 0.8636
vn 0.2839 0.2619 0.9224
vn 0.4714 -0.0002 0.8819
vn 0.2061 0.5325 0.8209
vn 0.1392 0.5770 0.8048
vn -0.0781 -0.9900 0.1176
vn -0.1662 -0.8819 0.4411
vn -0.0345 -0.9832 0.1790
vn 0.0276 -0.9292 0.3686
vn -0.0168 -0.5056 0.8626
vn 0.1372 -0.2202 0.9658
vn 0.1150 -0.7646 0.6342
vn -0.0623 -0.9057 0.4194
vn 0.3321 -0.2303 0.9147
vn 0.6681 -0.3454 0.6590
vn 0.7855 -0.4455 0.4295
vn 0.6930 -0.5851 0.4213
vn 0.9277 -0.3725 -0.0261
vn 0.8417 -0.2362 -0.4856
vn 0.7928 -0.2348 0.5624
vn 0.8708 -0.2802 0.4039
vn 0.2065 0.4231 0.8823
vn 0.3055 0.2421 0.9209
vn 0.1148 0.3617 0.9252
vn -0.2443 0.4989 0.8315
vn 0.2489 0.4309 0.8674
vn 0.3840 0.2572 0.8868
vn -0.3025 -0.7558 0.5808
vn -0.1763 -0.5751 0.7989
vn -0.1978 -0.8883 0.4144
vn -0.2788 -0.8108 0.5146
vn 0.2855 -0.6378 0.7153
vn 0.0531 -0.9658 0.2540
vn -0.2635 0.2321 0.9363
vn 0.3730 -0.0281 0.9274
vn -0.5323 -0.2698 0.8024
vn -0.6603 0.0734 0.7474
vn -0.1493 -0.3072 0.9399
vn 0.0482 -0.4382 0.8976
vn 0.1436 -0.4326 0.8901
vn 0.0682 -0.6195 0.7820
vn 0.2441 -0.3851 0.8900
vn 0.4083 -0.1859 0.8937
vn 0.4702 -0.1055 0.8762
vn 0.4422 -0.0827 0.8931
vn 0.4385 -0.0460 0.8975
vn 0.4178 0.0009 0.9085
vn 0.4692 0.2217 0.8548
vn 0.4055 0.3660 0.8376
vn 0.3595 0.4828 0.7985
vn 0.5019 0.5279 0.6851
vn -0.8475 0.2425 0.4721
vn -0.3062 0.1741 0.9359
vn -0.0599 0.8444 -0.5323
vn -0.6902 0.7057 -0.1602
vn -0.7156 0.6667 -0.2084
vn -0.2348 0.8783 -0.4166
vn 0.5878 -0.4616 0.6644
vn 0.4313 -0.4830 0.7620
vn 0.7647 -0.1373 0.6297
vn 0.8916 -0.1187 0.4369
vn -0.9051 0.3868 0.1764
vn -0.8508 0.5231 0.0504
vn 0.0508 0.6267 0.7776
vn 0.1754 0.6108 0.7721
vn 0.2418 0.5545 0.7963
vn 0.1180 0.4633 0.8783
vn -0.6657 -0.1862 0.7226
vn -0.8188 -0.5687 0.0780
vn -0.6533 -0.6414 0.4022
vn -0.8187 -0.3347 0.4665
vn -0.7930 -0.5834 0.1756
vn -0.7585 -0.4723 0.4490
vn -0.8055 -0.1849 0.5629
vn -0.7722 -0.1331 0.6214
vn -0.7640 -0.0013 0.6452
vn -0.6392 0.2946 0.7103
vn -0.6601 0.1670 0.7324
vn -0.5856 0.0465 0.8093
vn -0.5736 -0.1727 0.8008
vn -0.7621 -0.5002 0.4111
vn -0.7341 -0.0030 0.6791
vn -0.6812 -0.2018 0.7037
vn -0.6863 0.2651 0.6773
vn -0.5701 0.0011 0.8216
vn -0.5497 0.1672 0.8185
vn -0.4088 0.6836 0.6046
vn -0.5258 0.4523 0.7204
vn -0.2216 -0.2051 0.9533
vn -0.4510 -0.0824 0.8887
vn -0.6463 0.2608 0.7171
vn -0.8164 -0.3328 0.4720
vn -0.1603 -0.3069 0.9381
vn -0.1600 -0.9746 -0.1569
vn 0.0659 -0.6896 0.7212
vn -0.0989 -0.2988 0.9492
vn -0.0078 -0.8668 0.4986
vn -0.0526 -0.9620 0.2678
vn -0.0357 -0.9550 0.2945
vn 0.3336 -0.6388 0.6933
vn 0.0540 -0.8728 0.4850
vn 0.2049 -0.6309 0.7483
vn -0.4787 -0.8624 0.1650
vn -0.6256 -0.7352 0.2610
vn -0.4456 -0.8649 0.2309
vn -0.3018 -0.9162 0.2636
vn -0.7669 -0.5314 0.3598
vn -0.8800 -0.1070 0.4628
vn -0.8909 -0.3619 0.2745
vn -0.8086 -0.5169 0.2810
vn -0.5655 0.4818 0.6694
vn -0.8979 -0.0012 0.4401
vn -0.7835 0.5990 0.1651
vn -0.6904 0.4532 0.5640
vn -0.9881 -0.1537 -0.0023
vn -0.9088 0.3661 0.2001
vn -0.9429 0.1874 0.2755
vn -0.9325 0.3496 0.0912
vn -0.7254 -0.2176 0.6530
vn -0.4451 -0.5752 0.6863
vn -0.7960 -0.3651 0.4828
vn -0.6720 -0.4622 0.5787
vn -0.5726 -0.3491 0.7418
vn -0.7140 -0.3867 0.5837
vn -0.7715 -0.3322 0.5426
vn -0.8318 -0.2512 0.4950
vn -0.8620 -0.0572 0.5036
vn -0.7495 -0.1133 0.6522
vn -0.8676 -0.1334 0.4791
vn -0.9390 -0.0911 0.3316
vn -0.9825 0.0927 0.1618
vn -0.9307 -0.0101 0.3657
vn -0.3173 0.9481 -0.0181
vn -0.7047 0.6603 0.2596
vn -0.7311 0.5806 0.3584
vn -0.3657 0.9103 -0.1941
vn -0.8306 -0.3584 0.4263
vn -0.5825 -0.6304 0.5132
vn -0.6331 -0.6604 0.4038
vn -0.7336 -0.4038 0.5467
vn -0.8928 0.4098 0.1871
vn -0.9486 0.2772 0.1525
vn -0.8939 0.4483 0.0086
vn -0.7938 0.6068 0.0406
vn -0.8790 0.4284 0.2092
vn -0.9380 0.3404 -0.0652
vn -0.8660 0.1231 0.4847
vn -0.6764 0.6790 0.2854
vn -0.6928 0.7211 -0.0000
vn -0.9969 0.0785 -0.0000
vn -0.8321 0.5102 -0.2176
vn -0.0741 -0.0791 -0.9941
vn 0.6518 -0.7584 -0.0000
vn -0.8245 0.5658 -0.0000
vn -0.8144 0.0644 0.5767
vn -0.9921 0.1080 0.0631
vn -0.9806 0.1960 -0.0000
vn -0.9377 0.3474 -0.0000
vn -0.9654 0.0756 0.2495
vn -0.9306 0.2573 0.2604
vn -0.9963 0.0861 -0.0000
vn -0.9980 -0.0636 -0.0000
vn -0.9215 0.3861 -0.0425
vn -0.9214 0.3871 -0.0354
vn -0.9211 0.3894 -0.0000
vn -0.9207 0.3902 -0.0000
vn -0.9164 0.3998 -0.0192
vn -0.9156 0.4020 -0.0000
vn -0.8799 -0.4447 -0.1673
vn -0.5507 -0.7853 -0.2828
vn -0.9452 0.1505 0.2897
vn -0.6254 0.5390 0.5643
vn -0.8346 0.1041 0.5409
vn -0.6024 -0.6653 0.4410
vn -0.6525 0.2465 0.7165
vn -0.7116 0.0364 0.7016
vn -0.7820 -0.4983 0.3744
vn -0.6634 -0.2694 0.6981
vn -0.7845 0.0613 0.6171
vn -0.4546 -0.6180 0.6414
vn -0.6295 -0.5329 0.5654
vn -0.6627 -0.3320 0.6713
vn -0.8535 0.3164 0.4141
vn -0.8222 0.5196 0.2324
vn -0.8917 0.1480 0.4278
vn -0.8770 -0.1504 -0.4564
vn -0.9137 0.4006 -0.0678
vn -0.8666 0.4650 -0.1811
vn -0.8686 0.4955 -0.0000
vn -0.9091 0.4165 -0.0000
vn -0.3905 -0.8827 0.2613
vn -0.5198 -0.8543 -0.0000
vn -0.7939 -0.1404 0.5916
vn -0.6765 -0.1606 0.7187
vn -0.8897 -0.3256 0.3201
vn -0.8087 -0.3520 0.4713
vn -0.8321 -0.0756 0.5495
vn -0.7933 0.1154 0.5978
vn -0.9671 0.1865 0.1732
vn -0.9410 -0.0017 -0.3384
vn -0.8094 0.4470 0.3809
vn -0.8253 0.2205 0.5199
vn -0.6346 0.7338 0.2424
vn -0.6383 0.6598 0.3966
vn 0.9872 -0.1418 0.0724
vn 0.9360 -0.0479 0.3489
vn 0.9318 0.3469 0.1066
vn 0.9397 0.3417 0.0174
vn -0.0095 0.8994 0.4371
vn -0.0704 0.9966 -0.0434
vn 0.0603 0.9700 -0.2353
vn -0.0623 0.9857 -0.1564
vn 0.9638 -0.1700 -0.2054
vn 0.3322 -0.9390 0.0890
vn 0.3699 -0.9212 0.1209
vn 0.9654 -0.1912 -0.1771
vn -0.1708 -0.9820 0.0803
vn -0.1881 -0.9772 0.0985
vn 0.7139 -0.2043 0.6697
vn 0.7134 -0.2615 0.6502
vn 0.8383 0.4693 0.2775
vn 0.7806 0.4452 0.4388
vn -0.6653 0.7162 0.2107
vn -0.6982 0.6603 0.2765
vn -0.6491 0.6707 0.3588
vn -0.7377 0.6388 0.2186
vn 0.7342 -0.1879 0.6524
vn 0.8088 0.3354 0.4830
vn 0.8184 -0.4001 0.4124
vn 0.4600 0.8841 0.0822
vn 0.5220 -0.8334 0.1817
vn 0.5514 -0.7564 0.3520
vn -0.2892 -0.9573 0.0022
vn -0.3617 -0.9261 0.1072
vn -0.0726 0.6867 0.7233
vn -0.0488 0.8003 0.5976
vn -0.1090 0.9901 -0.0883
vn -0.1080 0.9913 -0.0753
vn -0.1725 0.9653 -0.1959
vn -0.4894 0.8403 0.2331
vn -0.5651 0.8187 0.1020
vn -0.4797 0.8284 -0.2891
vn 0.4880 0.6449 -0.5882
vn 0.1138 0.9068 -0.4060
vn -0.2021 0.9312 0.3032
vn 0.1022 0.9948 -0.0016
vn 0.4383 -0.7728 0.4590
vn 0.2154 -0.8546 0.4725
vn -0.3148 -0.9172 0.2441
vn -0.2537 -0.9323 0.2579
vn -0.5868 -0.8097 0.0088
vn -0.2769 -0.9609 0.0059
vn -0.2493 -0.9684 0.0087
vn -0.5940 -0.8042 -0.0226
vn -0.6050 -0.7104 -0.3595
vn -0.1543 -0.9068 -0.3923
vn -0.0619 -0.9741 0.2176
vn -0.6845 -0.7175 -0.1291
vn -0.6692 -0.7196 0.1852
vn -0.3681 -0.8283 0.4224
vn -0.4959 -0.7420 0.4512
vn -0.4883 -0.7791 0.3932
vn -0.2494 -0.7304 0.6358
vn -0.2081 -0.7696 0.6037
vn -0.0733 -0.7999 0.5956
vn 0.1649 -0.7318 0.6612
vn -0.5400 -0.8291 0.1450
vn -0.4771 -0.8789 -0.0000
vn -0.9822 0.1877 -0.0000
vn -0.9707 0.1757 0.1640
vn 0.7742 0.6206 -0.1246
vn 0.6861 0.7018 -0.1917
vn 0.4808 0.7332 -0.4809
vn 0.4489 0.8277 -0.3367
vn -0.8929 0.4057 -0.1952
vn -0.5510 0.6186 0.5602
vn 0.8032 0.5922 -0.0646
vn 0.8255 0.5614 -0.0580
vn 0.7098 -0.0622 0.7016
vn 0.1059 -0.0603 0.9925
vn 0.3561 0.1715 0.9186
vn 0.6883 0.0653 0.7225
vn 0.7495 0.6597 0.0553
vn 0.7123 0.6117 0.3441
vn -0.6340 0.7399 0.2250
vn -0.6350 0.7401 0.2214
vn 0.4165 -0.9022 -0.1118
vn 0.9871 0.0692 0.1445
vn 0.9879 0.0454 0.1483
vn 0.2188 -0.9714 -0.0922
vn 0.7741 0.6013 0.1982
vn 0.8324 0.5477 -0.0840
vn 0.6559 0.7373 -0.1618
vn 0.6835 0.7244 0.0898
vn 0.8366 -0.4880 0.2488
vn 0.8845 0.4352 0.1682
vn 0.8933 0.4257 0.1442
vn 0.6946 -0.6026 0.3929
vn 0.6541 0.7480 0.1129
vn 0.6856 0.7134 0.1450
vn 0.6749 0.7276 0.1225
vn 0.6500 0.7506 0.1186
vn 0.7850 0.6143 0.0797
vn 0.7473 0.6642 0.0182
vn 0.7663 0.6396 0.0612
vn 0.7810 0.6097 0.1354
vn 0.5584 0.8280 -0.0515
vn 0.5143 0.8566 -0.0422
vn 0.5062 -0.7583 -0.4108
vn 0.9968 -0.0803 0.0051
vn 0.8977 -0.1593 0.4107
vn 0.1727 -0.9379 0.3009
vn 0.5579 -0.8274 0.0641
vn 0.6640 -0.7427 0.0864
vn 0.8474 -0.5281 -0.0552
vn 0.8368 -0.5309 0.1341
vn 0.7353 -0.4181 0.5335
vn 0.8041 0.3602 0.4729
vn 0.8956 0.2928 0.3349
vn 0.8082 -0.3446 0.4775
vn 0.5933 0.8019 0.0710
vn 0.7012 0.6914 -0.1739
vn 0.7393 0.6605 0.1309
vn 0.6789 0.7340 0.0186
vn 0.7713 0.6202 0.1426
vn 0.7840 0.5720 0.2413
vn 0.7868 0.5666 0.2448
vn 0.6949 0.6818 0.2284
vn 0.5600 0.8050 0.1959
vn 0.6526 0.7375 0.1736
vn 0.0532 -0.7282 0.6833
vn 0.5944 -0.3218 0.7370
vn 0.4097 -0.4699 0.7819
vn 0.1767 -0.7325 0.6574
vn 0.7167 0.4874 -0.4988
vn 0.7414 0.3109 -0.5947
vn 0.7457 0.4291 -0.5097
vn 0.7266 0.4673 -0.5037
vn 0.8809 -0.2232 0.4173
vn 0.8857 0.2323 0.4020
vn 0.7847 0.1522 0.6009
vn 0.7931 -0.1298 0.5951
vn 0.7374 0.6408 0.2136
vn 0.6653 0.7190 0.2011
vn 0.7016 0.6042 0.3777
vn 0.7254 0.3997 0.5603
vn 0.7708 0.5401 0.3378
vn 0.7393 0.6286 0.2414
vn 0.6693 0.6633 0.3347
vn 0.8483 0.1478 0.5085
vn 0.7480 0.5753 0.3310
vn 0.6832 0.5886 0.4322
vn 0.4252 0.9051 0.0047
vn 0.4539 0.8892 0.0570
vn 0.4814 0.8715 0.0933
vn 0.3359 0.9417 0.0167
vn 0.4342 0.8863 0.1612
vn 0.4387 0.8879 0.1384
vn 0.4346 0.8916 -0.1276
vn 0.5166 0.8527 -0.0774
vn 0.2606 0.8373 -0.4807
vn 0.4675 0.7567 -0.4569
vn 0.4855 0.5533 0.6768
vn 0.6014 0.3176 0.7331
vn 0.6337 0.3753 0.6764
vn 0.5381 0.0829 0.8388
vn 0.4973 -0.0185 0.8674
vn 0.4682 -0.0898 0.8791
vn 0.4496 -0.7764 0.4416
vn 0.4359 -0.6203 0.6521
vn 0.0977 -0.7805 0.6175
vn 0.4804 -0.7454 0.4622
vn 0.2785 -0.3966 0.8747
vn 0.2019 -0.4996 0.8424
vn 0.2394 -0.7105 0.6617
vn 0.2187 -0.4078 0.8865
vn 0.1304 -0.7585 0.6385
vn -0.1343 -0.9134 -0.3841
vn -0.1140 -0.8932 0.4349
vn -0.0211 -0.9762 -0.2160
vn -0.0567 -0.9932 -0.1017
vn 0.5466 0.7555 -0.3611
vn 0.2787 0.8474 -0.4520
vn 0.3889 0.9156 0.1021
vn 0.6048 0.7907 0.0951
vn -0.3701 0.8819 -0.2920
vn -0.2805 0.9390 0.1991
vn -0.2215 0.4591 0.8603
vn 0.4645 0.2373 0.8532
vn 0.4978 0.0751 0.8640
vn 0.7243 0.6731 0.1493
vn 0.5806 -0.0154 0.8140
vn 0.6366 0.7099 -0.3012
vn 0.3908 -0.5346 0.7493
vn 0.3281 -0.4904 0.8074
vn 0.4502 -0.3324 0.8288
vn 0.4785 -0.0358 0.8774
vn 0.8606 0.1583 0.4840
vn 0.8788 0.4660 0.1027
vn 0.8478 0.4290 0.3117
vn 0.6279 -0.2200 0.7466
vn 0.6097 -0.0996 0.7863
vn 0.5130 -0.4325 0.7415
vn 0.0444 0.9146 -0.4018
vn 0.1716 0.8999 -0.4009
vn 0.2295 0.8916 -0.3903
vn 0.2339 0.8831 -0.4067
vn -0.2429 0.7060 0.6652
vn -0.4684 0.6595 0.5880
vn -0.7682 0.5314 0.3569
vn -0.7504 0.5938 0.2902
vn 0.5913 0.3058 0.7463
vn 0.6553 -0.3525 0.6681
vn 0.8709 -0.0382 0.4900
vn 0.6549 -0.1953 0.7301
vn -0.3952 0.9147 -0.0847
vn -0.3131 0.5441 0.7784
vn -0.4064 0.0679 0.9112
vn -0.7402 0.3657 0.5642
vn 0.3831 0.8487 -0.3647
vn 0.5965 0.7687 -0.2309
vn -0.3644 0.5728 0.7342
vn -0.7549 0.4190 0.5044
vn 0.2665 0.7491 0.6065
vn 0.5544 0.1535 0.8179
vn 0.4874 -0.1285 0.8637
vn 0.4678 -0.3427 0.8147
vn 0.6210 -0.3013 0.7236
vn 0.6264 -0.3652 0.6886
vn 0.7159 -0.1012 0.6909
vn 0.8076 0.5795 0.1093
vn 0.8625 0.2318 0.4498
vn 0.7888 0.0447 0.6131
vn -0.5391 0.7549 0.3736
vn 0.6960 -0.0814 0.7134
vn -0.7245 0.6381 0.2607
vn 0.6329 0.7688 0.0913
vn 0.6633 0.6703 0.3329
vn 0.5693 0.8032 0.1754
vn 0.7473 0.5753 0.3325
vn 0.8178 0.5415 0.1950
vn 0.6500 0.7502 0.1214
vn 0.6192 0.6805 0.3918
vn 0.4937 0.4870 0.7204
vn 0.4025 0.1911 0.8952
vn 0.8772 0.4798 0.0188
vn 0.7043 0.4848 0.5186
vn 0.9117 0.3307 0.2436
vn 0.8731 0.4257 0.2375
vn 0.5510 0.1630 0.8185
vn 0.6064 0.2807 0.7440
vn 0.8292 0.5214 0.2015
vn 0.8260 0.5636 0.0060
vn 0.9339 0.3183 0.1629
vn 0.8769 0.4674 0.1120
vn 0.8571 0.4527 0.2460
vn 0.9401 0.3328 0.0739
vn -0.6357 0.0686 0.7689
vn -0.7267 0.2858 0.6246
vn -0.6796 0.0742 0.7298
vn -0.7155 0.0611 0.6959
vn -0.8022 0.2290 0.5514
vn -0.7863 0.2828 0.5493
vn -0.8208 0.5270 0.2201
vn -0.9213 0.3889 -0.0000
vn -0.6647 0.7329 0.1452
vn -0.7395 0.6729 0.0148
vn -0.6301 0.7766 -0.0000
vn -0.7664 0.6424 -0.0000
vn -0.5878 -0.5574 0.5864
vn -0.9138 -0.3672 0.1737
vn -0.6674 -0.4289 0.6088
vn -0.8376 0.0192 0.5460
vn -0.9764 0.1525 0.1528
vn -0.9732 -0.1805 0.1424
vn -0.9148 0.2673 0.3029
vn -0.8805 -0.1274 0.4566
vn -0.9101 0.1158 0.3979
vn -0.8627 -0.0353 0.5044
vn -0.6915 -0.4249 0.5842
vn -0.7716 -0.3240 0.5474
vn -0.7067 -0.0188 0.7073
vn -0.7339 -0.1128 0.6698
vn -0.7454 -0.1256 0.6546
vn 0.5141 0.5057 0.6928
vn 0.3920 0.4320 0.8122
vn 0.5003 0.5820 0.6411
vn 0.4991 0.4639 0.7319
vn 0.3922 0.3666 0.8437
vn 0.3849 0.4512 0.8051
vn 0.6249 -0.1164 0.7719
vn -0.3961 -0.0871 0.9140
vn 0.3372 -0.0947 0.9367
vn -0.1002 0.0913 0.9908
vn -0.6312 -0.1896 0.7521
vn -0.4881 -0.2909 0.8229
vn 0.9568 0.0475 0.2867
vn 0.7752 0.2349 0.5864
vn 0.5747 0.4145 0.7057
vn 0.3238 0.1656 0.9315
vn 0.5713 0.2128 0.7927
vn 0.3511 0.1119 0.9296
vn 0.4107 0.0279 0.9114
vn 0.5731 0.0737 0.8161
vn 0.6021 0.1507 0.7841
vn 0.1814 0.1607 0.9702
vn 0.2575 0.1620 0.9526
vn 0.1785 0.1600 0.9709
vn 0.1794 0.1174 0.9767
vn 0.2949 0.1153 0.9485
vn 0.2668 0.1489 0.9522
vn 0.2100 0.2019 0.9566
vn 0.2160 0.2161 0.9522
vn 0.2288 0.1568 0.9608
vn 0.7703 -0.2107 0.6019
vn 0.4816 -0.0847 0.8723
vn 0.8967 -0.2527 0.3634
vn 0.7498 -0.5577 0.3560
vn 0.8288 -0.3744 0.4159
vn 0.4942 -0.8477 0.1926
vn 0.8278 -0.4220 0.3697
vn -0.4639 0.6766 0.5718
vn -0.4059 0.7247 0.5568
vn -0.6850 0.2425 0.6870
vn -0.9345 0.3560 -0.0000
vn -0.8956 0.4300 0.1142
vn -0.8093 0.5698 -0.1428
vn -0.6539 0.5230 0.5468
vn -0.8896 0.0905 0.4476
vn -0.6655 0.0503 0.7447
vn 0.4538 -0.0534 0.8895
vn 0.3445 -0.0895 0.9345
vn 0.4573 -0.5378 0.7083
vn 0.1289 -0.9858 0.1074
vn 0.2259 -0.0696 0.9717
vn 0.0860 -0.0526 0.9949
vn 0.1652 -0.0607 0.9844
vn 0.2402 -0.0497 0.9694
vn 0.1607 -0.0330 0.9864
vn 0.2419 -0.0958 0.9656
vn -0.0243 -0.9997 -0.0060
vn -0.0265 -0.9989 0.0387
vn 0.1034 -0.9944 -0.0198
vn 0.0842 -0.9963 -0.0144
vn -0.1467 -0.9429 -0.2990
vn 0.0576 -0.9389 0.3393
vn -0.1392 -0.9740 -0.1789
vn -0.0887 -0.9666 0.2403
vn 0.2193 -0.7634 0.6075
vn -0.1529 -0.8099 0.5663
vn 0.1240 -0.7952 0.5936
vn 0.0993 -0.7584 0.6442
vn -0.2514 -0.6570 0.7107
vn -0.0640 -0.5523 0.8312
vn 0.7755 0.6042 0.1829
vn -0.8705 0.3835 0.3085
vn -0.8534 0.2927 0.4314
vn 0.7027 0.7113 -0.0141
vn -0.8271 0.1628 0.5380
vn -0.7355 -0.0841 0.6722
vn 0.7223 0.0143 0.6914
vn 0.7246 0.0399 0.6880
vn 0.7284 0.0601 0.6825
vn 0.8793 -0.0622 0.4723
vn -0.0805 -0.9952 0.0564
vn -0.0613 -0.9981 -0.0000
vn -0.7647 0.6435 0.0335
vn -0.7361 0.6750 -0.0510
vn 0.5708 -0.0615 -0.8188
vn -0.9218 0.3275 0.2075
vn 0.0224 -0.6448 0.7640
vn 0.1816 -0.8000 0.5718
vn 0.0095 -0.6555 0.7551
vn 0.2166 -0.7804 0.5866
vn 0.1092 -0.9920 0.0628
vn -0.6191 0.5128 0.5948
vn -0.6241 0.5011 0.5995
vn -0.7122 0.2576 0.6530
vn -0.6278 0.3286 0.7056
vn 0.0313 -0.8808 0.4724
vn -0.5609 0.2406 0.7921
vn -0.6512 0.4297 0.6256
vn -0.5017 0.3340 0.7980
vn -0.3844 0.3372 0.8594
vn -0.0516 -0.6861 0.7257
vn -0.0262 -0.3732 0.9274
vn -0.7489 0.6627 -0.0000
vn -0.7417 0.6697 0.0367
vn -0.0023 -0.0644 0.9979
vn 0.0257 0.1365 0.9903
vn 0.8861 0.4589 0.0646
vn 0.8534 0.5210 -0.0144
vn -0.3114 0.8027 0.5085
vn -0.6582 0.4654 0.5917
vn -0.6926 0.2645 0.6711
vn 0.7590 0.3256 -0.5638
vn -0.1176 -0.6884 0.7157
vn -0.0942 -0.5688 0.8170
vn 0.5986 -0.7937 -0.1084
vn 0.3946 -0.0178 -0.9187
vn -0.0582 -0.2191 -0.9740
vn -0.0368 -0.9971 -0.0664
vn 0.1711 -0.9413 0.2912
vn -0.0288 0.0332 -0.9990
vn -0.8407 0.0316 -0.5405
vn -0.5719 -0.7276 0.3788
vn 0.0124 -0.6027 0.7979
vn -0.0911 -0.5145 0.8526
vn -0.3052 -0.5273 0.7930
vn 0.3432 -0.6881 0.6393
vn -0.2780 -0.3128 0.9082
vn -0.2782 -0.2249 0.9338
vn 0.1450 -0.5877 0.7960
vn -0.3494 -0.4008 -0.8469
vn -0.6347 0.0054 -0.7728
vn -0.5311 -0.2652 -0.8048
vn -0.3110 -0.3688 -0.8759
vn -0.9913 0.1296 -0.0213
vn -0.8448 -0.0709 -0.5304
vn 0.5047 0.3988 -0.7657
vn 0.4824 0.0889 -0.8714
vn 0.6025 0.2492 -0.7582
vn 0.4461 0.2376 -0.8629
vn 0.1130 -0.0982 -0.9887
vn 0.3558 0.0413 -0.9337
vn -0.2000 -0.1551 -0.9674
vn -0.1359 -0.2834 -0.9493
vn -0.2846 -0.3477 -0.8934
vn -0.0676 -0.2479 -0.9664
vn -0.5695 -0.3489 -0.7443
vn -0.9898 0.0199 0.1410
vn -0.8903 -0.2222 -0.3974
vn 0.4524 0.0463 -0.8906
vn 0.5839 0.2142 -0.7830
vn 0.1522 -0.0944 -0.9838
vn 0.3250 0.0050 -0.9457
vn 0.2971 0.0894 -0.9507
vn 0.4541 0.2516 -0.8547
vn -0.1914 -0.1433 0.9710
vn -0.2483 -0.1359 0.9591
vn -0.2324 -0.3624 0.9026
vn -0.1556 -0.3992 0.9036
vn 0.3625 -0.5649 -0.7413
vn 0.5461 -0.5665 -0.6171
vn 0.6392 -0.3128 -0.7026
vn 0.4067 -0.3640 -0.8379
vn 0.9480 -0.2469 0.2007
vn 0.9420 -0.1837 0.2809
vn 0.9538 -0.2468 0.1714
vn 0.9576 -0.2650 0.1128
vn 0.7005 -0.5346 -0.4727
vn 0.8891 -0.4277 -0.1629
vn 0.8728 -0.3200 -0.3685
vn 0.7172 -0.3114 -0.6234
vn -0.8485 0.5290 0.0114
vn -0.8497 0.5272 -0.0000
vn -0.8873 0.4612 -0.0000
vn -0.8870 0.4617 -0.0099
vn -0.7644 0.5747 0.2923
vn -0.4356 0.7754 -0.4571
vn -0.7424 0.3943 0.5416
vn -0.8783 0.3425 0.3336
vn -0.8583 0.5062 -0.0843
vn -0.7130 0.6732 0.1962
vn -0.8032 0.1869 0.5657
vn -0.8077 0.3398 0.4819
vn -0.9227 0.1901 0.3354
vn -0.8865 0.1041 0.4508
vn -0.2306 0.1492 0.9615
vn -0.1780 0.1680 0.9696
vn -0.0638 0.3093 0.9488
vn -0.0335 0.2761 0.9605
vn 0.8322 -0.2179 0.5098
vn -0.8147 -0.0282 0.5792
vn -0.7681 -0.0232 0.6399
vn 0.0664 -0.5301 -0.8453
vn -0.0274 -0.3108 -0.9501
vn 0.8997 -0.2156 0.3794
vn -0.9329 0.0521 0.3564
vn -0.9576 0.0334 0.2862
vn -0.8784 -0.0145 0.4777
vn -0.8437 -0.0227 0.5364
vn -0.6810 -0.0089 0.7322
vn -0.0455 -0.5245 -0.8502
vn -0.1315 -0.2670 -0.9547
vn 0.9460 -0.3070 0.1039
vn 0.9544 -0.2948 -0.0478
vn -0.2220 -0.5356 -0.8148
vn -0.0915 -0.5351 -0.8398
vn -0.1393 -0.2778 -0.9505
vn -0.3145 -0.2371 -0.9192
vn -0.6024 -0.4716 -0.6440
vn -0.3019 -0.5543 -0.7756
vn -0.3106 -0.2129 -0.9264
vn -0.5515 -0.1983 -0.8102
vn 0.8396 0.5391 0.0668
vn 0.7932 0.5408 0.2800
vn 0.9553 0.2675 0.1260
vn 0.9039 0.4219 0.0705
vn -0.2003 0.1298 0.9711
vn -0.1826 0.3301 0.9261
vn 0.8058 0.5181 0.2868
vn 0.8619 0.4906 0.1282
vn -0.2173 -0.5657 -0.7955
vn -0.2987 -0.2164 -0.9295
vn -0.0935 0.9527 -0.2891
vn -0.1332 0.9234 -0.3601
vn -0.8108 0.5850 0.0200
vn -0.4337 0.8971 -0.0849
vn 0.7044 0.2898 0.6479
vn 0.8617 -0.0312 0.5065
vn 0.1704 0.9777 -0.1228
vn 0.5332 0.8383 -0.1135
vn 0.9012 0.4231 -0.0942
vn 0.8932 0.4064 -0.1927
vn -0.0970 0.9340 -0.3438
vn -0.0373 0.9483 -0.3151
vn -0.9897 -0.0705 -0.1246
vn -0.9177 0.2900 -0.2716
vn -0.3503 0.9149 0.2007
vn 0.0357 0.9885 -0.1468
vn 0.0979 0.9946 0.0344
vn 0.7633 0.6430 -0.0620
vn 0.1450 0.9684 -0.2030
vn -0.3734 -0.0479 0.9264
vn -0.1880 -0.0724 0.9795
vn -0.0971 0.9942 -0.0466
vn -0.2561 0.9666 -0.0068
vn -0.3884 0.9054 0.1714
vn 0.0027 0.9792 0.2029
vn -0.4262 0.8705 0.2461
vn -0.8101 0.5337 0.2428
vn -0.7556 0.3982 0.5201
vn -0.5030 0.7094 0.4937
vn 0.8087 0.5782 0.1077
vn -0.9517 0.0813 0.2961
vn 0.4148 0.9070 0.0731
vn 0.2907 0.9527 0.0887
vn 0.4573 0.8462 0.2735
vn 0.6372 0.7008 0.3207
vn -0.8774 0.3231 0.3548
vn 0.0192 0.9995 0.0259
vn 0.0110 0.9999 0.0087
vn 0.1316 0.9576 0.2562
vn 0.0169 0.9609 0.2762
vn -0.0227 -0.0959 0.9951
vn 0.0616 -0.1111 0.9919
vn -0.2711 0.9385 0.2137
vn -0.4332 0.7771 0.4566
vn -0.2838 0.9553 0.0833
vn -0.4950 0.8210 0.2845
vn -0.2600 0.9533 0.1535
vn -0.4399 0.7964 0.4149
vn 0.2356 0.9714 0.0309
vn 0.2137 0.9411 0.2619
vn 0.9834 0.1811 -0.0047
vn 0.9936 0.1118 0.0147
vn -0.0700 0.4817 0.8735
vn -0.5444 0.4201 0.7260
vn -0.6205 0.5165 0.5901
vn -0.8079 0.3536 0.4715
vn 0.8362 0.5477 0.0286
vn -0.9053 -0.1583 -0.3942
vn -0.8648 0.0337 0.5010
vn 0.7871 0.3093 0.5338
vn 0.5463 0.2185 0.8086
vn -0.8419 0.3366 0.4218
vn -0.8924 0.0997 0.4402
vn -0.9591 0.1522 0.2387
vn -0.1119 0.4649 0.8783
vn 0.0047 0.4680 0.8837
vn -0.8047 0.3667 0.4668
vn -0.8187 0.3002 0.4895
vn -0.5526 0.5717 0.6065
vn -0.7832 0.4853 0.3888
vn -0.6236 0.5465 0.5590
vn 0.0495 0.4192 0.9066
vn -0.7859 -0.5084 0.3521
vn -0.8486 -0.5003 -0.1718
vn -0.8611 -0.5001 -0.0921
vn -0.8714 -0.4451 0.2060
vn 0.6291 -0.5662 0.5326
vn 0.5647 -0.6454 0.5144
vn 0.7052 -0.2793 0.6517
vn 0.7205 -0.1103 0.6846
vn -0.8646 -0.3767 -0.3325
vn -0.9187 -0.3950 -0.0000
vn -0.9682 -0.2501 -0.0000
vn -0.9450 -0.2575 -0.2017
vn -0.8376 -0.5159 0.1795
vn -0.9395 -0.3123 0.1409
vn 0.3384 -0.8085 0.4814
vn 0.1253 -0.8206 0.5575
vn 0.1987 -0.5660 0.8001
vn 0.3562 -0.5232 0.7742
vn 0.9643 -0.1144 -0.2388
vn 0.9870 -0.1585 -0.0251
vn 0.9842 -0.1242 0.1260
vn 0.9959 -0.0663 -0.0621
vn -0.9852 -0.1680 -0.0343
vn -0.8807 -0.4344 -0.1887
vn 0.9259 0.2268 0.3020
vn 0.9644 0.1400 0.2243
vn 0.9068 0.0534 0.4182
vn 0.9902 0.0837 0.1116
vn -0.9902 -0.1329 0.0431
vn 0.8736 -0.3499 0.3382
vn -0.9690 0.0874 0.2310
vn 0.9949 -0.0152 0.0996
vn 0.9679 0.2127 0.1337
vn 0.3364 -0.3167 0.8869
vn 0.3004 -0.3276 0.8958
vn 0.3966 0.0125 0.9179
vn 0.2650 0.1213 0.9566
vn 0.9886 0.1502 -0.0059
vn 0.9659 0.1764 -0.1895
vn 0.9299 0.3281 0.1660
vn -0.9573 -0.0891 0.2750
vn 0.9749 0.1143 -0.1912
vn 0.9878 0.0165 -0.1551
vn -0.9763 0.0231 0.2150
vn -0.9953 -0.0181 0.0952
vn -0.9855 -0.0399 0.1647
vn -0.9301 -0.0162 0.3668
vn -0.8813 -0.3996 0.2521
vn -0.8542 -0.2074 0.4768
vn -0.6207 -0.0071 0.7840
vn -0.5617 -0.0239 0.8270
vn -0.7355 -0.0335 0.6767
vn -0.7093 -0.0406 0.7037
vn -0.8816 0.0790 0.4653
vn -0.9652 0.1375 0.2226
vn 0.9296 0.3524 0.1080
vn 0.9050 -0.3245 0.2751
vn -0.0000 -0.0000 -0.0000
vn -0.9985 0.0496 0.0240
vn -0.9964 -0.0724 0.0452
vn -0.9987 -0.0511 0.0035
vn -0.9844 0.1741 -0.0243
vn -0.9851 0.1690 0.0311
vn -0.9559 -0.1337 0.2615
vn -0.8622 -0.1574 0.4815
vn -0.8944 -0.2742 0.3534
vn -0.9862 -0.0156 0.1649
vn 0.9466 0.2874 0.1460
vn 0.9441 0.2589 0.2041
vn 0.9681 0.1863 0.1676
vn 0.8695 -0.4068 0.2803
vn 0.8901 -0.3866 0.2413
vn -0.9755 -0.0607 0.2116
vn -0.9960 -0.0316 0.0834
vn 0.9562 0.2268 0.1849
vn -0.9042 -0.4026 0.1425
vn 0.8962 0.2132 -0.3891
vn 0.9241 0.1282 -0.3600
vn -0.8510 -0.5251 -0.0000
vn -0.8774 -0.4798 -0.0000
vn -0.8732 -0.4793 0.0886
vn -0.7251 -0.6221 0.2953
vn -0.9860 0.0315 0.1639
vn 0.9710 -0.1476 0.1881
vn 0.9784 0.0271 0.2051
vn 0.9960 -0.0306 0.0835
vn 0.7363 0.1091 0.6678
vn 0.8003 -0.0423 0.5981
vn 0.9894 -0.1170 0.0856
vn 0.9033 -0.0533 0.4258
vn -0.7937 -0.1271 0.5949
vn -0.7055 -0.0799 0.7042
vn -0.9923 -0.1031 0.0681
vn -0.9961 -0.0883 -0.0000
vn -0.9823 0.1875 -0.0000
vn -0.9652 0.1893 0.1803
vn 0.9613 0.2708 0.0513
vn 0.9385 0.3074 -0.1572
vn -0.9567 -0.1447 0.2527
vn -0.9235 -0.3802 0.0499
vn -0.9831 -0.0688 0.1697
vn -0.8711 -0.0122 0.4909
vn 0.6335 0.0438 0.7725
vn 0.6182 0.1269 0.7757
vn -0.9427 -0.2563 0.2138
vn -0.9904 -0.1033 0.0923
vn 0.9628 0.0479 0.2658
vn 0.9648 0.1570 0.2110
vn 0.8273 -0.5544 0.0907
vn 0.8404 -0.5079 0.1892
vn -0.9113 -0.4052 0.0735
vn -0.7194 -0.2142 0.6608
vn 0.8130 0.0491 -0.5802
vn 0.8248 -0.0274 -0.5647
vn -0.9022 -0.4313 -0.0000
vn -0.9057 -0.4205 0.0533
vn -0.8571 -0.3871 0.3399
vn 0.9717 0.1464 0.1854
vn 0.9689 0.1039 0.2244
vn -0.8777 -0.3822 0.2890
vn -0.9933 -0.0008 0.1154
vn 0.9073 -0.3515 0.2307
vn 0.9452 -0.1639 0.2823
vn 0.3045 -0.2725 0.9127
vn 0.1920 -0.2714 0.9431
vn 0.1882 -0.0725 0.9794
vn 0.3331 -0.0000 0.9429
vn 0.1483 -0.5362 0.8310
vn 0.1123 -0.5105 0.8525
vn 0.9861 0.0862 0.1418
vn 0.9857 0.0976 -0.1371
vn -0.9632 -0.2687 0.0093
vn -0.9273 -0.2169 0.3050
vn 0.9692 -0.2210 0.1087
vn 0.9521 -0.2623 -0.1572
vn -0.8687 -0.1740 0.4638
vn -0.9593 -0.2779 0.0507
vn -0.9679 -0.2015 0.1500
vn -0.9915 -0.1132 0.0641
vn 0.8765 -0.2653 0.4016
vn 0.9296 -0.1469 0.3381
vn 0.7256 -0.1802 -0.6641
vn 0.6893 -0.1966 -0.6973
vn 0.6294 -0.7640 -0.1422
vn 0.6779 -0.7306 0.0812
vn 0.9672 -0.1087 0.2294
vn -0.9108 -0.2668 0.3151
vn 0.9672 -0.1413 0.2112
vn -0.8007 -0.5991 -0.0000
vn -0.8295 -0.5574 -0.0360
vn -0.9222 -0.2601 0.2861
vn -0.9969 -0.0608 0.0492
vn 0.7632 -0.5869 0.2703
vn 0.8203 -0.4324 0.3744
vn -0.7656 -0.5779 0.2827
vn -0.7679 -0.4761 0.4285
vn 0.9197 -0.3926 0.0013
vn 0.8902 -0.4003 -0.2173
vn -0.9153 -0.2420 0.3221
vn -0.9489 -0.2374 0.2081
vn -0.9392 -0.3234 0.1153
vn -0.8991 -0.3042 0.3149
vn 0.7653 -0.4846 0.4236
vn 0.8697 -0.3871 0.3062
vn 0.6990 -0.2714 -0.6616
vn 0.6787 -0.2282 -0.6981
vn -0.7763 -0.6304 -0.0000
vn -0.7594 -0.6160 -0.2094
vn 0.4160 -0.8830 -0.2173
vn -0.9747 -0.2126 -0.0689
vn -0.9866 -0.1226 -0.1080
vn 0.5249 -0.7909 0.3146
vn 0.5856 -0.6858 0.4321
vn -0.8899 -0.4556 0.0232
vn -0.8759 -0.3531 -0.3287
vn -0.9574 -0.2710 0.0994
vn -0.9694 -0.2398 0.0530
vn 0.6694 -0.5737 0.4719
vn 0.9169 -0.3527 0.1868
vn 0.4473 -0.8916 0.0705
vn -0.8576 -0.5099 0.0673
vn -0.8538 -0.4721 0.2195
vn -0.8993 -0.4366 0.0243
vn -0.8563 -0.4520 0.2501
vn -0.8911 -0.4058 0.2029
vn 0.2109 -0.9355 -0.2836
vn -0.8402 -0.4865 -0.2395
vn -0.8750 -0.2939 -0.3846
vn 0.4766 -0.7061 0.5237
vn -0.7709 -0.5545 0.3133
vn -0.7152 -0.5873 -0.3789
vn 0.7523 -0.4159 0.5110
vn 0.9359 -0.2386 0.2592
vn 0.7493 -0.0326 -0.6615
vn 0.7589 -0.0230 -0.6509
vn -0.9162 -0.3596 0.1770
vn -0.8397 -0.5186 0.1609
vn 0.2254 -0.9700 0.0905
vn 0.0456 -0.9357 -0.3499
vn -0.0116 -0.9246 -0.3806
vn -0.1065 -0.9112 -0.3980
vn -0.0602 -0.9190 -0.3897
vn -0.5641 -0.7317 -0.3827
vn -0.2677 -0.8547 -0.4449
vn -0.1221 -0.9037 -0.4104
vn 0.0222 -0.7956 0.6054
vn 0.0460 -0.7646 0.6428
vn -0.9608 -0.2689 0.0678
vn 0.5777 -0.4094 0.7061
vn 0.0954 -0.7330 0.6735
vn -0.0680 -0.7048 0.7062
vn -0.0469 -0.4944 0.8680
vn 0.1493 -0.4675 0.8713
vn -0.8419 -0.4440 0.3067
vn -0.9278 -0.3176 0.1959
vn -0.8620 -0.3737 0.3425
vn -0.7978 -0.3566 0.4862
vn -0.9022 -0.4307 -0.0230
vn -0.6303 -0.5634 0.5342
vn -0.6328 -0.4395 0.6375
vn 0.7913 -0.0696 -0.6075
vn 0.7652 -0.0608 -0.6409
vn -0.9191 -0.3534 0.1744
vn -0.8684 -0.3694 0.3308
vn 0.9805 -0.1436 0.1341
vn -0.4426 -0.8964 0.0226
vn -0.1251 -0.9852 0.1173
vn -0.6454 -0.7635 -0.0221
vn -0.0278 -0.9891 0.1444
vn -0.0222 -0.9846 0.1733
vn -0.0546 -0.9926 0.1082
vn 0.0172 -0.9976 0.0678
vn -0.9842 -0.0908 -0.1522
vn 0.2914 -0.1274 0.9481
vn 0.5006 -0.1217 0.8571
vn -0.4684 -0.0343 0.8828
vn 0.6973 -0.1517 0.7006
vn -0.8327 -0.1553 -0.5315
vn 0.2396 0.2383 0.9412
vn 0.2118 0.3004 0.9300
vn 0.1968 0.2218 0.9550
vn 0.3025 0.2228 0.9268
vn -0.2293 0.1912 0.9544
vn -0.1884 0.2536 0.9488
vn -0.1992 0.1507 0.9683
vn -0.2037 0.1513 0.9673
vn 0.8084 -0.0082 0.5885
vn 0.7186 0.0215 0.6951
vn 0.6842 0.1991 0.7016
vn 0.8113 0.1698 0.5595
vn -0.6467 -0.5201 -0.5580
vn -0.7122 -0.5709 -0.4085
vn -0.6431 -0.6403 -0.4201
vn -0.5608 -0.6484 -0.5148
vn 0.4926 0.0927 0.8653
vn 0.5127 0.2014 0.8346
vn -0.9766 -0.1106 0.1845
vn -0.9804 -0.1813 0.0775
vn -0.7326 -0.6743 0.0929
vn -0.8200 -0.5303 0.2154
vn 0.8976 -0.2086 -0.3883
vn 0.9572 -0.2339 -0.1706
vn 0.9876 -0.1446 -0.0610
vn 0.9487 -0.1815 -0.2588
vn 0.1500 0.2859 0.9464
vn 0.0679 0.2606 0.9631
vn 0.0625 0.1926 0.9793
vn 0.1297 0.2061 0.9699
vn -0.0963 0.2238 0.9699
vn -0.0728 0.1719 0.9824
vn -0.9435 -0.2930 -0.1548
vn -0.8601 -0.3510 -0.3702
vn -0.5699 -0.7330 -0.3715
vn -0.6787 -0.7258 -0.1121
vn 0.9224 -0.0771 0.3784
vn 0.9504 0.0633 0.3045
vn -0.2629 0.3613 0.8946
vn -0.6466 0.2375 0.7249
vn -0.4164 -0.0094 0.9091
vn -0.1824 0.1321 0.9743
vn 0.8264 0.1804 0.5334
vn 0.9952 0.0634 0.0749
vn -0.9551 -0.0419 0.2933
vn -0.9929 -0.0463 0.1100
vn -0.9659 0.1809 0.1851
vn -0.9821 0.1728 0.0752
vn 0.5023 -0.1670 0.8484
vn 0.3217 0.1559 0.9339
vn 0.9984 -0.0555 -0.0105
vn 0.9768 0.0986 0.1902
vn -0.9852 -0.1196 0.1230
vn -0.9732 0.1104 0.2019
vn 0.0615 -0.3450 0.9366
vn 0.1042 -0.2977 0.9490
vn -0.0530 -0.1492 0.9874
vn 0.0123 -0.1204 0.9926
vn -0.9644 -0.1018 0.2441
vn -0.9472 -0.0935 0.3068
vn -0.9749 0.1680 0.1459
vn -0.9689 0.1772 0.1729
vn -0.9628 -0.2037 0.1776
vn -0.9294 -0.0144 0.3687
vn -0.8848 -0.3177 0.3407
vn -0.7079 -0.4285 0.5615
vn -0.8037 -0.1589 0.5734
vn -0.5401 -0.2276 0.8102
vn 0.8250 -0.0471 -0.5632
vn 0.7588 -0.0719 -0.6474
vn 0.8309 -0.0149 -0.5562
vn 0.7428 -0.0184 -0.6693
vn -0.3106 -0.4552 0.8344
vn -0.2286 -0.2089 0.9508
vn 0.0448 -0.9303 0.3642
vn 0.2465 -0.9293 0.2752
vn -0.0403 -0.8929 0.4484
vn 0.0474 -0.8531 0.5197
vn 0.0061 -0.8639 0.5036
vn -0.6842 -0.6759 0.2738
vn -0.4854 -0.7744 0.4058
vn -0.1046 -0.8550 0.5080
vn 0.4863 -0.8496 0.2042
vn -0.9763 -0.2163 0.0089
vn -0.8625 -0.5059 -0.0123
vn 0.7206 -0.6727 0.1679
vn -0.9940 -0.0868 0.0665
vn 0.8748 -0.4503 0.1786
vn -0.9926 -0.0596 0.1059
vn 0.9465 -0.2782 0.1638
vn -0.9866 -0.0041 0.1632
vn 0.9781 -0.1780 0.1082
vn -0.9697 0.0989 0.2234
vn 0.9585 0.1437 0.2464
vn -0.9362 0.1835 0.2996
vn 0.5835 0.7655 0.2712
vn 0.2061 0.9421 0.2644
vn 0.7401 0.5109 0.4372
vn 0.7020 0.6034 0.3783
vn -0.5686 0.6594 0.4918
vn -0.5146 0.6395 0.5712
vn -0.4586 0.8727 0.1677
vn -0.6531 0.6991 0.2911
vn -0.5936 0.5693 0.5688
vn 0.1008 0.9665 0.2362
vn 0.2045 0.9554 0.2130
vn 0.0814 0.9768 0.1982
vn -0.8884 0.0039 0.4591
vn -0.9477 -0.1025 0.3023
vn -0.8246 -0.4244 0.3740
vn -0.7030 -0.2551 0.6639
vn 0.9482 -0.2642 0.1764
vn 0.9351 -0.1836 0.3032
vn 0.9857 -0.0680 0.1542
vn 0.9860 -0.1005 0.1332
vn 0.2528 -0.6114 0.7498
vn 0.0654 0.0434 0.9969
vn 0.0510 0.0698 0.9963
vn 0.4262 -0.2722 0.8627
vn 0.9373 -0.1166 0.3285
vn 0.9823 -0.0140 0.1865
vn 0.4925 0.8638 0.1058
vn 0.4592 0.8669 0.1940
vn 0.6339 0.7215 0.2786
vn 0.6506 0.7383 0.1779
vn 0.5383 0.8427 0.0127
vn 0.7238 0.6871 0.0636
vn -0.1562 -0.9785 0.1347
vn -0.1178 -0.9868 0.1113
vn 0.0285 -0.9901 0.1373
vn -0.0117 -0.9895 0.1438
vn 0.0749 0.7085 0.7017
vn -0.2031 0.4138 0.8874
vn 0.0417 -0.2860 0.9573
vn 0.5890 0.4199 0.6905
vn 0.5925 0.7908 -0.1531
vn 0.5768 0.8116 -0.0925
vn 0.7818 0.6191 -0.0742
vn 0.7830 0.6189 -0.0629
vn -0.1013 -0.9906 0.0923
vn -0.1050 -0.9874 0.1187
vn 0.0294 -0.9910 0.1306
vn 0.0252 -0.9925 0.1193
vn 0.3736 0.8504 0.3705
vn 0.5275 0.7040 0.4755
vn 0.5582 0.8290 -0.0329
vn 0.7491 0.6580 -0.0764
vn -0.2024 -0.9572 0.2070
vn -0.1250 -0.9717 0.2004
vn -0.1734 0.1148 0.9781
vn -0.1487 0.0658 0.9867
vn -0.0885 -0.3365 0.9375
vn -0.1734 -0.3580 0.9175
vn -0.1104 -0.9830 0.1466
vn -0.1040 -0.9877 0.1171
vn 0.0212 -0.9984 0.0529
vn 0.0010 -0.9890 0.1477
vn -0.2096 -0.8808 0.4246
vn -0.2965 -0.8405 0.4535
vn -0.1815 -0.3456 0.9207
vn -0.1707 -0.5980 0.7831
vn -0.3319 -0.5352 0.7768
vn -0.3204 -0.4711 0.8218
vn 0.6499 0.6583 -0.3798
vn 0.6246 0.7337 -0.2673
vn 0.7806 0.5661 -0.2649
vn 0.7221 0.5597 -0.4066
vn -0.1771 -0.1763 0.9683
vn -0.1826 -0.3928 0.9013
vn -0.0725 -0.9030 0.4236
vn -0.2566 -0.9455 0.2002
vn -0.3433 -0.4162 0.8420
vn -0.1134 -0.8625 0.4933
vn 0.0655 -0.8507 0.5216
vn 0.1006 -0.8389 0.5350
vn 0.9041 0.0094 0.4272
vn 0.7778 -0.5226 0.3491
vn -0.2256 -0.9727 0.0544
vn -0.2608 -0.9645 -0.0414
vn 0.0201 -0.9922 0.1227
vn -0.1615 -0.9859 0.0443
vn -0.2081 -0.9780 -0.0112
vn -0.0168 -0.9921 0.1241
vn 0.1341 -0.9753 0.1753
vn 0.1679 -0.9668 0.1924
vn 0.1599 -0.9512 0.2639
vn 0.0796 -0.9702 0.2289
vn 0.1774 -0.9636 0.2000
vn 0.1570 -0.9530 0.2593
vn 0.0953 -0.9915 -0.0882
vn 0.0797 -0.9916 -0.1021
vn 0.0747 -0.9948 0.0687
vn 0.0834 -0.9956 0.0430
vn 0.1128 -0.9835 0.1414
vn 0.1208 -0.9798 0.1594
vn 0.1337 -0.9754 0.1752
vn 0.1186 -0.9815 0.1503
vn 0.1350 -0.9785 0.1560
vn 0.1447 -0.9713 0.1887
vn 0.1622 -0.9690 0.1863
vn 0.1420 -0.9763 0.1635
vn 0.3432 -0.8165 -0.4644
vn 0.2850 -0.9585 -0.0000
vn -0.0487 -0.9988 -0.0000
vn -0.0399 -0.7474 -0.6632
vn 0.1575 -0.9656 0.2068
vn -0.7704 -0.4960 0.4006
vn -0.6649 -0.2894 0.6886
vn 0.9689 0.0097 0.2473
vn 0.9963 -0.0460 0.0730
vn 0.9919 -0.1208 -0.0398
vn 0.9697 -0.1661 -0.1794
vn -0.2738 0.0897 0.9576
vn -0.1720 0.1089 0.9791
vn 0.6343 0.1569 0.7570
vn 0.8145 0.1125 0.5692
vn -0.0508 -0.5537 -0.8312
vn -0.1656 -0.5063 -0.8463
vn -0.2383 -0.3864 -0.8910
vn -0.1312 -0.4401 -0.8883
vn 0.2950 0.1459 0.9443
vn 0.4688 0.1550 0.8696
vn 0.0570 0.1252 0.9905
vn 0.1075 0.1300 0.9857
vn 0.8818 -0.2544 -0.3970
vn 0.9283 -0.1822 -0.3242
vn 0.9229 -0.2158 -0.3188
vn 0.8368 -0.2748 -0.4736
vn -0.7517 -0.6578 -0.0486
vn -0.7451 -0.6660 -0.0368
vn -0.4921 -0.1027 0.8645
vn -0.3641 0.0356 0.9307
vn 0.0070 -0.8467 -0.5321
vn -0.0425 -0.5800 -0.8135
vn -0.1219 -0.4365 -0.8914
vn -0.2332 -0.5157 -0.8244
vn 0.9973 -0.0681 0.0293
vn 0.9968 -0.0716 0.0366
vn 0.3186 -0.4964 -0.8075
vn 0.7272 -0.3880 -0.5662
vn 0.6446 -0.3604 -0.6743
vn 0.2604 -0.4126 -0.8729
vn 0.1710 0.1371 0.9757
vn -0.8013 -0.5727 -0.1732
vn -0.7712 -0.5978 -0.2188
vn 0.1644 -0.5151 -0.8412
vn 0.1116 -0.4202 -0.9005
vn -0.7436 -0.6680 -0.0294
vn -0.7770 -0.6225 0.0939
vn -0.0485 0.1183 0.9918
vn -0.1350 -0.5082 -0.8506
vn 0.0415 -0.5195 -0.8535
vn 0.0052 -0.4110 -0.9116
vn -0.1086 -0.4037 -0.9084
vn -0.2181 -0.4881 -0.8451
vn -0.1622 -0.3838 -0.9090
vn -0.0479 -0.6479 -0.7602
vn -0.2923 -0.5930 -0.7503
vn -0.1558 -0.6401 -0.7524
vn 0.1031 -0.6584 -0.7455
vn 0.2517 -0.6420 -0.7242
vn 0.4066 -0.5985 -0.6903
vn 0.7494 -0.4240 -0.5086
vn -0.7682 -0.6336 -0.0917
vn -0.4972 -0.8345 0.2374
vn -0.5509 -0.5843 -0.5959
vn -0.8096 -0.5529 -0.1971
vn 0.9119 -0.2298 -0.3400
vn 0.0447 -0.6798 -0.7320
vn -0.7829 0.5972 0.1745
vn -0.8122 -0.1031 0.5742
vn -0.9199 0.1868 0.3449
vn -0.9471 0.3091 0.0868
vn 0.8945 0.4470 -0.0049
vn 0.6620 0.7480 0.0464
vn 0.6578 0.7487 0.0828
vn 0.8932 0.4397 0.0944
vn -0.7942 -0.6056 0.0496
vn -0.5601 -0.1893 0.8065
vn 0.9016 -0.0888 -0.4235
vn 0.8227 -0.0789 -0.5630
vn 0.8114 -0.0055 -0.5844
vn 0.9002 0.0088 -0.4353
vn 0.9450 -0.0868 -0.3153
vn 0.8589 -0.0693 -0.5074
vn 0.9385 -0.0669 -0.3388
vn 0.9167 -0.1223 -0.3804
vn 0.9406 -0.1265 -0.3151
vn 0.9857 -0.0147 -0.1677
vn 0.8796 -0.0174 -0.4755
vn 0.9325 -0.2480 -0.2628
vn 0.7884 -0.2250 -0.5725
vn -0.8219 -0.5641 -0.0795
vn -0.7854 -0.6021 -0.1436
vn -0.8754 -0.3804 -0.2983
vn -0.8914 -0.3911 -0.2288
vn -0.7293 -0.6763 -0.1042
vn -0.8292 -0.5417 0.1376
vn 0.8621 -0.3196 -0.3934
vn 0.7522 -0.2615 -0.6049
vn -0.9342 -0.3518 -0.0596
vn -0.8930 -0.3822 0.2376
vn 0.9261 -0.1761 -0.3337
vn 0.8756 -0.1189 -0.4681
vn -0.9251 -0.2467 0.2888
vn -0.8610 -0.4144 0.2949
vn 0.9875 -0.0014 -0.1579
vn 0.9611 0.0477 -0.2719
vn -0.9465 -0.3172 -0.0594
vn -0.9415 -0.2820 -0.1846
vn -0.9931 -0.1159 0.0158
vn -0.9878 -0.1138 0.1059
vn -0.9751 0.1753 0.1356
vn -0.9806 0.1637 0.1076
vn -0.8767 0.0248 0.4804
vn -0.9752 -0.0758 0.2079
vn 0.9944 -0.1024 0.0248
vn 0.9923 -0.0618 -0.1077
vn -0.8554 0.4169 0.3074
vn -0.8876 0.4557 0.0674
vn 0.9918 0.0649 0.1099
vn 0.9976 0.0699 -0.0014
vn 0.7858 0.6184 0.0089
vn 0.8114 0.5824 -0.0491
vn -0.8831 0.4682 -0.0293
vn -0.5845 0.7977 -0.1484
vn -0.7242 0.6750 0.1409
vn -0.8387 0.5394 0.0749
vn -0.0195 -0.9990 -0.0395
vn 0.1140 -0.9892 0.0925
vn 0.1243 -0.9914 0.0401
vn -0.0112 -0.9996 -0.0272
vn -0.7534 -0.1235 0.6459
vn -0.4254 -0.5836 0.6917
vn -0.1541 -0.9256 0.3458
vn -0.5679 -0.6998 0.4334
vn 0.6602 0.7496 -0.0478
vn 0.6561 0.7430 -0.1320
vn -0.7443 0.6096 0.2728
vn -0.8560 0.3388 0.3906
vn -0.3728 -0.4587 0.8066
vn -0.3464 -0.7667 0.5405
vn 0.0523 -0.9979 -0.0393
vn 0.0345 -0.9918 -0.1229
vn -0.3018 -0.9431 -0.1397
vn -0.2319 -0.9709 -0.0592
vn -0.8972 0.3742 -0.2345
vn -0.7260 0.6281 -0.2800
vn -0.9323 0.3279 -0.1526
vn -0.7442 0.1414 0.6529
vn 0.4877 -0.8465 0.2136
vn 0.8813 -0.4711 0.0363
vn 0.8743 -0.4621 0.1483
vn 0.4783 -0.8544 0.2030
vn -0.9012 0.2662 -0.3419
vn -0.8495 0.4015 -0.3422
vn -0.8866 0.4280 -0.1752
vn -0.8276 0.5550 -0.0835
vn -0.9369 -0.1431 0.3191
vn -0.9754 0.1961 -0.1010
vn -0.7954 0.5970 0.1050
vn -0.8916 0.3074 0.3324
vn 0.9284 0.3684 0.0482
vn 0.8673 0.4955 -0.0467
vn 0.8748 0.4843 0.0164
vn 0.9348 0.3494 0.0634
vn 0.6901 0.7132 0.1227
vn 0.8289 0.5392 0.1492
vn 0.8338 0.5393 0.1178
vn 0.6880 0.7164 0.1162
vn 0.5149 -0.8469 -0.1330
vn 0.5314 -0.8454 -0.0540
vn 0.4741 0.8805 -0.0015
vn 0.4200 0.9073 0.0203
vn 0.4279 0.9029 0.0405
vn 0.4672 0.8835 0.0337
vn 0.7362 0.6767 0.0010
vn 0.5803 0.8143 -0.0147
vn 0.5737 0.8186 0.0275
vn 0.7342 0.6778 0.0388
vn 0.7904 0.6125 -0.0055
vn 0.7875 0.6152 0.0371
vn 0.7167 0.4874 0.4988
vn 0.7496 0.5677 0.3403
vn 0.7294 0.6080 0.3135
vn 0.7266 0.4673 0.5037
vn 0.9962 0.0713 0.0507
vn 0.9912 0.0886 0.0982
vn 0.9714 -0.2156 0.0995
vn 0.9746 -0.2164 -0.0574
vn -0.5669 -0.8229 -0.0371
vn -0.5782 -0.8157 -0.0182
vn 0.2898 -0.9288 0.2310
vn -0.1976 -0.9582 0.2070
vn -0.0968 -0.9811 0.1676
vn 0.3069 -0.9391 0.1548
vn -0.5559 0.1365 0.8200
vn -0.7447 0.1132 0.6577
vn -0.9053 0.3154 -0.2845
vn -0.8480 0.3165 -0.4250
vn -0.9091 0.3590 -0.2113
vn -0.8690 0.4691 -0.1571
vn -0.8868 -0.0104 -0.4620
vn -0.9155 0.3817 -0.1269
vn -0.9058 0.4131 -0.0944
vn -0.7986 0.5803 -0.1594
vn -0.8905 0.4426 -0.1057
vn -0.8839 0.2672 0.3839
vn -0.9473 0.3088 0.0853
vn -0.8528 0.3421 -0.3945
vn -0.8470 0.4841 0.2195
vn -0.7478 0.2601 0.6109
vn -0.6459 0.6006 0.4713
vn 0.3656 0.9307 -0.0123
vn 0.2345 0.9689 -0.0795
vn 0.2555 0.9646 -0.0647
vn 0.3908 0.9204 0.0058
vn -0.7896 0.5721 -0.2219
vn -0.7411 0.6260 -0.2428
vn -0.4672 0.8739 -0.1340
vn -0.6620 0.7314 -0.1637
vn -0.6278 0.7761 -0.0601
vn -0.4831 0.8741 -0.0499
vn -0.3854 0.9100 -0.1528
vn -0.4012 0.9097 -0.1076
vn -0.2816 0.9428 -0.1786
vn -0.3345 0.9273 -0.1682
vn -0.3454 0.9267 -0.1483
vn -0.2844 0.9438 -0.1682
vn 0.1270 0.9733 -0.1909
vn -0.1081 0.9743 -0.1978
vn -0.1044 0.9777 -0.1821
vn 0.1368 0.9748 -0.1762
vn 0.1420 0.9794 -0.1436
vn 0.1544 0.9792 -0.1318
vn -0.8690 -0.4789 -0.1245
vn -0.8738 -0.4725 -0.1150
vn 0.2020 -0.3126 -0.9282
vn 0.1138 -0.3282 -0.9377
vn -0.8965 -0.4302 -0.1056
vn -0.9102 -0.4139 -0.0134
vn -0.1572 0.0909 0.9834
vn -0.0431 0.1122 0.9927
vn 0.0276 -0.3291 -0.9439
vn -0.0395 -0.3256 -0.9447
vn 0.8449 0.0840 0.5284
vn 0.9471 0.0447 0.3177
vn -0.9154 -0.3246 0.2379
vn -0.1037 -0.3246 -0.9402
vn -0.2397 -0.3368 -0.9105
vn -0.6547 -0.5354 -0.5336
vn -0.8342 -0.5082 -0.2140
vn 0.9774 0.0420 0.2071
vn 0.9919 0.0412 -0.1198
vn 0.9669 0.0106 -0.2550
vn 0.6673 0.1341 0.7326
vn -0.2173 -0.3333 -0.9175
vn -0.8573 -0.2009 0.4740
vn 0.4486 0.1616 0.8790
vn -0.3214 0.0540 0.9454
vn 0.0411 0.1270 0.9911
vn 0.0860 0.1373 0.9868
vn 0.8489 -0.1277 -0.5129
vn 0.7067 -0.2018 -0.6781
vn 0.2799 0.1627 0.9461
vn -0.9120 -0.4101 0.0097
vn -0.9068 -0.4175 -0.0580
vn -0.7359 -0.0968 0.6701
vn -0.5248 -0.0052 0.8512
vn -0.3136 -0.4057 -0.8585
vn -0.4847 -0.4663 -0.7400
vn 0.9896 0.0718 0.1247
vn 0.9949 0.0875 -0.0491
vn 0.5894 -0.2409 -0.7711
vn 0.1473 0.1467 0.9782
vn 0.1608 -0.3087 -0.9374
vn 0.3844 -0.4802 -0.7885
vn 0.3519 -0.3540 -0.8665
vn 0.1757 -0.2754 -0.9451
vn -0.9833 0.0137 -0.1817
vn -0.9769 0.0084 -0.2134
vn -0.9273 0.2743 -0.2546
vn -0.9213 0.2639 -0.2857
vn -0.0227 0.0486 0.9986
vn -0.1132 0.0555 0.9920
vn -0.1289 0.0650 0.9895
vn -0.0254 0.0187 0.9995
vn 0.0225 -0.2428 -0.9698
vn 0.1071 -0.2840 -0.9528
vn 0.1020 -0.2194 -0.9703
vn 0.0479 -0.1907 -0.9805
vn 0.5469 -0.5139 0.6609
vn 0.7940 -0.1423 0.5911
vn 0.5542 -0.6393 0.5331
vn 0.4435 -0.6953 0.5656
vn -0.9976 0.0522 -0.0444
vn -0.9361 0.2695 -0.2259
vn -0.1427 -0.1900 -0.9714
vn -0.0155 -0.2194 -0.9755
vn -0.0353 -0.1512 -0.9879
vn -0.1446 -0.1127 -0.9830
vn -0.9200 -0.0590 -0.3875
vn -0.7734 -0.1412 -0.6180
vn -0.7225 0.1496 -0.6750
vn -0.8766 0.2424 -0.4158
vn 0.6481 -0.7612 0.0234
vn 0.4886 -0.8495 0.1992
vn 0.6595 -0.7454 0.0973
vn 0.9871 -0.1600 -0.0092
vn 0.7280 -0.6239 0.2842
vn 0.6931 -0.7094 0.1276
vn 0.6113 -0.4383 0.6590
vn 0.5319 -0.4746 0.7013
vn -0.2225 -0.1963 -0.9550
vn -0.1927 -0.0973 -0.9764
vn -0.9690 0.1056 0.2233
vn -0.9449 0.3181 0.0774
vn 0.4571 0.0216 0.8892
vn 0.4389 -0.2768 0.8548
vn -0.2754 0.0750 0.9584
vn -0.3266 0.1499 0.9332
vn 0.0731 0.0448 0.9963
vn 0.0476 0.0444 0.9979
vn 0.0399 -0.0105 0.9991
vn 0.0798 -0.0302 0.9964
vn 0.6007 -0.7558 0.2606
vn 0.6800 -0.2442 -0.6913
vn 0.6564 -0.7202 0.2244
vn 0.7261 -0.6873 -0.0192
vn 0.2945 0.0159 0.9555
vn 0.3192 -0.1574 0.9345
vn -0.9816 0.0124 -0.1906
vn -0.9901 0.0315 -0.1370
vn -0.8918 0.2336 -0.3875
vn -0.9177 0.2863 -0.2754
vn -0.5075 0.1065 0.8550
vn -0.7811 0.1222 0.6123
vn -0.9415 0.3368 0.0095
vn -0.6975 0.2792 0.6599
vn -0.5528 -0.1859 -0.8123
vn -0.2942 -0.1785 -0.9389
vn -0.2351 -0.0516 -0.9706
vn -0.5839 0.0669 -0.8090
vn 0.8919 -0.4185 -0.1713
vn 0.9003 -0.4351 -0.0081
vn 0.5532 -0.8196 -0.1490
vn 0.6336 -0.7670 -0.1014
vn 0.6188 -0.3413 -0.7076
vn 0.7505 -0.6069 -0.2615
vn 0.1703 0.0346 0.9848
vn 0.1484 -0.0632 0.9869
vn -0.9880 0.0058 -0.1546
vn -0.9686 -0.0354 -0.2461
vn -0.9087 0.2732 -0.3156
vn -0.7944 0.2281 -0.5629
vn -0.9782 -0.1861 -0.0923
vn -0.8173 -0.5391 -0.2036
vn -0.1363 0.1643 0.9770
vn -0.0304 0.1650 0.9858
vn 0.1022 -0.2933 -0.9505
vn 0.0437 -0.2921 -0.9554
vn 0.8476 -0.1158 0.5178
vn 0.9036 -0.1541 0.3997
vn -0.9845 -0.1491 -0.0922
vn -0.0849 -0.2963 -0.9513
vn -0.1843 -0.2912 -0.9387
vn -0.8158 -0.2306 -0.5303
vn -0.8847 -0.3715 -0.2817
vn 0.9320 -0.1689 0.3207
vn 0.9709 -0.2275 0.0742
vn 0.9743 -0.2246 -0.0167
vn 0.8090 -0.0473 0.5859
vn -0.2257 -0.2766 -0.9341
vn -0.9181 -0.3601 0.1655
vn 0.7313 0.0194 0.6818
vn -0.3153 0.1482 0.9374
vn 0.0403 0.1623 0.9859
vn 0.0867 0.1579 0.9836
vn 0.9445 -0.2875 -0.1591
vn 0.9468 -0.2541 -0.1973
vn 0.4561 0.1194 0.8819
vn -0.7588 -0.2371 -0.6066
vn -0.8897 -0.3677 -0.2707
vn -0.9965 -0.0386 -0.0744
vn -0.9695 -0.2068 0.1319
vn -0.1579 -0.3039 -0.9395
vn -0.7095 -0.5140 -0.4821
vn 0.9587 -0.1955 0.2065
vn 0.9740 -0.2116 0.0810
vn 0.7261 -0.2674 -0.6335
vn 0.3014 -0.2726 -0.9137
vn 0.1506 0.1572 0.9760
vn -0.9001 -0.2002 -0.3869
vn -0.1928 -0.3332 -0.9229
vn 0.1816 -0.2878 -0.9403
vn -0.7977 -0.5927 -0.1114
vn -0.8386 -0.5325 -0.1146
vn -0.7201 -0.6894 -0.0779
vn -0.7395 -0.6658 -0.0992
vn -0.0443 0.2656 0.9631
vn -0.1507 0.2447 0.9578
vn -0.2375 0.2924 0.9263
vn -0.1408 0.3686 0.9188
vn 0.0458 -0.3554 -0.9336
vn 0.1150 -0.3414 -0.9329
vn -0.0989 -0.6551 -0.7490
vn 0.0213 -0.4708 -0.8820
vn 0.9216 0.1278 0.3665
vn 0.8850 0.1591 0.4376
vn 0.7384 0.6261 0.2508
vn 0.7627 0.6178 0.1914
vn -0.8592 -0.5098 -0.0434
vn -0.7530 -0.6550 -0.0621
vn -0.1498 -0.3625 -0.9198
vn -0.0466 -0.3653 -0.9297
vn 0.0108 -0.4590 -0.8884
vn -0.0514 -0.5012 -0.8638
vn -0.8577 -0.4860 -0.1678
vn -0.7972 -0.5382 -0.2734
vn -0.6674 -0.6260 -0.4033
vn -0.7599 -0.6492 -0.0331
vn 0.9459 0.1122 0.3046
vn 0.7869 0.6033 0.1299
vn 0.9985 0.0133 -0.0529
vn 0.9992 0.0327 0.0250
vn 0.8407 0.5268 -0.1251
vn 0.8388 0.5065 -0.1998
vn 0.8949 0.1991 0.3994
vn 0.7638 0.6233 0.1678
vn -0.1765 -0.3460 -0.9215
vn -0.0748 -0.4913 -0.8677
vn -0.8901 -0.4290 0.1538
vn -0.7985 -0.5845 0.1443
vn 0.8525 0.2814 0.4404
vn 0.7297 0.6322 0.2605
vn -0.3736 0.1793 0.9101
vn -0.4661 0.0656 0.8823
vn 0.0748 0.2828 0.9563
vn 0.0273 0.2760 0.9608
vn -0.1054 0.3922 0.9138
vn -0.0522 0.4326 0.9000
vn 0.9381 -0.0463 -0.3434
vn 0.9752 -0.0271 -0.2197
vn 0.8876 0.2613 -0.3793
vn 0.7351 0.1379 -0.6637
vn 0.5088 0.3529 0.7852
vn 0.2703 0.5912 0.7599
vn -0.8718 -0.4686 -0.1426
vn -0.8376 -0.4102 -0.3607
vn -0.7403 -0.6716 -0.0297
vn -0.7353 -0.6730 -0.0799
vn -0.6317 0.0308 0.7746
vn -0.8363 -0.3047 0.4558
vn -0.7787 -0.3166 0.5417
vn -0.5860 -0.0507 0.8087
vn -0.4264 -0.5754 -0.6980
vn -0.2361 -0.4134 -0.8794
vn -0.2328 -0.5961 -0.7684
vn -0.3471 -0.6061 -0.7156
vn 0.9933 0.0540 0.1023
vn 0.9753 0.0841 0.2044
vn 0.8013 0.5970 0.0377
vn 0.8309 0.5549 -0.0424
vn 0.3279 -0.2872 -0.9000
vn 0.7599 -0.1453 -0.6336
vn 0.4535 0.0391 -0.8904
vn 0.0526 -0.3673 -0.9286
vn 0.1023 0.3011 0.9481
vn -0.0498 0.4409 0.8962
vn -0.5038 -0.5946 -0.6266
vn -0.8414 -0.4794 -0.2493
vn -0.7656 -0.6433 -0.0101
vn -0.7597 -0.6502 0.0095
vn 0.1831 -0.3240 -0.9282
vn -0.1729 -0.7430 -0.6465
vn -0.1690 0.1722 0.9705
vn -0.1641 0.2863 0.9440
vn -0.3316 -0.9430 0.0293
vn -0.0685 -0.8808 -0.4685
vn 0.4196 0.9059 0.0581
vn 0.4508 0.8924 -0.0176
vn -0.2712 -0.9538 0.1294
vn -0.2702 -0.9438 0.1903
vn 0.0568 -0.8351 -0.5472
vn 0.0627 -0.8580 -0.5098
vn -0.2719 -0.9437 -0.1882
vn -0.2600 -0.9577 0.1235
vn 0.4701 0.8801 -0.0664
vn 0.5354 0.8072 -0.2485
vn 0.5576 0.7601 -0.3337
vn 0.4430 0.8938 0.0701
vn 0.0496 -0.8818 -0.4691
vn -0.2964 -0.8772 0.3776
vn 0.3949 0.8874 0.2380
vn -0.2391 -0.1198 0.9636
vn -0.1501 0.3591 0.9211
vn -0.1344 0.4441 0.8858
vn 0.4939 0.5792 -0.6486
vn 0.5433 0.4976 -0.6762
vn 0.0956 0.7516 0.6526
vn -0.2468 -0.9637 0.1016
vn -0.2477 -0.9663 0.0703
vn -0.3551 -0.5652 0.7447
vn -0.2869 -0.2927 0.9122
vn -0.0291 -0.9201 -0.3907
vn -0.1422 -0.9619 -0.2335
vn 0.4912 0.8635 -0.1140
vn 0.5016 0.8496 -0.1628
vn 0.5616 0.4556 -0.6906
vn 0.5521 -0.6277 -0.5487
vn -0.1351 0.4915 0.8603
vn -0.2480 -0.9605 0.1266
vn -0.2636 -0.9552 0.1346
vn -0.3945 -0.8946 0.2101
vn -0.2514 -0.9627 0.1000
vn -0.2392 0.2468 0.9391
vn -0.2103 0.1639 0.9638
vn -0.4497 -0.5199 0.7263
vn -0.0392 -0.9862 0.1609
vn -0.2534 -0.9646 0.0735
vn -0.2991 -0.9537 0.0330
vn 0.8113 -0.4716 0.3455
vn 0.7626 -0.2619 -0.5915
vn 0.0524 -0.9181 -0.3929
vn -0.0153 -0.9920 0.1252
vn -0.0490 -0.9935 -0.1031
vn 0.1443 -0.9669 0.2104
vn 0.9319 -0.1109 0.3453
vn 0.9771 -0.1739 -0.1229
vn 0.5190 -0.7404 0.4272
vn 0.4912 -0.8660 -0.0934
vn 0.0761 -0.9741 0.2131
vn 0.2587 -0.9160 0.3066
vn 0.2434 -0.9695 0.0288
vn 0.0496 -0.9893 0.1370
vn 0.1502 -0.9722 0.1796
vn 0.1498 -0.9713 0.1847
vn 0.8549 -0.3075 -0.4179
vn 0.8332 -0.5523 -0.0256
vn -0.2493 -0.9516 0.1797
vn -0.3108 -0.9102 0.2739
vn -0.1091 -0.9940 -0.0044
vn -0.2594 -0.9541 0.1497
vn -0.2807 -0.9305 0.2353
vn -0.1503 -0.9639 0.2198
vn 0.0463 -0.9928 -0.1105
vn 0.0380 -0.9913 0.1260
vn -0.3062 -0.9428 0.1322
vn 0.4907 -0.4652 0.7368
vn -0.0836 -0.9928 0.0864
vn 0.0123 -0.9999 -0.0111
vn 0.3377 -0.2370 0.9109
vn 0.6287 -0.3089 0.7136
vn 0.8463 -0.3683 0.3848
vn 0.9082 -0.3822 0.1705
vn -0.6650 -0.1185 0.7374
vn -0.5566 -0.1124 0.8231
vn -0.9662 -0.2294 -0.1174
vn -0.9558 -0.1832 0.2300
vn -0.7916 -0.1213 0.5989
vn -0.7441 -0.1158 0.6580
vn 0.6492 -0.3861 -0.6554
vn 0.5244 -0.4160 -0.7429
vn 0.9170 -0.3953 0.0535
vn 0.8984 -0.4161 -0.1403
vn 0.7974 -0.4074 -0.4452
vn -0.7323 -0.1204 0.6702
vn -0.7210 -0.1230 0.6819
vn -0.3381 -0.2508 -0.9071
vn -0.5829 -0.2725 -0.7655
vn -0.3463 -0.1423 0.9273
vn -0.1798 -0.1653 0.9697
vn 0.2909 -0.4587 -0.8396
vn 0.0168 -0.4118 -0.9111
vn -0.0369 -0.1829 0.9824
vn 0.0428 -0.1904 0.9808
vn -0.0710 -0.3606 -0.9300
vn -0.4777 -0.1170 0.8707
vn -0.8766 -0.1449 0.4589
vn -0.1199 -0.3257 -0.9378
vn -0.1896 -0.2725 -0.9433
vn 0.1412 -0.2011 0.9693
vn -0.8251 -0.2637 -0.4996
vn -0.2411 -0.2459 -0.9388
vn -0.4420 -0.1262 0.8881
vn 0.2871 -0.0370 0.9572
vn 0.8926 0.0137 0.4507
vn -0.2949 -0.0852 0.9517
vn -0.2014 -0.1012 0.9743
vn -0.9782 -0.0540 0.2008
vn -0.9482 -0.0317 0.3161
vn -0.8489 0.0234 0.5281
vn -0.7658 0.0136 0.6429
vn 0.6408 -0.0033 -0.7677
vn 0.4756 0.0575 -0.8778
vn 0.9909 -0.0165 -0.1333
vn 0.8523 0.0212 -0.5226
vn -0.7630 -0.0071 0.6464
vn -0.7709 -0.0042 0.6369
vn 0.7606 -0.0285 -0.6486
vn -0.7291 -0.0024 0.6844
vn -0.2377 0.0606 -0.9694
vn -0.4117 0.0464 -0.9101
vn -0.3310 -0.0583 0.9418
vn 0.2415 0.0716 -0.9678
vn 0.0483 0.0971 -0.9941
vn -0.0143 0.0875 -0.9961
vn -0.5513 -0.0377 0.8335
vn -0.9274 0.0117 0.3739
vn 0.9964 0.0186 0.0821
vn -0.0695 0.0874 -0.9937
vn -0.0772 0.0993 -0.9921
vn -0.8866 -0.1235 -0.4457
vn -0.3467 -0.0391 0.9372
vn -0.0982 0.0795 -0.9920
vn -0.1249 -0.0992 0.9872
vn -0.0950 -0.0882 0.9916
vn -0.0410 -0.0668 0.9969
vn 0.9846 -0.0303 0.1724
vn -0.6698 -0.0102 0.7425
vn -0.7153 -0.0271 0.6983
vn 0.8123 0.5410 -0.2181
vn -0.6584 0.0431 0.7515
vn -0.2432 0.2182 -0.9451
vn -0.5414 0.1976 -0.8172
vn -0.1483 -0.1396 0.9790
vn -0.1209 -0.1252 0.9847
vn 0.2443 0.3828 -0.8910
vn -0.5928 0.1132 0.7973
vn -0.3467 -0.0772 0.9348
vn 0.0844 0.2765 -0.9573
vn 0.0355 -0.0840 0.9958
vn 0.5626 0.2994 0.7706
vn 0.0199 0.2570 -0.9662
vn 0.8800 0.1037 0.4635
vn -0.2759 -0.1138 0.9544
vn -0.0204 0.2554 -0.9666
vn -0.0559 0.2504 -0.9665
vn -0.8492 0.3960 -0.3493
vn -0.9954 0.0698 -0.0662
vn -0.1249 0.2354 -0.9638
vn 0.8458 0.0517 0.5310
vn 0.9509 0.0452 0.3062
vn -0.2805 -0.8461 0.4534
vn -0.8267 -0.3611 0.4315
vn 0.9604 -0.0793 -0.2673
vn 0.9362 0.1590 -0.3133
vn 0.3141 0.5445 -0.7777
vn 0.4085 -0.5415 0.7348
vn 0.1941 -0.6070 0.7706
vn 0.5610 -0.4363 0.7035
vn -0.0522 -0.4267 0.9029
vn 0.0979 -0.4349 0.8952
vn -0.4416 -0.2440 0.8634
vn 0.4158 -0.3683 0.8315
vn -0.3038 -0.3164 0.8987
vn 0.2778 -0.5643 0.7774
vn 0.0957 -0.5810 0.8082
vn -0.0679 -0.5349 0.8422
vn -0.1692 -0.4591 0.8721
vn -0.2617 -0.3579 0.8964
vn -0.4149 -0.2296 0.8804
vn 0.1886 -0.6570 0.7299
vn 0.5019 -0.6206 0.6024
vn -0.4799 -0.1670 0.8613
vn 0.4051 -0.9133 0.0433
vn 0.0839 0.0611 -0.9946
vn 0.1858 0.0744 -0.9798
vn -0.2160 -0.0575 -0.9747
vn -0.0429 0.0164 -0.9989
vn -0.4803 -0.1254 -0.8681
vn -0.8256 -0.0879 -0.5574
vn 0.6426 -0.0383 0.7653
vn 0.9604 0.0274 0.2771
vn 0.8748 -0.0540 0.4815
vn 0.9043 -0.0234 0.4264
vn 0.8153 -0.0835 0.5730
vn 0.5965 -0.2881 0.7491
vn 0.7150 0.0617 0.6964
vn 0.8031 0.1027 0.5869
vn 0.3659 -0.7091 0.6028
vn 0.8643 -0.4438 -0.2369
vn 0.3674 0.2684 -0.8905
vn -0.4580 0.8580 -0.2326
vn -0.5782 0.8139 0.0574
vn -0.6321 0.7746 0.0202
vn -0.0515 0.9465 0.3185
vn 0.0864 -0.9555 0.2822
vn -0.0633 -0.9232 0.3790
vn 0.0222 -0.9420 0.3348
vn 0.1264 -0.9606 0.2477
vn 0.0905 -0.9743 0.2061
vn 0.1087 -0.9759 0.1892
vn -0.1948 -0.7981 0.5701
vn 0.0481 -0.8381 0.5433
vn -0.2148 -0.5627 0.7983
vn 0.4733 0.0756 0.8776
vn 0.6573 0.0770 0.7497
vn 0.1539 -0.6001 0.7850
vn 0.7428 0.6687 0.0320
vn 0.7648 0.6442 0.0082
vn -0.7581 -0.6520 0.0136
vn -0.7589 -0.6511 0.0120
vn -0.2630 -0.9554 0.1347
vn -0.2625 -0.9555 0.1350
vn 0.8306 0.5550 -0.0454
vn 0.8308 0.5548 -0.0442
vn 0.5041 0.8477 -0.1655
vn 0.5072 0.8455 -0.1667
vn -0.9548 -0.2750 0.1131
vn -0.8760 -0.4737 0.0906
vn 0.9932 0.0553 0.1021
vn 0.9933 0.0547 0.1022
vn -0.9544 0.2891 0.0746
vn -0.9324 0.3100 -0.1859
vn -0.7871 -0.6096 -0.0940
vn -0.9593 -0.0404 0.2795
vn 0.7183 -0.6958 -0.0042
vn 0.6953 -0.7134 -0.0868
vn 0.9748 -0.2065 0.0839
vn 0.9741 -0.2003 0.1053
vn -0.9960 0.0256 -0.0861
vn -0.9933 0.0065 -0.1152
vn 0.9010 -0.4023 -0.1624
vn 0.8445 -0.4026 -0.3533
vn 0.9942 -0.0728 0.0788
vn 0.9945 -0.0638 0.0828
vn 0.9904 0.0886 -0.1060
vn 0.9957 0.0766 -0.0529
vn -0.7746 -0.6282 -0.0725
vn -0.7819 -0.6069 -0.1421
vn -0.8916 -0.4503 -0.0468
vn -0.9073 -0.4199 0.0226
vn -0.5502 -0.6984 -0.4577
vn -0.5534 -0.6651 -0.5013
vn 0.9892 -0.0970 0.1095
vn 0.9860 -0.0992 0.1339
vn 0.0944 -0.9827 0.1593
vn 0.1047 -0.9827 0.1526
vn -0.1089 -0.9834 0.1448
vn -0.1095 -0.9832 0.1460
vn 0.0060 -0.9894 0.1448
vn 0.0101 -0.9901 0.1398
vn 0.6054 0.7793 -0.1620
vn 0.5987 0.7848 -0.1601
vn -0.7463 0.6344 0.2016
vn -0.9474 0.3143 0.0603
vn -0.9352 -0.1153 0.3349
vn -0.6946 0.6480 0.3123
vn 0.8815 0.4270 0.2015
vn 0.6099 0.7527 0.2480
vn 0.5336 0.7594 0.3722
vn 0.8067 0.3876 0.4461
vn 0.9734 -0.2256 0.0404
vn 0.9600 -0.2654 0.0892
vn -0.9314 -0.0575 0.3595
vn -0.9451 -0.0848 0.3157
vn -0.9648 0.1829 0.1890
vn -0.9588 0.1863 0.2144
vn -0.7593 -0.3231 0.5648
vn -0.8437 -0.3685 0.3904
vn 0.8461 -0.0580 -0.5298
vn 0.9020 -0.0358 -0.4303
vn 0.9006 -0.0511 -0.4316
vn 0.8917 -0.0098 -0.4526
vn -0.7723 -0.4245 -0.4726
vn -0.6809 -0.4818 -0.5516
vn -0.7188 -0.4569 0.5241
vn -0.8137 -0.4596 0.3559
vn 0.7251 -0.2935 -0.6230
vn 0.8059 -0.3452 -0.4810
vn 0.8596 -0.0537 -0.5081
vn 0.7641 -0.0336 -0.6442
vn -0.8456 -0.4371 0.3065
vn -0.8468 -0.4502 0.2833
vn -0.8461 -0.3833 0.3704
vn -0.7931 -0.4401 0.4209
vn 0.7520 -0.1868 -0.6322
vn 0.8541 -0.2312 -0.4658
vn -0.9027 -0.1530 0.4023
vn -0.7621 -0.2223 0.6081
vn 0.8060 0.0973 -0.5839
vn 0.8958 0.1043 -0.4321
vn 0.8694 0.2731 -0.4118
vn 0.8907 0.3079 -0.3344
vn -0.9166 -0.1038 0.3861
vn -0.7932 -0.0609 0.6060
vn 0.9480 0.1694 -0.2695
vn 0.9412 0.1840 -0.2835
vn -0.8009 -0.5433 -0.2518
vn -0.9013 -0.1364 0.4112
vn -0.0379 -0.1487 -0.9882
vn -0.6460 0.1082 -0.7556
vn 0.9581 0.2685 -0.0997
vn 0.9205 0.3453 -0.1829
vn 0.8040 -0.0559 -0.5921
vn 0.9091 -0.0685 -0.4108
vn -0.3196 0.5619 -0.7630
vn -0.7761 0.6301 -0.0246
vn 0.8759 0.4753 0.0831
vn 0.8510 0.5248 0.0199
vn -0.7520 0.6293 -0.1961
vn -0.7029 0.6834 0.1973
vn -0.0110 -0.9966 0.0813
vn -0.0049 -0.9998 -0.0174
vn -0.1592 -0.9755 -0.1522
vn -0.0358 -0.9991 0.0229
vn -0.6475 0.6381 0.4166
vn -0.8207 0.2469 0.5153
vn -0.8176 0.2111 0.5357
vn -0.6971 0.7169 0.0118
vn -0.7413 -0.3026 0.5992
vn -0.7499 -0.2269 0.6215
vn 0.0114 -0.9997 -0.0204
vn -0.0170 -0.9455 -0.3253
vn -0.2661 -0.9639 0.0111
vn -0.2475 -0.9616 -0.1187
vn -0.9040 0.0101 0.4274
vn -0.6421 0.6143 0.4587
vn -0.4567 0.8535 0.2508
vn -0.9305 0.1953 0.3099
vn 0.8097 -0.3992 0.4301
vn 0.2198 -0.8955 0.3871
vn 0.3098 -0.9323 0.1866
vn 0.7945 -0.5476 0.2626
vn -0.6499 -0.5295 0.5452
vn -0.7615 -0.3755 0.5283
vn -0.8411 -0.1509 0.5194
vn -0.6751 -0.4793 0.5609
vn -0.9290 -0.0907 0.3587
vn -0.7306 -0.4412 0.5211
vn -0.6509 -0.5240 0.5494
vn -0.7752 -0.4248 0.4676
vn 0.9273 0.3739 -0.0163
vn 0.8398 0.5273 0.1294
vn 0.7979 0.5469 -0.2537
vn 0.9226 0.3596 -0.1401
vn 0.6657 0.6712 0.3259
vn 0.8873 0.4326 0.1598
vn 0.9003 0.4338 -0.0361
vn 0.6910 0.6627 0.2887
vn 0.4366 -0.8889 0.1388
vn 0.6664 -0.7431 -0.0617
vn 0.3053 0.9368 0.1706
vn 0.4833 0.8642 0.1400
vn 0.4627 0.8746 0.1447
vn 0.3617 0.9038 0.2286
vn 0.7532 0.6151 0.2333
vn 0.4622 0.8497 0.2537
vn 0.4936 0.7949 0.3527
vn 0.7386 0.6019 0.3035
vn 0.7855 0.5627 0.2576
vn 0.8117 0.5349 0.2348
vn 0.7347 -0.5859 0.3419
vn 0.7159 -0.5463 0.4348
vn 0.4408 -0.8661 -0.2355
vn 0.4635 -0.7396 -0.4880
vn 0.6904 -0.5470 -0.4733
vn 0.8962 -0.3653 -0.2516
vn 0.9893 0.0096 0.1459
vn 0.9965 -0.0465 0.0699
vn 0.8603 0.5095 -0.0175
vn 0.9158 0.4004 0.0308
vn -0.7990 0.5954 -0.0842
vn -0.5807 0.7762 -0.2454
vn -0.6057 -0.7946 -0.0421
vn -0.6135 -0.7756 -0.1489
vn 0.4174 -0.8974 0.1427
vn -0.2069 -0.9710 0.1198
vn -0.2398 -0.9668 0.0881
vn 0.4707 -0.8689 0.1530
vn 0.9720 -0.2220 -0.0776
vn 0.9812 -0.1928 -0.0091
vn -0.3529 -0.8634 0.3605
vn -0.6237 -0.5886 0.5143
vn -0.8644 0.4652 0.1909
vn -0.8625 0.4122 0.2935
vn -0.8361 0.4904 0.2459
vn -0.9362 -0.0567 0.3469
vn -0.9119 0.3379 0.2330
vn -0.8423 0.4591 0.2824
vn -0.9558 0.1379 0.2597
vn -0.8581 -0.2813 0.4295
vn -0.9633 0.0889 0.2532
vn -0.9479 -0.2584 0.1862
vn -0.9612 -0.1991 0.1909
vn -0.9483 -0.1603 0.2740
vn -0.9137 -0.1573 0.3746
vn -0.6536 -0.7128 0.2543
vn -0.7842 -0.4421 0.4354
vn 0.5094 0.8429 0.1733
vn 0.4757 0.8709 0.1239
vn 0.4847 0.8385 0.2491
vn 0.4670 0.8602 0.2046
vn -0.8202 0.3426 0.4582
vn -0.7787 0.5435 0.3135
vn -0.6111 0.7716 0.1766
vn -0.6770 0.6938 0.2457
vn -0.9421 0.3240 -0.0863
vn -0.6847 0.7277 -0.0408
vn -0.0000 0.9346 -0.3556
vn 0.5102 0.8527 -0.1126
vn 0.1555 0.9806 0.1191
vn 0.2401 0.9701 -0.0354
vn 0.4406 0.8951 -0.0682
vn 0.1339 0.9763 0.1701
vn 0.2177 0.9752 0.0397
vn 0.2614 0.9358 0.2363
vn 0.7229 0.5829 -0.3711
vn 0.7579 0.6283 -0.1758
vn 0.5188 0.8431 -0.1419
vn 0.5040 0.8223 -0.2643
vn 0.6833 -0.6858 0.2505
vn 0.6862 -0.7274 -0.0069
vn 0.6568 -0.7122 0.2476
vn 0.6236 -0.7061 0.3354
vn 0.6828 -0.7130 0.1594
vn -0.9127 -0.1633 0.3747
vn -0.2596 0.0233 0.9654
vn -0.5058 0.0039 0.8626
vn -0.4467 0.3411 0.8271
vn -0.2408 0.2416 0.9400
vn 0.8792 -0.4505 -0.1551
vn 0.9069 -0.3923 0.1540
vn 0.9069 -0.3871 0.1662
vn 0.9069 -0.4207 0.0212
vn -0.9499 0.2422 0.1975
vn -0.9466 0.2401 0.2150
vn -1.0000 -0.0090 0.0007
vn -0.9969 0.0683 0.0398
vn -0.9713 0.2372 -0.0162
vn -0.9659 0.2442 0.0856
vn -0.9929 0.1189 0.0106
vn -0.9912 0.1300 0.0231
vn 0.8579 -0.1961 0.4749
vn 0.9099 -0.1567 0.3840
vn 0.9123 -0.1617 0.3762
vn 0.8958 -0.2523 0.3660
vn -0.9647 0.2330 0.1226
vn -0.9850 -0.0889 -0.1480
vn 0.8929 -0.3894 -0.2260
vn 0.9214 -0.3851 -0.0514
vn 0.1256 0.1462 0.9813
vn -0.0732 0.0910 0.9932
vn -0.0999 0.2046 0.9737
vn 0.0849 0.2567 0.9628
vn 0.9080 -0.0695 -0.4132
vn 0.8315 -0.1380 -0.5381
vn 0.8776 -0.1333 -0.4605
vn 0.9271 -0.0657 -0.3690
vn -0.9723 0.2034 0.1153
vn -0.9210 0.2500 0.2987
vn -0.7904 0.0884 0.6061
vn -0.9605 -0.1583 0.2287
vn 0.9233 -0.2084 0.3226
vn 0.9126 -0.1674 0.3730
vn 0.2953 0.3124 0.9029
vn 0.1549 0.4334 0.8878
vn 0.1491 0.2983 0.9427
vn 0.4022 0.0884 0.9113
vn -0.7329 0.0737 0.6764
vn -0.8648 0.2060 0.4579
vn -0.8846 0.1536 0.4403
vn -0.7011 0.3025 0.6458
vn -0.9216 0.2981 0.2488
vn -0.9489 0.3155 -0.0000
vn -0.9480 0.3182 -0.0000
vn -0.8988 0.2761 0.3404
vn -0.9529 0.2319 0.1957
vn -0.9741 0.2255 0.0166
vn -0.9910 0.0990 0.0896
vn -0.9692 0.0555 0.2401
vn 0.8049 -0.1311 0.5788
vn 0.7954 -0.1291 0.5921
vn -0.1632 0.0455 0.9855
vn -0.2256 0.1617 0.9607
vn 0.2465 0.2074 0.9467
vn 0.1797 0.2987 0.9373
vn 0.7535 -0.2620 -0.6030
vn 0.8340 -0.3471 -0.4290
vn 0.8891 -0.3657 -0.2752
vn 0.8311 -0.2720 -0.4851
vn 0.6911 0.0444 0.7214
vn 0.7088 -0.0707 0.7019
vn -0.9738 0.2193 0.0594
vn -0.9787 0.2016 0.0378
vn -0.9713 -0.1893 -0.1443
vn -0.9685 -0.1503 -0.1987
vn 0.3355 0.3281 0.8831
vn 0.2308 0.3477 0.9088
vn 0.7414 0.3109 0.5947
vn 0.7457 0.4291 0.5097
vn 0.9985 -0.0553 -0.0000
vn 0.9986 -0.0525 -0.0000
vn 0.2033 -0.9791 -0.0000
vn -0.6736 0.7391 -0.0000
vn -0.8123 0.5833 -0.0000
vn 0.5891 0.8081 -0.0000
vn 0.4783 0.8782 -0.0000
vn -0.4650 -0.8853 -0.0000
vn -0.2495 -0.9684 -0.0000
vn -0.3422 0.9396 -0.0000
vn -0.3887 0.9213 -0.0000
vn 0.2310 0.9729 -0.0000
vn 0.1389 0.9903 -0.0000
vn 0.1275 0.9918 -0.0000
vn -0.1189 0.9929 -0.0000
vn -0.2856 0.9584 -0.0000
vn -0.4712 0.8820 -0.0000
vn 0.3577 0.9338 -0.0000
vn 0.9877 -0.1563 -0.0000
vn 0.2929 -0.9561 -0.0000
vn -0.3349 -0.9423 -0.0000
vn -0.5611 -0.8277 -0.0000
vn -0.3809 -0.9246 -0.0000
vn 0.6650 0.7468 -0.0000
vn 0.6593 -0.7519 -0.0000
vn 0.9996 0.0282 -0.0000
vn 0.4321 -0.5058 -0.7466
vn 0.4359 -0.6203 -0.6521
vn 0.0977 -0.7805 -0.6175
vn 0.1891 -0.7022 -0.6865
vn 0.8805 -0.4740 -0.0000
vn 0.8962 0.4436 -0.0000
vn 0.6640 0.7478 -0.0000
vn 0.6979 0.7162 -0.0000
vn 0.7921 0.6103 -0.0000
vn 0.7380 0.6748 -0.0000
vn 0.4226 0.9063 -0.0000
vn 0.0332 -0.9994 -0.0000
vn 0.8388 0.5445 -0.0000
vn 0.9246 0.3809 -0.0000
vn 0.8602 0.5099 -0.0000
vn 0.5110 -0.8596 -0.0000
vn -0.0280 -0.9996 -0.0000
vn 0.1107 -0.9939 -0.0000
vn 0.7757 0.6311 -0.0000
vn 0.9977 0.0680 -0.0000
vn 0.9934 -0.1148 -0.0000
vn 0.9999 -0.0161 -0.0000
vn 0.9795 -0.2015 -0.0000
vn 0.9361 -0.3517 -0.0000
vn 0.9734 -0.2291 -0.0000
vn 1.0000 -0.0041 -0.0000
vn 0.9949 -0.1007 -0.0000
vn 0.9986 -0.0536 -0.0000
vn 0.9953 -0.0967 -0.0000
vn 0.9962 -0.0874 -0.0000
vn 0.9990 0.0449 -0.0000
vn -0.0025 -1.0000 -0.0000
vn 0.9763 -0.2164 -0.0000
vn 0.9003 -0.4352 -0.0000
vn 0.5988 -0.8009 -0.0000
vn 0.3827 -0.9239 -0.0000
vn 0.2046 -0.9788 -0.0000
vn 0.6968 -0.7173 -0.0000
vn 0.5103 -0.8514 0.1218
vn 0.6168 -0.5563 0.5568
vn 0.6743 -0.7384 -0.0000
vn -0.6756 0.2885 0.6785
vn -0.8781 0.3262 0.3501
vn -0.8721 0.3992 0.2828
vn -0.7006 0.3973 0.5928
vn -0.9764 -0.2159 -0.0000
vn -0.9192 -0.2182 0.3279
vn -0.7685 0.5207 0.3719
vn -0.8741 0.4857 -0.0000
vn 0.5293 0.2160 0.8205
vn 0.7793 0.3547 0.5166
vn 0.8466 0.0209 0.5318
vn 0.5801 0.1561 0.7994
vn -0.7302 -0.2611 0.6314
vn -0.0291 0.0250 0.9993
vn -0.0950 0.4766 0.8740
vn -0.7382 0.2265 0.6354
vn -0.9357 0.3527 -0.0000
vn -0.9179 0.3968 -0.0000
vn -0.3390 0.2588 0.9045
vn -0.3751 0.3194 0.8702
vn 0.7410 0.4379 0.5091
vn 0.8291 0.5592 -0.0000
vn -0.1220 0.9925 -0.0000
vn -0.0457 0.8447 0.5332
vn 0.8941 0.2837 0.3467
vn 0.9665 0.2566 -0.0000
vn 0.9973 -0.0729 -0.0000
vn 0.9303 -0.0520 0.3630
vn -0.8897 0.3811 0.2513
vn -0.7618 0.3498 0.5452
vn -0.9215 0.3884 -0.0000
vn 0.4918 -0.2960 0.8188
vn 0.7066 -0.4566 0.5406
vn 0.0313 -0.0082 0.9995
vn -0.4552 0.2361 0.8585
vn 0.8394 -0.5435 -0.0000
vn -0.8709 0.3938 0.2940
vn -0.7665 0.3327 0.5494
vn -0.9054 0.4245 -0.0000
vn 0.5597 -0.3250 0.7623
vn 0.7368 -0.4475 0.5068
vn 0.0600 -0.0505 0.9969
vn -0.4717 0.2028 0.8581
vn 0.8500 -0.5267 -0.0000
vn 0.6163 -0.7287 -0.2987
vn 0.5605 -0.6283 0.5395
vn 0.7553 0.6383 -0.1487
vn 0.6525 0.0643 0.7551
vn 0.7976 -0.0164 0.6029
vn 0.9371 0.2702 -0.2211
vn 0.2517 0.4969 -0.8305
vn 0.1719 -0.2709 -0.9471
vn 0.4176 0.3923 -0.8196
vn 0.8603 -0.4470 -0.2451
vn 0.4103 -0.0578 -0.9101
vn -0.8141 0.1740 -0.5541
vn 0.1483 -0.4267 -0.8922
vn -0.6905 -0.2720 -0.6703
vn 0.0981 -0.7578 0.6451
vn 0.7782 -0.4437 0.4444
vn 0.7815 -0.5455 0.3029
vn -0.4405 -0.5849 0.6811
vn 0.2784 -0.7993 0.5326
vn -0.2433 -0.6504 0.7196
vn 0.0387 -0.9211 0.3874
vn -0.7961 -0.4561 0.3979
vn 0.5244 -0.8283 -0.1972
vn -0.7792 0.1392 -0.6111
vn 0.4254 0.0235 -0.9047
vn 0.0948 -0.5607 -0.8226
vn -0.7287 -0.2720 -0.6285
vn 0.8096 -0.5648 -0.1600
vn -0.9638 0.0832 0.2533
vn -0.8120 -0.4619 0.3568
vn -0.3770 -0.3307 0.8652
vn 0.1465 -0.4467 -0.8826
vn 0.0645 -0.9777 0.1998
vn -0.0923 -0.7472 -0.6582
vn -0.5910 0.1495 -0.7927
vn -0.1868 -0.9759 0.1128
vn -0.5039 -0.4314 -0.7483
vn 0.0511 -0.8498 0.5246
vn 0.3528 -0.8153 0.4592
vn -0.3216 -0.7321 0.6006
vn -0.6109 -0.7497 0.2544
vn 0.3749 -0.9256 -0.0517
vn -0.7126 -0.6242 0.3203
vn -0.7306 -0.3777 -0.5689
vn 0.1090 -0.6551 0.7476
vn -0.4114 0.3169 0.8546
vn 0.0792 -0.0770 0.9939
vn -0.2473 0.4789 0.8423
vn 0.0484 -0.1070 0.9931
vn 0.0062 0.5535 0.8328
vn 0.0001 -0.1098 0.9940
vn -0.7390 0.5838 0.3363
vn -0.6666 0.4970 0.5555
vn -0.4196 0.8439 0.3343
vn -0.4067 0.7369 0.5400
vn 0.0121 0.9462 0.3234
vn -0.0289 0.8479 0.5294
vn -0.7783 0.6279 -0.0000
vn -0.4217 0.9067 -0.0000
vn 0.0308 0.9995 -0.0000
vn 0.5486 -0.4659 0.6942
vn 0.6700 -0.6018 0.4346
vn 0.3623 -0.6679 0.6501
vn 0.3998 -0.8298 0.3894
vn 0.0002 -0.7748 0.6322
vn -0.0448 -0.9193 0.3909
vn 0.7348 -0.6783 -0.0000
vn 0.3974 -0.9176 -0.0000
vn -0.0918 -0.9958 -0.0000
vn 0.3173 0.4617 0.8284
vn -0.0658 -0.0850 0.9942
vn 0.5292 0.7780 0.3387
vn 0.4283 0.7336 0.5277
vn 0.5840 0.8117 -0.0000
vn -0.4300 -0.6595 0.6166
vn -0.5689 -0.7225 0.3928
vn -0.6563 -0.7545 -0.0000
vn 0.5370 -0.4274 -0.7273
vn 0.8425 -0.5386 -0.0000
vn 0.7102 -0.4293 0.5580
vn 0.8312 -0.4341 0.3473
vn 0.8841 -0.4502 0.1252
vn 0.9472 -0.3100 -0.0817
vn 0.9778 -0.2091 0.0127
vn 0.9449 -0.1516 0.2902
vn 0.9250 -0.1587 0.3452
vn 0.9239 -0.3826 -0.0075
vn 0.8627 -0.4391 0.2508
vn 0.7729 -0.6345 -0.0000
vn 0.9136 -0.4042 0.0442
vn 0.7730 -0.1884 0.6058
vn 0.5128 -0.1111 0.8513
vn -0.4040 -0.0985 0.9094
vn 0.2681 0.2403 0.9329
vn 0.7811 0.6206 0.0690
vn 0.8031 0.5771 0.1484
vn 0.6049 0.7812 0.1543
vn 0.5460 0.8276 0.1305
vn -0.9138 0.1233 0.3869
vn -0.9433 0.1117 0.3126
vn -0.8595 0.4306 0.2753
vn -0.8354 0.4234 0.3504
vn 0.7819 0.5653 0.2629
vn 0.7884 0.5895 0.1758
vn 0.7711 0.5165 0.3724
vn 0.7461 0.5701 0.3440
vn 0.3207 0.0942 0.9425
vn 0.3348 0.0984 0.9371
vn 0.5135 -0.0369 0.8573
vn 0.4788 -0.0493 0.8766
vn -0.8820 0.4453 -0.1542
vn -0.8866 0.4441 -0.1292
vn -0.9214 0.3870 -0.0359
vn -0.8987 0.4373 -0.0339
vn 0.7922 0.6103 -0.0000
vn 0.7902 0.6123 -0.0278
vn 0.7895 0.6117 -0.0498
vn 0.7879 0.6156 0.0156
vn 0.7877 0.6154 0.0263
vn 0.7850 0.6142 0.0807
vn 0.7870 0.6110 0.0857
vn -0.7837 0.6192 0.0485
vn -0.7844 0.6185 0.0472
vn -0.7857 0.5829 -0.2072
vn -0.7698 0.5841 -0.2574
vn -0.7438 0.0263 0.6679
vn -0.7061 0.0494 0.7064
vn -0.7637 -0.1324 0.6319
vn -0.7552 -0.1317 0.6421
vn 0.7173 0.6755 -0.1709
vn 0.7987 0.5967 0.0775
vn 0.6576 0.7420 -0.1302
vn 0.7959 0.6052 0.0187
vn -0.6274 -0.5224 0.5775
vn -0.6466 -0.4958 0.5798
vn -0.8230 -0.3272 0.4644
vn -0.7901 -0.3506 0.5028
vn -0.8041 0.1213 0.5820
vn -0.7948 0.0931 0.5997
vn -0.7635 -0.2027 0.6132
vn -0.8001 -0.1890 0.5693
vn 0.6786 0.1816 0.7117
vn 0.6474 0.6436 0.4084
vn 0.6975 0.0500 0.7148
vn 0.5000 -0.0991 0.8603
vn 0.6076 0.0342 0.7935
vn 0.5626 0.0256 0.8263
vn 0.3518 0.4501 0.8208
vn 0.4523 0.4580 0.7653
vn 0.8842 0.0650 0.4626
vn 0.8559 -0.1261 0.5014
vn 0.7407 -0.0294 0.6711
vn 0.8657 0.2416 0.4384
vn -0.7397 0.0222 0.6725
vn -0.7526 0.0115 0.6584
vn -0.9189 0.3944 -0.0000
vn -0.7583 0.6519 -0.0000
vn 0.4864 0.2563 0.8353
vn 0.4517 0.2231 0.8638
vn 0.3780 0.2526 0.8907
vn 0.3898 0.2343 0.8906
vn -0.2673 0.4952 0.8266
vn -0.2563 0.4968 0.8292
vn 0.1738 0.0709 0.9822
vn 0.1605 0.0700 0.9846
vn 0.2394 0.0974 0.9660
vn 0.2437 0.1053 0.9641
vn 0.3108 0.9426 0.1222
vn 0.4086 0.9093 0.0784
vn 0.1748 0.9645 0.1979
vn 0.1639 0.9623 0.2170
vn 0.1186 0.9868 0.1105
vn 0.1196 0.9709 0.2074
vn 0.0407 0.9974 0.0592
vn -0.0916 0.9807 0.1729
vn -0.2876 0.9442 0.1606
vn -0.2421 0.9401 0.2402
vn -0.4275 0.8872 0.1734
vn -0.3663 0.9214 0.1300
vn -0.4351 0.8983 0.0618
vn -0.4969 0.8678 -0.0046
vn -0.5563 0.8200 -0.1345
vn -0.5211 0.8514 -0.0605
vn -0.5880 0.7617 -0.2721
vn -0.6180 0.7782 -0.1121
vn 0.4631 0.8396 -0.2839
vn 0.3743 0.9263 0.0425
vn 0.2361 0.9716 -0.0179
vn 0.2789 0.8988 -0.3382
vn 0.1581 0.9867 0.0382
vn 0.1587 0.9700 -0.1840
vn 0.3079 0.9051 -0.2933
vn 0.6074 0.7885 -0.0962
vn 0.7644 0.4553 -0.4565
vn 0.5467 0.3052 -0.7797
vn -0.0455 0.3714 -0.9273
vn -0.0560 0.6062 -0.7933
vn -0.6601 0.6250 -0.4167
vn -0.2873 0.5611 -0.7763
vn -0.3388 0.5669 -0.7509
vn -0.9126 0.3221 -0.2518
vn -0.8051 0.4711 -0.3603
vn -0.8575 0.4762 -0.1948
vn 0.8321 -0.0356 -0.5535
vn 0.7752 0.0467 -0.6299
vn 0.8647 0.4659 -0.1875
vn 0.9024 0.3653 -0.2284
vn 0.2544 0.8212 0.5108
vn 0.4547 0.7572 0.4690
vn 0.2462 0.8088 0.5340
vn 0.1949 0.8151 0.5456
vn 0.4103 0.3961 -0.8214
vn 0.5235 0.2873 -0.8021
vn 0.5443 0.3517 -0.7616
vn 0.5026 0.5044 -0.7021
vn 0.0891 0.4299 -0.8985
vn -0.1829 0.6162 -0.7661
vn 0.0170 0.7051 -0.7089
vn -0.1778 0.5756 -0.7982
vn -0.2211 0.8828 -0.4145
vn 0.3444 0.7859 -0.5135
vn 0.0414 0.5892 -0.8069
vn -0.6344 0.7417 -0.2177
vn -0.8445 0.3190 -0.4303
vn -0.8483 0.3829 -0.3658
vn -0.8372 0.4499 0.3111
vn -0.9988 -0.0138 0.0463
vn -0.9958 -0.0870 0.0300
vn -0.8208 0.0284 0.5704
vn -0.7990 0.5611 -0.2164
vn -0.8258 0.4812 -0.2942
vn -0.8530 0.3825 -0.3550
vn -0.8587 0.4802 -0.1787
vn -0.8212 0.3914 -0.4153
vn -0.8642 0.1177 -0.4891
vn -0.6828 -0.3278 -0.6530
vn -0.8679 0.1644 -0.4687
vn -0.9472 -0.1337 -0.2915
vn -0.6744 -0.6068 -0.4207
vn -0.1625 0.3286 -0.9304
vn -0.8446 -0.2803 -0.4562
vn 0.6442 0.3403 -0.6850
vn -0.1016 0.6656 -0.7393
vn 0.2068 0.6341 -0.7451
vn 0.7211 0.0232 -0.6925
vn 0.5521 -0.2097 -0.8070
vn 0.4435 -0.4347 -0.7838
vn 0.4879 -0.3930 -0.7795
vn -0.3706 0.1116 -0.9221
vn -0.2932 0.1259 -0.9477
vn 0.7772 -0.0915 -0.6226
vn 0.6295 -0.1278 -0.7664
vn 0.4643 -0.3623 -0.8081
vn 0.2972 -0.3679 -0.8811
vn 0.6925 -0.2802 -0.6648
vn 0.4504 -0.4675 -0.7607
vn -0.9068 0.3334 -0.2580
vn -0.9024 0.3887 -0.1859
vn -0.6692 0.2320 -0.7060
vn -0.8751 0.2628 -0.4065
vn 0.6056 0.7549 0.2519
vn 0.8097 0.5828 -0.0688
vn 0.6989 0.6875 0.1972
vn 0.3779 0.8324 0.4054
vn 0.4211 0.8885 -0.1821
vn 0.3383 0.9282 0.1549
vn 0.4456 0.8952 -0.0066
vn 0.5052 0.8605 -0.0655
vn 0.0935 -0.5719 -0.8150
vn 0.1567 -0.5668 -0.8088
vn 0.1784 -0.3420 -0.9226
vn 0.2495 -0.3543 -0.9012
vn 0.3261 -0.1428 -0.9345
vn 0.2193 -0.1795 -0.9590
vn 0.2405 -0.1376 -0.9608
vn 0.3383 -0.0974 -0.9360
vn 0.3491 -0.0721 -0.9343
vn 0.2369 -0.0581 -0.9698
vn 0.2287 0.0304 -0.9730
vn 0.3624 0.0085 -0.9320
vn 0.3452 0.0731 -0.9357
vn 0.2173 0.0921 -0.9717
vn 0.2112 0.1488 -0.9660
vn 0.3949 0.2755 -0.8764
vn 0.3689 0.3128 -0.8753
vn 0.2483 0.1024 -0.9633
vn 0.2437 -0.3153 -0.9172
vn 0.4256 0.3529 -0.8332
vn -0.3926 -0.3060 -0.8673
vn -0.3431 -0.0451 -0.9382
vn 0.3362 0.0471 -0.9406
vn 0.2267 -0.5676 -0.7915
vn 0.3211 -0.4466 -0.8351
vn 0.3052 -0.3485 -0.8862
vn 0.3170 -0.2552 -0.9134
vn 0.2817 -0.1391 -0.9494
vn 0.2240 -0.0133 -0.9745
vn 0.2057 0.0567 -0.9770
vn 0.1958 0.1025 -0.9753
vn 0.1887 0.1364 -0.9725
vn 0.1464 0.0690 -0.9868
vn -0.0292 0.0284 -0.9992
vn 0.5342 0.8454 -0.0003
vn 0.5666 0.8218 0.0599
vn 0.1199 0.9501 -0.2881
vn -0.1477 0.9298 0.3371
vn 0.3481 -0.5430 -0.7642
vn 0.4091 -0.3717 -0.8334
vn 0.3214 -0.2261 -0.9196
vn 0.2302 -0.1370 -0.9634
vn 0.1853 -0.0202 -0.9825
vn 0.2670 0.0214 -0.9634
vn 0.3050 0.0917 -0.9479
vn 0.2690 0.1597 -0.9498
vn 0.3458 0.1021 -0.9328
vn 0.2796 0.2320 -0.9316
vn -0.0064 0.3786 -0.9255
vn -0.1018 0.2041 -0.9737
vn 0.1372 -0.7897 -0.5980
vn 0.0624 -0.9834 -0.1701
vn 0.1036 -0.7839 -0.6122
vn 0.3127 -0.4951 -0.8106
vn 0.1962 -0.1182 -0.9734
vn 0.2517 -0.1575 -0.9549
vn 0.1991 -0.0381 -0.9792
vn 0.1279 -0.0989 -0.9869
vn 0.1598 -0.0819 -0.9837
vn 0.2327 -0.1444 -0.9618
vn 0.4803 -0.2234 -0.8482
vn 0.3313 -0.1036 -0.9378
vn 0.4092 0.0407 -0.9115
vn 0.9041 -0.4259 0.0352
vn 0.8566 0.0132 -0.5158
vn 0.3394 0.1989 -0.9194
vn 0.5427 -0.0261 -0.8395
vn 0.4714 -0.0002 -0.8819
vn 0.2839 0.2619 -0.9224
vn 0.4502 0.2269 -0.8636
vn 0.1392 0.5770 -0.8048
vn 0.2061 0.5325 -0.8209
vn -0.0781 -0.9900 -0.1176
vn 0.0276 -0.9292 -0.3686
vn -0.0345 -0.9832 -0.1790
vn -0.1662 -0.8819 -0.4411
vn -0.0168 -0.5055 -0.8626
vn -0.0623 -0.9057 -0.4194
vn 0.1150 -0.7646 -0.6342
vn 0.1372 -0.2202 -0.9658
vn 0.3321 -0.2303 -0.9147
vn 0.6930 -0.5851 -0.4213
vn 0.7855 -0.4455 -0.4295
vn 0.6681 -0.3454 -0.6590
vn 0.9277 -0.3725 0.0261
vn 0.8708 -0.2802 -0.4039
vn 0.7928 -0.2348 -0.5624
vn 0.8417 -0.2362 0.4856
vn 0.2065 0.4231 -0.8823
vn -0.2443 0.4989 -0.8315
vn 0.1148 0.3617 -0.9252
vn 0.3055 0.2421 -0.9209
vn 0.3840 0.2572 -0.8868
vn 0.2489 0.4309 -0.8674
vn -0.1763 -0.5751 -0.7989
vn -0.3025 -0.7558 -0.5808
vn -0.2788 -0.8108 -0.5146
vn -0.1978 -0.8883 -0.4144
vn 0.0531 -0.9658 -0.2540
vn 0.2855 -0.6378 -0.7153
vn 0.3730 -0.0281 -0.9274
vn -0.2635 0.2321 -0.9363
vn -0.6603 0.0734 -0.7474
vn -0.5323 -0.2698 -0.8024
vn -0.1493 -0.3072 -0.9399
vn 0.0482 -0.4382 -0.8976
vn 0.0682 -0.6195 -0.7820
vn 0.1436 -0.4326 -0.8901
vn 0.2441 -0.3851 -0.8900
vn 0.4083 -0.1859 -0.8937
vn 0.4702 -0.1055 -0.8762
vn 0.4422 -0.0827 -0.8931
vn 0.4385 -0.0460 -0.8975
vn 0.4178 0.0009 -0.9085
vn 0.4692 0.2217 -0.8548
vn 0.4055 0.3660 -0.8376
vn 0.3595 0.4828 -0.7985
vn 0.5019 0.5279 -0.6851
vn -0.8475 0.2425 -0.4721
vn -0.3062 0.1741 -0.9359
vn -0.0599 0.8444 0.5323
vn -0.2348 0.8783 0.4166
vn -0.7156 0.6667 0.2084
vn -0.6902 0.7057 0.1602
vn 0.5878 -0.4616 -0.6644
vn 0.8916 -0.1187 -0.4369
vn 0.7647 -0.1373 -0.6297
vn 0.4313 -0.4830 -0.7620
vn -0.9051 0.3868 -0.1764
vn -0.8508 0.5231 -0.0504
vn 0.0508 0.6267 -0.7776
vn 0.1754 0.6108 -0.7721
vn 0.2418 0.5545 -0.7963
vn 0.1180 0.4633 -0.8783
vn -0.6657 -0.1862 -0.7226
vn -0.8188 -0.5687 -0.0780
vn -0.6533 -0.6414 -0.4022
vn -0.8187 -0.3347 -0.4665
vn -0.8055 -0.1849 -0.5629
vn -0.7585 -0.4723 -0.4490
vn -0.7930 -0.5834 -0.1756
vn -0.7722 -0.1331 -0.6214
vn -0.7640 -0.0013 -0.6452
vn -0.6392 0.2946 -0.7103
vn -0.5736 -0.1727 -0.8008
vn -0.5856 0.0465 -0.8093
vn -0.6601 0.1670 -0.7324
vn -0.7621 -0.5002 -0.4111
vn -0.6863 0.2651 -0.6773
vn -0.6812 -0.2018 -0.7037
vn -0.7341 -0.0030 -0.6791
vn -0.5701 0.0011 -0.8216
vn -0.5258 0.4523 -0.7204
vn -0.4088 0.6836 -0.6046
vn -0.5497 0.1672 -0.8185
vn -0.2216 -0.2051 -0.9533
vn -0.8164 -0.3328 -0.4720
vn -0.6463 0.2608 -0.7171
vn -0.4510 -0.0824 -0.8887
vn -0.1603 -0.3069 -0.9381
vn -0.1600 -0.9746 0.1569
vn 0.0659 -0.6896 -0.7212
vn -0.0989 -0.2988 -0.9492
vn -0.0078 -0.8668 -0.4986
vn -0.0526 -0.9620 -0.2678
vn -0.0357 -0.9550 -0.2945
vn 0.3336 -0.6388 -0.6933
vn 0.0540 -0.8728 -0.4850
vn 0.2049 -0.6309 -0.7483
vn -0.4787 -0.8624 -0.1650
vn -0.3018 -0.9162 -0.2636
vn -0.4456 -0.8649 -0.2309
vn -0.6256 -0.7352 -0.2610
vn -0.7669 -0.5314 -0.3598
vn -0.8086 -0.5169 -0.2810
vn -0.8909 -0.3619 -0.2745
vn -0.8800 -0.1070 -0.4628
vn -0.5655 0.4818 -0.6694
vn -0.6904 0.4532 -0.5640
vn -0.7835 0.5990 -0.1651
vn -0.8979 -0.0012 -0.4401
vn -0.9881 -0.1537 0.0023
vn -0.9325 0.3496 -0.0912
vn -0.9429 0.1874 -0.2755
vn -0.9088 0.3661 -0.2001
vn -0.7254 -0.2176 -0.6530
vn -0.6720 -0.4622 -0.5787
vn -0.7960 -0.3651 -0.4828
vn -0.4451 -0.5752 -0.6863
vn -0.7140 -0.3867 -0.5837
vn -0.5726 -0.3491 -0.7418
vn -0.7715 -0.3322 -0.5426
vn -0.7495 -0.1133 -0.6522
vn -0.8620 -0.0572 -0.5036
vn -0.8318 -0.2512 -0.4950
vn -0.8676 -0.1334 -0.4791
vn -0.9307 -0.0101 -0.3657
vn -0.9825 0.0927 -0.1618
vn -0.9390 -0.0911 -0.3316
vn -0.3173 0.9481 0.0181
vn -0.3657 0.9103 0.1941
vn -0.7311 0.5806 -0.3584
vn -0.7047 0.6603 -0.2596
vn -0.8306 -0.3584 -0.4263
vn -0.7336 -0.4038 -0.5467
vn -0.6331 -0.6604 -0.4038
vn -0.5825 -0.6304 -0.5132
vn -0.8928 0.4098 -0.1871
vn -0.7938 0.6068 -0.0406
vn -0.8939 0.4483 -0.0086
vn -0.9486 0.2772 -0.1525
vn -0.9380 0.3404 0.0652
vn -0.8790 0.4284 -0.2092
vn -0.8660 0.1231 -0.4847
vn -0.6764 0.6790 -0.2854
vn -0.8321 0.5102 0.2176
vn -0.0741 -0.0791 0.9941
vn -0.8144 0.0645 -0.5767
vn -0.9921 0.1080 -0.0631
vn -0.9654 0.0756 -0.2495
vn -0.9306 0.2573 -0.2604
vn -0.9215 0.3861 0.0425
vn -0.9214 0.3871 0.0354
vn -0.9164 0.3998 0.0192
vn -0.5507 -0.7853 0.2828
vn -0.8799 -0.4447 0.1673
vn -0.9452 0.1505 -0.2897
vn -0.8346 0.1041 -0.5409
vn -0.6254 0.5390 -0.5643
vn -0.6525 0.2465 -0.7165
vn -0.6024 -0.6653 -0.4410
vn -0.7820 -0.4983 -0.3744
vn -0.7116 0.0364 -0.7016
vn -0.7845 0.0613 -0.6171
vn -0.6634 -0.2694 -0.6981
vn -0.4546 -0.6180 -0.6414
vn -0.6295 -0.5329 -0.5654
vn -0.6627 -0.3320 -0.6713
vn -0.8535 0.3164 -0.4141
vn -0.8222 0.5196 -0.2324
vn -0.8770 -0.1504 0.4564
vn -0.8917 0.1480 -0.4278
vn -0.9137 0.4006 0.0678
vn -0.8666 0.4650 0.1811
vn -0.3905 -0.8827 -0.2613
vn -0.7939 -0.1404 -0.5916
vn -0.6765 -0.1606 -0.7187
vn -0.8897 -0.3256 -0.3201
vn -0.8087 -0.3520 -0.4713
vn -0.8321 -0.0756 -0.5495
vn -0.9410 -0.0017 0.3384
vn -0.9671 0.1865 -0.1732
vn -0.7933 0.1154 -0.5978
vn -0.8094 0.4470 -0.3809
vn -0.6383 0.6598 -0.3966
vn -0.6346 0.7338 -0.2424
vn -0.8253 0.2205 -0.5199
vn 0.9872 -0.1418 -0.0724
vn 0.9397 0.3417 -0.0174
vn 0.9318 0.3469 -0.1066
vn 0.9360 -0.0479 -0.3489
vn -0.0095 0.8994 -0.4371
vn -0.0623 0.9857 0.1564
vn 0.0603 0.9700 0.2353
vn -0.0704 0.9966 0.0434
vn 0.9638 -0.1700 0.2054
vn 0.9654 -0.1912 0.1771
vn 0.3699 -0.9212 -0.1209
vn 0.3322 -0.9390 -0.0890
vn -0.1881 -0.9772 -0.0985
vn -0.1708 -0.9820 -0.0803
vn 0.7139 -0.2043 -0.6697
vn 0.7806 0.4452 -0.4388
vn 0.8383 0.4693 -0.2775
vn 0.7134 -0.2615 -0.6502
vn -0.6653 0.7162 -0.2107
vn -0.7377 0.6388 -0.2186
vn -0.6491 0.6707 -0.3588
vn -0.6982 0.6603 -0.2765
vn 0.7342 -0.1879 -0.6524
vn 0.8088 0.3354 -0.4830
vn 0.4600 0.8841 -0.0822
vn 0.8184 -0.4001 -0.4124
vn 0.5514 -0.7564 -0.3520
vn 0.5220 -0.8334 -0.1817
vn -0.3617 -0.9261 -0.1072
vn -0.2892 -0.9573 -0.0022
vn -0.0726 0.6867 -0.7233
vn -0.1080 0.9913 0.0753
vn -0.1090 0.9901 0.0883
vn -0.0488 0.8003 -0.5976
vn -0.1725 0.9653 0.1959
vn -0.4797 0.8284 0.2891
vn -0.5651 0.8187 -0.1020
vn -0.4894 0.8403 -0.2331
vn 0.4880 0.6449 0.5882
vn 0.1138 0.9068 0.4060
vn 0.1022 0.9948 0.0016
vn -0.2021 0.9312 -0.3032
vn 0.2154 -0.8546 -0.4725
vn 0.4383 -0.7728 -0.4590
vn -0.2537 -0.9323 -0.2579
vn -0.3148 -0.9172 -0.2441
vn -0.5868 -0.8097 -0.0088
vn -0.5940 -0.8042 0.0226
vn -0.2493 -0.9684 -0.0087
vn -0.2769 -0.9609 -0.0059
vn -0.6050 -0.7104 0.3595
vn -0.6845 -0.7175 0.1291
vn -0.0619 -0.9741 -0.2176
vn -0.1543 -0.9068 0.3923
vn -0.6692 -0.7196 -0.1852
vn -0.4883 -0.7791 -0.3932
vn -0.4959 -0.7420 -0.4512
vn -0.3681 -0.8283 -0.4224
vn -0.2081 -0.7696 -0.6037
vn -0.2494 -0.7304 -0.6358
vn 0.1649 -0.7318 -0.6612
vn -0.0733 -0.7999 -0.5956
vn -0.5400 -0.8291 -0.1450
vn -0.9707 0.1757 -0.1640
vn 0.6861 0.7018 0.1917
vn 0.7742 0.6206 0.1246
vn 0.4489 0.8277 0.3367
vn 0.4808 0.7332 0.4809
vn -0.5510 0.6186 -0.5602
vn -0.8929 0.4057 0.1952
vn 0.8255 0.5614 0.0580
vn 0.8032 0.5922 0.0646
vn 0.7098 -0.0622 -0.7016
vn 0.6883 0.0653 -0.7225
vn 0.3561 0.1715 -0.9186
vn 0.1059 -0.0603 -0.9925
vn 0.7123 0.6117 -0.3441
vn 0.7495 0.6597 -0.0553
vn -0.6350 0.7401 -0.2214
vn -0.6340 0.7399 -0.2250
vn 0.4165 -0.9022 0.1118
vn 0.2188 -0.9714 0.0922
vn 0.9879 0.0454 -0.1483
vn 0.9871 0.0692 -0.1445
vn 0.6166 -0.7725 0.1515
vn 0.6009 -0.7895 0.1249
vn 0.8939 -0.4336 0.1137
vn 0.8937 -0.4221 0.1521
vn 0.8366 -0.4880 -0.2488
vn 0.6946 -0.6026 -0.3929
vn 0.8933 0.4257 -0.1442
vn 0.8845 0.4352 -0.1682
vn 0.6541 0.7480 -0.1129
vn 0.6500 0.7506 -0.1186
vn 0.6749 0.7276 -0.1225
vn 0.6856 0.7134 -0.1450
vn 0.7850 0.6143 -0.0797
vn 0.7810 0.6097 -0.1354
vn 0.7663 0.6396 -0.0612
vn 0.7473 0.6642 -0.0182
vn 0.5143 0.8566 0.0422
vn 0.5584 0.8280 0.0515
vn 0.5062 -0.7583 0.4108
vn 0.1727 -0.9379 -0.3009
vn 0.8977 -0.1593 -0.4107
vn 0.9968 -0.0803 -0.0051
vn 0.7579 0.6283 0.1758
vn 0.7229 0.5829 0.3711
vn 0.5040 0.8223 0.2643
vn 0.5188 0.8431 0.1419
vn 0.7353 -0.4181 -0.5335
vn 0.8082 -0.3446 -0.4775
vn 0.8956 0.2928 -0.3349
vn 0.8041 0.3602 -0.4729
vn 0.5933 0.8019 -0.0710
vn 0.6789 0.7340 -0.0186
vn 0.7393 0.6605 -0.1309
vn 0.7012 0.6914 0.1739
vn 0.7713 0.6202 -0.1426
vn 0.6949 0.6818 -0.2284
vn 0.7868 0.5666 -0.2448
vn 0.7840 0.5720 -0.2413
vn 0.6526 0.7375 -0.1736
vn 0.5600 0.8050 -0.1959
vn 0.0532 -0.7282 -0.6833
vn 0.1767 -0.7325 -0.6574
vn 0.4097 -0.4699 -0.7819
vn 0.5944 -0.3218 -0.7370
vn 0.4496 -0.7764 -0.4416
vn 0.4804 -0.7454 -0.4622
vn 0.8809 -0.2232 -0.4173
vn 0.7931 -0.1298 -0.5951
vn 0.7847 0.1522 -0.6009
vn 0.8857 0.2323 -0.4020
vn 0.7374 0.6408 -0.2136
vn 0.7254 0.3997 -0.5603
vn 0.7016 0.6042 -0.3777
vn 0.6653 0.7190 -0.2011
vn 0.7708 0.5401 -0.3378
vn 0.8483 0.1478 -0.5085
vn 0.6693 0.6633 -0.3347
vn 0.7393 0.6286 -0.2414
vn 0.6832 0.5886 -0.4322
vn 0.7480 0.5753 -0.3310
vn 0.4252 0.9051 -0.0047
vn 0.3359 0.9417 -0.0167
vn 0.4814 0.8715 -0.0933
vn 0.4539 0.8892 -0.0570
vn 0.4342 0.8863 -0.1612
vn 0.5166 0.8527 0.0774
vn 0.4346 0.8916 0.1276
vn 0.4387 0.8879 -0.1384
vn 0.2606 0.8373 0.4807
vn 0.4675 0.7567 0.4569
vn 0.4855 0.5533 -0.6768
vn 0.6014 0.3176 -0.7331
vn 0.5381 0.0829 -0.8388
vn 0.6337 0.3753 -0.6764
vn 0.4682 -0.0898 -0.8791
vn 0.4973 -0.0185 -0.8674
vn 0.7741 0.6013 -0.1982
vn 0.7496 0.5677 -0.3403
vn 0.7294 0.6080 -0.3135
vn 0.6835 0.7244 -0.0898
vn 0.2019 -0.4996 -0.8424
vn 0.2785 -0.3966 -0.8747
vn 0.2394 -0.7105 -0.6617
vn 0.2187 -0.4078 -0.8865
vn 0.1304 -0.7585 -0.6385
vn -0.1343 -0.9134 0.3841
vn -0.1140 -0.8932 -0.4349
vn -0.0211 -0.9762 0.2160
vn -0.0567 -0.9932 0.1017
vn 0.5466 0.7555 0.3611
vn 0.6048 0.7907 -0.0951
vn 0.3889 0.9156 -0.1021
vn 0.2787 0.8474 0.4520
vn -0.2805 0.9390 -0.1991
vn -0.3701 0.8819 0.2920
vn -0.2215 0.4591 -0.8603
vn 0.4645 0.2373 -0.8532
vn 0.4978 0.0751 -0.8640
vn 0.7243 0.6731 -0.1493
vn 0.5806 -0.0154 -0.8140
vn 0.6366 0.7099 0.3012
vn 0.3908 -0.5346 -0.7493
vn 0.3281 -0.4904 -0.8074
vn 0.4502 -0.3324 -0.8288
vn 0.4785 -0.0358 -0.8774
vn 0.8606 0.1583 -0.4840
vn 0.6279 -0.2200 -0.7466
vn 0.8478 0.4290 -0.3117
vn 0.8788 0.4660 -0.1027
vn 0.5130 -0.4325 -0.7415
vn 0.6097 -0.0996 -0.7863
vn 0.1716 0.8999 0.4009
vn 0.0444 0.9146 0.4018
vn 0.2339 0.8831 0.4067
vn 0.2295 0.8916 0.3903
vn -0.2429 0.7060 -0.6652
vn -0.7504 0.5938 -0.2902
vn -0.7682 0.5314 -0.3569
vn -0.4684 0.6595 -0.5880
vn 0.5913 0.3058 -0.7463
vn 0.6553 -0.3525 -0.6681
vn 0.6549 -0.1953 -0.7301
vn 0.8709 -0.0382 -0.4900
vn -0.3952 0.9147 0.0847
vn -0.3131 0.5441 -0.7784
vn -0.7402 0.3657 -0.5642
vn -0.4064 0.0679 -0.9112
vn 0.5965 0.7687 0.2309
vn 0.3831 0.8487 0.3647
vn -0.7549 0.4190 -0.5044
vn -0.3644 0.5728 -0.7342
vn 0.2665 0.7491 -0.6065
vn 0.4874 -0.1285 -0.8637
vn 0.5544 0.1535 -0.8179
vn 0.4678 -0.3427 -0.8147
vn 0.6264 -0.3652 -0.6886
vn 0.6210 -0.3013 -0.7236
vn 0.7159 -0.1012 -0.6909
vn 0.8625 0.2318 -0.4498
vn 0.8076 0.5795 -0.1093
vn 0.7888 0.0447 -0.6131
vn -0.5391 0.7549 -0.3736
vn 0.6960 -0.0814 -0.7134
vn -0.7245 0.6381 -0.2607
vn 0.6633 0.6703 -0.3329
vn 0.6329 0.7688 -0.0913
vn 0.5693 0.8032 -0.1754
vn 0.6500 0.7502 -0.1214
vn 0.8178 0.5415 -0.1950
vn 0.7473 0.5753 -0.3325
vn 0.6192 0.6805 -0.3918
vn 0.4937 0.4870 -0.7204
vn 0.4025 0.1911 -0.8952
vn 0.7043 0.4848 -0.5186
vn 0.8772 0.4798 -0.0188
vn 0.9117 0.3307 -0.2436
vn 0.6064 0.2807 -0.7440
vn 0.5510 0.1630 -0.8185
vn 0.8731 0.4257 -0.2375
vn 0.8260 0.5636 -0.0060
vn 0.8292 0.5214 -0.2015
vn 0.9339 0.3183 -0.1629
vn 0.9401 0.3328 -0.0739
vn 0.8571 0.4527 -0.2460
vn 0.8769 0.4674 -0.1120
vn -0.7267 0.2858 -0.6246
vn -0.6357 0.0686 -0.7689
vn -0.6796 0.0742 -0.7298
vn -0.7863 0.2828 -0.5493
vn -0.8022 0.2290 -0.5514
vn -0.7155 0.0611 -0.6959
vn -0.8208 0.5270 -0.2201
vn -0.6647 0.7329 -0.1452
vn -0.7395 0.6729 -0.0148
vn -0.9138 -0.3671 -0.1737
vn -0.5878 -0.5574 -0.5864
vn -0.6674 -0.4289 -0.6088
vn -0.9732 -0.1805 -0.1424
vn -0.9764 0.1525 -0.1528
vn -0.8376 0.0192 -0.5460
vn -0.8805 -0.1274 -0.4566
vn -0.9148 0.2673 -0.3029
vn -0.9101 0.1158 -0.3979
vn -0.7716 -0.3240 -0.5474
vn -0.6915 -0.4249 -0.5842
vn -0.8627 -0.0353 -0.5044
vn -0.7067 -0.0188 -0.7073
vn -0.7339 -0.1128 -0.6698
vn -0.7454 -0.1256 -0.6546
vn 0.3920 0.4320 -0.8122
vn 0.5141 0.5057 -0.6928
vn 0.5003 0.5820 -0.6411
vn 0.3849 0.4512 -0.8051
vn 0.3922 0.3666 -0.8437
vn 0.4991 0.4639 -0.7319
vn -0.3961 -0.0871 -0.9140
vn 0.6249 -0.1164 -0.7719
vn 0.3372 -0.0947 -0.9367
vn -0.4881 -0.2909 -0.8229
vn -0.6312 -0.1896 -0.7521
vn -0.1002 0.0913 -0.9908
vn 0.9568 0.0475 -0.2867
vn 0.7752 0.2349 -0.5864
vn 0.5747 0.4145 -0.7057
vn 0.5713 0.2128 -0.7927
vn 0.3238 0.1656 -0.9315
vn 0.3511 0.1119 -0.9296
vn 0.6021 0.1507 -0.7841
vn 0.5731 0.0737 -0.8161
vn 0.4107 0.0279 -0.9114
vn 0.2575 0.1620 -0.9526
vn 0.1814 0.1607 -0.9702
vn 0.1785 0.1600 -0.9709
vn 0.2668 0.1489 -0.9522
vn 0.2949 0.1153 -0.9485
vn 0.1794 0.1174 -0.9767
vn 0.2100 0.2019 -0.9566
vn 0.2160 0.2161 -0.9522
vn 0.2288 0.1568 -0.9608
vn 0.7703 -0.2107 -0.6019
vn 0.4816 -0.0847 -0.8723
vn 0.8967 -0.2527 -0.3634
vn 0.7498 -0.5577 -0.3560
vn 0.8288 -0.3744 -0.4159
vn 0.4942 -0.8477 -0.1926
vn 0.8278 -0.4220 -0.3697
vn -0.4639 0.6766 -0.5718
vn -0.4059 0.7247 -0.5568
vn -0.6850 0.2425 -0.6870
vn -0.8956 0.4300 -0.1142
vn -0.8093 0.5698 0.1428
vn -0.6539 0.5230 -0.5468
vn -0.8896 0.0905 -0.4476
vn -0.6655 0.0503 -0.7447
vn 0.4538 -0.0534 -0.8895
vn 0.3445 -0.0895 -0.9345
vn 0.4573 -0.5378 -0.7083
vn 0.1289 -0.9858 -0.1074
vn 0.2259 -0.0696 -0.9717
vn 0.0860 -0.0526 -0.9949
vn 0.1652 -0.0607 -0.9844
vn 0.2402 -0.0497 -0.9694
vn 0.1607 -0.0330 -0.9864
vn 0.2419 -0.0958 -0.9656
vn -0.0265 -0.9989 -0.0387
vn -0.0243 -0.9997 0.0060
vn 0.1034 -0.9944 0.0198
vn 0.0842 -0.9963 0.0144
vn 0.0576 -0.9389 -0.3393
vn -0.1467 -0.9429 0.2990
vn -0.1392 -0.9740 0.1789
vn -0.0887 -0.9666 -0.2403
vn -0.1529 -0.8099 -0.5663
vn 0.2193 -0.7634 -0.6075
vn 0.1240 -0.7952 -0.5936
vn 0.0993 -0.7584 -0.6442
vn -0.2514 -0.6570 -0.7107
vn -0.0640 -0.5523 -0.8312
vn 0.7755 0.6042 -0.1829
vn -0.8705 0.3835 -0.3085
vn -0.8534 0.2927 -0.4314
vn 0.7027 0.7113 0.0141
vn -0.8271 0.1628 -0.5380
vn -0.7355 -0.0841 -0.6722
vn 0.7223 0.0143 -0.6914
vn 0.8793 -0.0622 -0.4723
vn 0.7284 0.0601 -0.6825
vn 0.7246 0.0399 -0.6880
vn -0.0805 -0.9952 -0.0564
vn -0.7361 0.6750 0.0510
vn -0.7647 0.6435 -0.0335
vn 0.5708 -0.0615 0.8188
vn -0.9218 0.3275 -0.2075
vn 0.1816 -0.8000 -0.5718
vn 0.0224 -0.6448 -0.7640
vn 0.0095 -0.6555 -0.7551
vn 0.2166 -0.7804 -0.5866
vn 0.1092 -0.9920 -0.0628
vn -0.6191 0.5128 -0.5948
vn -0.6278 0.3286 -0.7056
vn -0.7122 0.2576 -0.6530
vn -0.6241 0.5011 -0.5995
vn 0.0313 -0.8808 -0.4724
vn -0.5609 0.2406 -0.7921
vn -0.3844 0.3372 -0.8594
vn -0.5017 0.3340 -0.7980
vn -0.6512 0.4297 -0.6256
vn -0.0516 -0.6861 -0.7257
vn -0.0262 -0.3732 -0.9274
vn -0.7417 0.6697 -0.0367
vn -0.0023 -0.0644 -0.9979
vn 0.0257 0.1365 -0.9903
vn 0.8534 0.5210 0.0144
vn 0.8861 0.4589 -0.0646
vn -0.3114 0.8027 -0.5085
vn -0.6926 0.2645 -0.6711
vn -0.6582 0.4654 -0.5917
vn 0.7590 0.3256 0.5638
vn -0.1176 -0.6884 -0.7157
vn -0.0942 -0.5688 -0.8170
vn 0.5986 -0.7937 0.1084
vn -0.0368 -0.9971 0.0664
vn -0.0582 -0.2191 0.9740
vn 0.3946 -0.0178 0.9187
vn 0.1711 -0.9413 -0.2912
vn -0.5719 -0.7276 -0.3788
vn -0.8407 0.0316 0.5405
vn -0.0288 0.0332 0.9990
vn 0.0124 -0.6027 -0.7979
vn 0.3432 -0.6881 -0.6393
vn -0.3052 -0.5273 -0.7930
vn -0.0911 -0.5145 -0.8526
vn 0.1450 -0.5877 -0.7960
vn -0.2782 -0.2249 -0.9338
vn -0.2780 -0.3128 -0.9082
vn -0.3494 -0.4008 0.8469
vn -0.3110 -0.3688 0.8759
vn -0.5311 -0.2652 0.8048
vn -0.6347 0.0054 0.7728
vn -0.8448 -0.0709 0.5304
vn -0.9913 0.1296 0.0213
vn 0.5047 0.3988 0.7657
vn 0.6025 0.2492 0.7582
vn 0.4824 0.0889 0.8714
vn 0.4461 0.2376 0.8629
vn 0.3558 0.0413 0.9337
vn 0.1130 -0.0982 0.9887
vn -0.2000 -0.1551 0.9674
vn -0.1359 -0.2834 0.9493
vn -0.0676 -0.2479 0.9664
vn -0.2846 -0.3477 0.8934
vn -0.5695 -0.3489 0.7443
vn -0.8903 -0.2222 0.3974
vn -0.9898 0.0199 -0.1410
vn 0.5839 0.2142 0.7830
vn 0.4524 0.0463 0.8906
vn 0.3250 0.0050 0.9457
vn 0.1522 -0.0944 0.9838
vn 0.4541 0.2516 0.8547
vn 0.2971 0.0894 0.9507
vn -0.1914 -0.1433 -0.9710
vn -0.1556 -0.3992 -0.9036
vn -0.2324 -0.3624 -0.9026
vn -0.2483 -0.1359 -0.9591
vn 0.3625 -0.5649 0.7413
vn 0.4067 -0.3640 0.8379
vn 0.6392 -0.3128 0.7026
vn 0.5461 -0.5665 0.6171
vn 0.9480 -0.2469 -0.2007
vn 0.9576 -0.2650 -0.1128
vn 0.9538 -0.2468 -0.1714
vn 0.9420 -0.1837 -0.2809
vn 0.7005 -0.5346 0.4727
vn 0.7172 -0.3114 0.6234
vn 0.8728 -0.3200 0.3685
vn 0.8891 -0.4277 0.1629
vn -0.8485 0.5290 -0.0114
vn -0.8870 0.4617 0.0099
vn -0.7644 0.5747 -0.2923
vn -0.4356 0.7754 0.4571
vn -0.7424 0.3943 -0.5416
vn -0.8783 0.3425 -0.3336
vn -0.8583 0.5062 0.0843
vn -0.7130 0.6732 -0.1962
vn -0.8032 0.1869 -0.5657
vn -0.8865 0.1041 -0.4508
vn -0.9227 0.1901 -0.3354
vn -0.8077 0.3398 -0.4819
vn -0.2306 0.1492 -0.9615
vn -0.0335 0.2761 -0.9605
vn -0.0638 0.3093 -0.9488
vn -0.1780 0.1680 -0.9696
vn 0.8322 -0.2179 -0.5098
vn -0.7681 -0.0232 -0.6399
vn -0.8147 -0.0282 -0.5792
vn 0.0664 -0.5301 0.8453
vn -0.0274 -0.3108 0.9501
vn 0.8997 -0.2156 -0.3794
vn -0.9329 0.0521 -0.3564
vn -0.8437 -0.0227 -0.5364
vn -0.8784 -0.0145 -0.4777
vn -0.9576 0.0334 -0.2862
vn -0.6810 -0.0089 -0.7322
vn -0.0455 -0.5245 0.8502
vn -0.1315 -0.2670 0.9547
vn 0.9460 -0.3070 -0.1039
vn 0.9544 -0.2948 0.0478
vn -0.2220 -0.5356 0.8148
vn -0.3145 -0.2371 0.9192
vn -0.1393 -0.2778 0.9505
vn -0.0915 -0.5351 0.8398
vn -0.6024 -0.4716 0.6440
vn -0.5515 -0.1983 0.8102
vn -0.3106 -0.2129 0.9264
vn -0.3019 -0.5543 0.7756
vn 0.8396 0.5391 -0.0668
vn 0.9039 0.4219 -0.0705
vn 0.9553 0.2675 -0.1260
vn 0.7932 0.5408 -0.2800
vn -0.2003 0.1298 -0.9711
vn -0.1826 0.3301 -0.9261
vn 0.8619 0.4906 -0.1282
vn 0.8058 0.5181 -0.2868
vn -0.2987 -0.2164 0.9295
vn -0.2173 -0.5657 0.7955
vn -0.1332 0.9234 0.3601
vn -0.0935 0.9527 0.2891
vn -0.4337 0.8971 0.0849
vn -0.8108 0.5850 -0.0200
vn 0.7044 0.2898 -0.6479
vn 0.8617 -0.0312 -0.5065
vn 0.5332 0.8383 0.1135
vn 0.1704 0.9777 0.1228
vn 0.8932 0.4064 0.1927
vn 0.9012 0.4231 0.0942
vn -0.0373 0.9483 0.3151
vn -0.0970 0.9340 0.3438
vn -0.9177 0.2900 0.2716
vn -0.9897 -0.0705 0.1246
vn -0.3503 0.9149 -0.2007
vn 0.0357 0.9885 0.1468
vn 0.0979 0.9946 -0.0344
vn 0.7633 0.6430 0.0620
vn 0.1450 0.9684 0.2030
vn -0.1880 -0.0724 -0.9795
vn -0.3734 -0.0479 -0.9264
vn -0.0971 0.9942 0.0466
vn 0.0027 0.9792 -0.2029
vn -0.3884 0.9054 -0.1714
vn -0.2561 0.9666 0.0068
vn -0.4262 0.8705 -0.2461
vn -0.5030 0.7094 -0.4937
vn -0.7556 0.3982 -0.5201
vn -0.8101 0.5337 -0.2428
vn 0.8087 0.5782 -0.1077
vn -0.9517 0.0813 -0.2961
vn 0.4148 0.9070 -0.0731
vn 0.6372 0.7008 -0.3207
vn 0.4573 0.8462 -0.2735
vn 0.2907 0.9527 -0.0887
vn -0.8774 0.3231 -0.3548
vn 0.0192 0.9995 -0.0259
vn 0.0169 0.9609 -0.2762
vn 0.1316 0.9576 -0.2562
vn 0.0110 0.9999 -0.0087
vn 0.0616 -0.1111 -0.9919
vn -0.0227 -0.0959 -0.9951
vn -0.2711 0.9385 -0.2137
vn -0.4332 0.7771 -0.4566
vn -0.4950 0.8210 -0.2845
vn -0.2838 0.9553 -0.0833
vn -0.2600 0.9533 -0.1535
vn -0.4399 0.7964 -0.4149
vn 0.2137 0.9411 -0.2619
vn 0.2356 0.9714 -0.0309
vn 0.9936 0.1118 -0.0147
vn 0.9834 0.1811 0.0047
vn -0.0700 0.4817 -0.8735
vn -0.5444 0.4201 -0.7260
vn -0.6205 0.5165 -0.5901
vn -0.8079 0.3536 -0.4715
vn 0.8362 0.5477 -0.0286
vn -0.8648 0.0337 -0.5010
vn -0.9053 -0.1583 0.3942
vn 0.7871 0.3093 -0.5338
vn 0.5463 0.2185 -0.8086
vn -0.8419 0.3366 -0.4218
vn -0.9591 0.1522 -0.2387
vn -0.8924 0.0997 -0.4402
vn -0.1119 0.4649 -0.8783
vn 0.0047 0.4680 -0.8837
vn -0.8187 0.3002 -0.4895
vn -0.8047 0.3667 -0.4668
vn -0.5526 0.5717 -0.6065
vn -0.7832 0.4853 -0.3888
vn -0.6236 0.5465 -0.5590
vn 0.0495 0.4192 -0.9066
vn -0.7859 -0.5084 -0.3521
vn -0.8714 -0.4451 -0.2060
vn -0.8611 -0.5001 0.0921
vn -0.8486 -0.5003 0.1718
vn 0.6291 -0.5662 -0.5326
vn 0.7205 -0.1103 -0.6846
vn 0.7052 -0.2793 -0.6517
vn 0.5647 -0.6454 -0.5144
vn -0.8646 -0.3767 0.3325
vn -0.9450 -0.2575 0.2017
vn -0.8376 -0.5159 -0.1795
vn -0.9395 -0.3123 -0.1409
vn 0.3384 -0.8085 -0.4814
vn 0.3562 -0.5232 -0.7742
vn 0.1987 -0.5660 -0.8001
vn 0.1253 -0.8206 -0.5575
vn 0.9643 -0.1144 0.2388
vn 0.9959 -0.0663 0.0621
vn 0.9842 -0.1242 -0.1260
vn 0.9870 -0.1585 0.0251
vn -0.8807 -0.4344 0.1887
vn -0.9852 -0.1680 0.0343
vn 0.9644 0.1400 -0.2243
vn 0.9259 0.2268 -0.3020
vn 0.9902 0.0837 -0.1116
vn 0.9068 0.0534 -0.4182
vn -0.9902 -0.1329 -0.0431
vn 0.8736 -0.3499 -0.3382
vn -0.9690 0.0874 -0.2310
vn 0.9679 0.2127 -0.1337
vn 0.9949 -0.0152 -0.0996
vn 0.3364 -0.3167 -0.8869
vn 0.2650 0.1213 -0.9566
vn 0.3966 0.0125 -0.9179
vn 0.3004 -0.3276 -0.8958
vn 0.9659 0.1764 0.1895
vn 0.9886 0.1502 0.0059
vn 0.9299 0.3281 -0.1660
vn -0.9573 -0.0891 -0.2750
vn 0.9878 0.0165 0.1551
vn 0.9749 0.1143 0.1912
vn -0.9763 0.0231 -0.2150
vn -0.9301 -0.0162 -0.3668
vn -0.9855 -0.0399 -0.1647
vn -0.9953 -0.0181 -0.0952
vn -0.8542 -0.2074 -0.4768
vn -0.8813 -0.3996 -0.2521
vn -0.5617 -0.0239 -0.8270
vn -0.6207 -0.0071 -0.7840
vn -0.7093 -0.0406 -0.7037
vn -0.7355 -0.0335 -0.6767
vn -0.9652 0.1375 -0.2226
vn -0.8816 0.0790 -0.4653
vn 0.9296 0.3524 -0.1080
vn 0.9050 -0.3245 -0.2751
vn -0.9985 0.0496 -0.0240
vn -0.9964 -0.0724 -0.0452
vn -0.9851 0.1690 -0.0311
vn -0.9844 0.1741 0.0243
vn -0.9987 -0.0511 -0.0035
vn -0.8622 -0.1574 -0.4815
vn -0.9559 -0.1337 -0.2615
vn -0.9862 -0.0156 -0.1649
vn -0.8944 -0.2742 -0.3534
vn 0.9441 0.2589 -0.2041
vn 0.9466 0.2874 -0.1460
vn 0.9681 0.1863 -0.1676
vn 0.8901 -0.3866 -0.2413
vn 0.8695 -0.4068 -0.2803
vn -0.9960 -0.0316 -0.0834
vn -0.9755 -0.0607 -0.2116
vn 0.9562 0.2268 -0.1849
vn -0.9042 -0.4026 -0.1425
vn 0.9241 0.1282 0.3600
vn 0.8962 0.2132 0.3891
vn -0.8732 -0.4793 -0.0886
vn -0.7251 -0.6221 -0.2953
vn -0.9860 0.0315 -0.1639
vn 0.9784 0.0271 -0.2051
vn 0.9710 -0.1476 -0.1881
vn 0.9960 -0.0306 -0.0835
vn 0.9894 -0.1170 -0.0856
vn 0.8003 -0.0423 -0.5981
vn 0.7363 0.1091 -0.6678
vn 0.9033 -0.0533 -0.4258
vn -0.7055 -0.0799 -0.7042
vn -0.7937 -0.1271 -0.5949
vn -0.9923 -0.1031 -0.0681
vn -0.9652 0.1893 -0.1803
vn 0.9385 0.3074 0.1572
vn 0.9613 0.2708 -0.0513
vn -0.9235 -0.3802 -0.0499
vn -0.9567 -0.1447 -0.2527
vn -0.8711 -0.0122 -0.4909
vn -0.9831 -0.0688 -0.1697
vn 0.6182 0.1269 -0.7757
vn 0.6335 0.0438 -0.7725
vn -0.9904 -0.1033 -0.0923
vn -0.9427 -0.2563 -0.2138
vn 0.9648 0.1570 -0.2110
vn 0.9628 0.0479 -0.2658
vn 0.8404 -0.5079 -0.1892
vn 0.8273 -0.5544 -0.0907
vn -0.7194 -0.2142 -0.6608
vn -0.9113 -0.4052 -0.0735
vn 0.8248 -0.0274 0.5647
vn 0.8130 0.0491 0.5802
vn -0.9057 -0.4205 -0.0533
vn -0.8571 -0.3871 -0.3399
vn 0.9689 0.1039 -0.2244
vn 0.9717 0.1464 -0.1854
vn -0.8777 -0.3822 -0.2890
vn -0.9933 -0.0008 -0.1154
vn 0.9452 -0.1639 -0.2823
vn 0.9073 -0.3515 -0.2307
vn 0.3045 -0.2725 -0.9127
vn 0.3331 -0.0000 -0.9429
vn 0.1882 -0.0725 -0.9795
vn 0.1920 -0.2714 -0.9431
vn 0.1483 -0.5362 -0.8310
vn 0.1123 -0.5105 -0.8525
vn 0.9857 0.0976 0.1371
vn 0.9861 0.0862 -0.1418
vn -0.9273 -0.2169 -0.3050
vn -0.9632 -0.2687 -0.0093
vn 0.9521 -0.2623 0.1572
vn 0.9692 -0.2210 -0.1087
vn -0.9593 -0.2779 -0.0507
vn -0.8687 -0.1740 -0.4638
vn -0.9915 -0.1132 -0.0641
vn -0.9679 -0.2015 -0.1500
vn 0.9296 -0.1469 -0.3381
vn 0.8765 -0.2653 -0.4016
vn 0.6893 -0.1966 0.6973
vn 0.7256 -0.1802 0.6641
vn 0.6779 -0.7306 -0.0812
vn 0.6294 -0.7640 0.1422
vn 0.9672 -0.1087 -0.2294
vn -0.9108 -0.2668 -0.3151
vn 0.9672 -0.1413 -0.2112
vn -0.8295 -0.5574 0.0360
vn -0.9222 -0.2601 -0.2861
vn -0.9969 -0.0608 -0.0492
vn 0.8203 -0.4324 -0.3744
vn 0.7632 -0.5869 -0.2703
vn -0.7679 -0.4761 -0.4285
vn -0.7656 -0.5779 -0.2827
vn 0.8902 -0.4003 0.2173
vn 0.9197 -0.3926 -0.0013
vn -0.9489 -0.2374 -0.2081
vn -0.9153 -0.2420 -0.3221
vn -0.8991 -0.3042 -0.3149
vn -0.9392 -0.3234 -0.1153
vn 0.8697 -0.3871 -0.3062
vn 0.7653 -0.4846 -0.4236
vn 0.6787 -0.2282 0.6981
vn 0.6990 -0.2714 0.6616
vn -0.7594 -0.6160 0.2094
vn 0.4160 -0.8830 0.2173
vn -0.9866 -0.1226 0.1080
vn -0.9747 -0.2126 0.0689
vn 0.5856 -0.6858 -0.4321
vn 0.5249 -0.7909 -0.3146
vn -0.8759 -0.3531 0.3287
vn -0.8899 -0.4556 -0.0232
vn -0.9694 -0.2398 -0.0530
vn -0.9574 -0.2710 -0.0994
vn 0.6694 -0.5737 -0.4719
vn 0.9169 -0.3527 -0.1868
vn 0.4473 -0.8916 -0.0705
vn -0.8538 -0.4721 -0.2195
vn -0.8576 -0.5099 -0.0673
vn -0.8563 -0.4520 -0.2501
vn -0.8993 -0.4366 -0.0243
vn -0.8911 -0.4058 -0.2029
vn 0.2109 -0.9355 0.2836
vn -0.8750 -0.2939 0.3846
vn -0.8402 -0.4865 0.2395
vn 0.4766 -0.7061 -0.5237
vn -0.7152 -0.5873 0.3789
vn -0.7709 -0.5545 -0.3133
vn 0.9359 -0.2386 -0.2592
vn 0.7523 -0.4159 -0.5110
vn 0.7589 -0.0230 0.6509
vn 0.7493 -0.0326 0.6615
vn -0.8397 -0.5186 -0.1609
vn -0.9162 -0.3596 -0.1770
vn 0.2254 -0.9700 -0.0905
vn 0.0456 -0.9357 0.3498
vn -0.0116 -0.9246 0.3806
vn -0.1065 -0.9112 0.3980
vn -0.0602 -0.9190 0.3897
vn -0.5641 -0.7317 0.3827
vn -0.2677 -0.8547 0.4449
vn -0.1221 -0.9037 0.4104
vn 0.0222 -0.7956 -0.6054
vn 0.0460 -0.7646 -0.6428
vn -0.9608 -0.2689 -0.0678
vn 0.5777 -0.4094 -0.7061
vn 0.0954 -0.7330 -0.6735
vn 0.1493 -0.4675 -0.8713
vn -0.0469 -0.4944 -0.8680
vn -0.0680 -0.7048 -0.7062
vn -0.8419 -0.4440 -0.3067
vn -0.8620 -0.3737 -0.3425
vn -0.9278 -0.3176 -0.1959
vn -0.9022 -0.4307 0.0230
vn -0.7978 -0.3566 -0.4862
vn -0.6328 -0.4395 -0.6375
vn -0.6303 -0.5634 -0.5342
vn 0.7652 -0.0608 0.6409
vn 0.7913 -0.0696 0.6075
vn -0.8684 -0.3694 -0.3308
vn -0.9191 -0.3534 -0.1744
vn 0.9805 -0.1436 -0.1341
vn -0.4426 -0.8964 -0.0226
vn -0.1251 -0.9852 -0.1173
vn -0.6454 -0.7635 0.0221
vn -0.0278 -0.9891 -0.1444
vn -0.0222 -0.9846 -0.1733
vn -0.0546 -0.9926 -0.1082
vn 0.0172 -0.9976 -0.0678
vn -0.9842 -0.0908 0.1522
vn 0.5006 -0.1217 -0.8571
vn 0.2914 -0.1274 -0.9481
vn -0.4684 -0.0343 -0.8828
vn 0.6973 -0.1517 -0.7006
vn -0.8327 -0.1553 0.5315
vn 0.2396 0.2383 -0.9412
vn 0.3025 0.2228 -0.9268
vn 0.1968 0.2218 -0.9550
vn 0.2118 0.3004 -0.9300
vn -0.2293 0.1912 -0.9544
vn -0.2037 0.1513 -0.9673
vn -0.1992 0.1507 -0.9683
vn -0.1884 0.2536 -0.9488
vn 0.8084 -0.0082 -0.5885
vn 0.8113 0.1698 -0.5595
vn 0.6842 0.1991 -0.7016
vn 0.7186 0.0215 -0.6951
vn -0.6467 -0.5201 0.5580
vn -0.5608 -0.6484 0.5148
vn -0.6431 -0.6403 0.4201
vn -0.7122 -0.5709 0.4085
vn 0.5127 0.2014 -0.8346
vn 0.4926 0.0927 -0.8653
vn -0.9766 -0.1106 -0.1845
vn -0.8200 -0.5303 -0.2154
vn -0.7326 -0.6743 -0.0929
vn -0.9804 -0.1813 -0.0775
vn 0.8976 -0.2086 0.3883
vn 0.9487 -0.1815 0.2588
vn 0.9876 -0.1446 0.0610
vn 0.9572 -0.2339 0.1706
vn 0.1500 0.2860 -0.9464
vn 0.1297 0.2061 -0.9699
vn 0.0625 0.1926 -0.9793
vn 0.0679 0.2606 -0.9631
vn -0.0963 0.2238 -0.9699
vn -0.0728 0.1719 -0.9824
vn -0.9435 -0.2930 0.1548
vn -0.6787 -0.7258 0.1121
vn -0.5699 -0.7330 0.3715
vn -0.8601 -0.3510 0.3702
vn 0.9224 -0.0771 -0.3784
vn 0.9504 0.0633 -0.3045
vn -0.2629 0.3613 -0.8946
vn -0.1824 0.1321 -0.9743
vn -0.4164 -0.0094 -0.9091
vn -0.6466 0.2375 -0.7249
vn 0.9952 0.0634 -0.0749
vn 0.8264 0.1804 -0.5334
vn -0.9929 -0.0463 -0.1100
vn -0.9551 -0.0419 -0.2933
vn -0.9821 0.1728 -0.0751
vn -0.9659 0.1809 -0.1851
vn 0.5023 -0.1670 -0.8484
vn 0.3217 0.1559 -0.9339
vn 0.9984 -0.0555 0.0105
vn 0.9768 0.0986 -0.1902
vn -0.9852 -0.1196 -0.1230
vn -0.9732 0.1104 -0.2019
vn 0.1042 -0.2977 -0.9490
vn 0.0615 -0.3450 -0.9366
vn 0.0123 -0.1204 -0.9926
vn -0.0530 -0.1492 -0.9874
vn -0.9472 -0.0935 -0.3068
vn -0.9644 -0.1018 -0.2441
vn -0.9689 0.1772 -0.1729
vn -0.9749 0.1680 -0.1459
vn -0.9628 -0.2037 -0.1776
vn -0.9294 -0.0144 -0.3687
vn -0.7079 -0.4285 -0.5615
vn -0.8848 -0.3177 -0.3407
vn -0.5401 -0.2276 -0.8102
vn -0.8037 -0.1589 -0.5734
vn 0.7588 -0.0719 0.6474
vn 0.8250 -0.0471 0.5632
vn 0.7428 -0.0184 0.6693
vn 0.8309 -0.0149 0.5562
vn -0.3106 -0.4552 -0.8344
vn -0.2286 -0.2089 -0.9508
vn 0.0448 -0.9303 -0.3642
vn 0.2465 -0.9293 -0.2752
vn -0.0403 -0.8929 -0.4484
vn 0.0474 -0.8531 -0.5197
vn 0.0061 -0.8639 -0.5036
vn -0.6842 -0.6759 -0.2738
vn -0.4854 -0.7744 -0.4058
vn -0.1046 -0.8550 -0.5080
vn 0.4863 -0.8496 -0.2042
vn -0.8625 -0.5059 0.0123
vn -0.9763 -0.2163 -0.0089
vn 0.7206 -0.6727 -0.1679
vn -0.9940 -0.0868 -0.0665
vn 0.8748 -0.4503 -0.1786
vn -0.9926 -0.0596 -0.1059
vn 0.9465 -0.2782 -0.1638
vn -0.9866 -0.0041 -0.1632
vn 0.9781 -0.1780 -0.1082
vn -0.9697 0.0989 -0.2234
vn 0.9585 0.1437 -0.2464
vn -0.9362 0.1835 -0.2996
vn 0.5835 0.7655 -0.2712
vn 0.2061 0.9421 -0.2644
vn 0.7401 0.5109 -0.4372
vn 0.7020 0.6034 -0.3783
vn -0.5686 0.6594 -0.4918
vn -0.5146 0.6395 -0.5712
vn -0.4586 0.8727 -0.1677
vn -0.6531 0.6991 -0.2911
vn -0.5936 0.5693 -0.5688
vn 0.1008 0.9665 -0.2362
vn 0.2045 0.9554 -0.2130
vn 0.0814 0.9768 -0.1982
vn -0.8884 0.0039 -0.4591
vn -0.7030 -0.2551 -0.6639
vn -0.8246 -0.4244 -0.3740
vn -0.9477 -0.1025 -0.3023
vn 0.9482 -0.2642 -0.1764
vn 0.9860 -0.1005 -0.1332
vn 0.9857 -0.0680 -0.1542
vn 0.9351 -0.1836 -0.3032
vn 0.2528 -0.6114 -0.7498
vn 0.4262 -0.2722 -0.8627
vn 0.0510 0.0698 -0.9963
vn 0.0654 0.0434 -0.9969
vn 0.9373 -0.1166 -0.3285
vn 0.9823 -0.0140 -0.1865
vn 0.4925 0.8638 -0.1058
vn 0.6506 0.7383 -0.1779
vn 0.6339 0.7215 -0.2786
vn 0.4592 0.8669 -0.1940
vn 0.5383 0.8427 -0.0127
vn 0.7238 0.6871 -0.0636
vn -0.1562 -0.9785 -0.1347
vn -0.0117 -0.9895 -0.1438
vn 0.0285 -0.9901 -0.1373
vn -0.1178 -0.9868 -0.1113
vn 0.0749 0.7085 -0.7017
vn 0.5890 0.4199 -0.6905
vn 0.0417 -0.2860 -0.9573
vn -0.2031 0.4138 -0.8874
vn 0.5925 0.7908 0.1531
vn 0.7830 0.6189 0.0629
vn 0.7818 0.6191 0.0742
vn 0.5768 0.8116 0.0925
vn -0.1013 -0.9906 -0.0923
vn 0.0252 -0.9925 -0.1193
vn 0.0294 -0.9910 -0.1306
vn -0.1050 -0.9874 -0.1187
vn 0.3736 0.8504 -0.3705
vn 0.5275 0.7040 -0.4755
vn 0.5582 0.8290 0.0329
vn 0.7491 0.6580 0.0764
vn -0.2024 -0.9572 -0.2070
vn -0.1250 -0.9717 -0.2004
vn -0.1734 0.1148 -0.9781
vn -0.1734 -0.3580 -0.9175
vn -0.0885 -0.3365 -0.9375
vn -0.1487 0.0658 -0.9867
vn -0.1104 -0.9830 -0.1466
vn 0.0010 -0.9890 -0.1477
vn 0.0212 -0.9984 -0.0529
vn -0.1040 -0.9877 -0.1171
vn -0.2096 -0.8808 -0.4246
vn -0.2964 -0.8405 -0.4535
vn -0.1815 -0.3456 -0.9207
vn -0.3204 -0.4711 -0.8218
vn -0.3319 -0.5352 -0.7768
vn -0.1707 -0.5980 -0.7831
vn 0.6499 0.6583 0.3798
vn 0.7221 0.5597 0.4066
vn 0.7806 0.5661 0.2649
vn 0.6246 0.7337 0.2673
vn -0.1826 -0.3928 -0.9013
vn -0.1771 -0.1763 -0.9683
vn -0.0724 -0.9030 -0.4236
vn -0.3433 -0.4162 -0.8420
vn -0.2566 -0.9455 -0.2002
vn -0.1134 -0.8625 -0.4933
vn 0.0655 -0.8507 -0.5216
vn 0.1006 -0.8389 -0.5350
vn 0.9041 0.0094 -0.4272
vn 0.7778 -0.5226 -0.3491
vn -0.2256 -0.9727 -0.0544
vn -0.2608 -0.9645 0.0414
vn 0.0201 -0.9922 -0.1227
vn -0.0168 -0.9921 -0.1241
vn -0.2081 -0.9780 0.0112
vn -0.1615 -0.9859 -0.0443
vn 0.1341 -0.9753 -0.1753
vn 0.0796 -0.9702 -0.2289
vn 0.1599 -0.9512 -0.2639
vn 0.1679 -0.9668 -0.1924
vn 0.1570 -0.9530 -0.2593
vn 0.1774 -0.9636 -0.2000
vn 0.0953 -0.9915 0.0882
vn 0.0834 -0.9956 -0.0430
vn 0.0747 -0.9948 -0.0687
vn 0.0797 -0.9916 0.1021
vn 0.1128 -0.9835 -0.1414
vn 0.1186 -0.9815 -0.1503
vn 0.1337 -0.9754 -0.1752
vn 0.1208 -0.9798 -0.1594
vn 0.1350 -0.9785 -0.1560
vn 0.1420 -0.9763 -0.1635
vn 0.1622 -0.9690 -0.1863
vn 0.1447 -0.9713 -0.1887
vn 0.3432 -0.8165 0.4644
vn -0.0399 -0.7474 0.6632
vn 0.1575 -0.9656 -0.2068
vn -0.6649 -0.2894 -0.6886
vn -0.7704 -0.4960 -0.4006
vn 0.9963 -0.0460 -0.0730
vn 0.9689 0.0097 -0.2473
vn 0.9697 -0.1661 0.1794
vn 0.9919 -0.1208 0.0398
vn -0.1720 0.1089 -0.9791
vn -0.2738 0.0897 -0.9576
vn 0.8145 0.1125 -0.5692
vn 0.6343 0.1569 -0.7570
vn -0.0508 -0.5537 0.8312
vn -0.1312 -0.4401 0.8883
vn -0.2383 -0.3864 0.8910
vn -0.1656 -0.5063 0.8463
vn 0.4688 0.1550 -0.8696
vn 0.2950 0.1459 -0.9443
vn 0.1075 0.1300 -0.9857
vn 0.0570 0.1252 -0.9905
vn 0.8818 -0.2544 0.3970
vn 0.8368 -0.2748 0.4736
vn 0.9229 -0.2158 0.3188
vn 0.9283 -0.1822 0.3242
vn -0.7451 -0.6660 0.0368
vn -0.7517 -0.6578 0.0486
vn -0.3641 0.0356 -0.9307
vn -0.4921 -0.1027 -0.8645
vn 0.0070 -0.8467 0.5321
vn -0.2332 -0.5157 0.8244
vn -0.1219 -0.4365 0.8914
vn -0.0425 -0.5800 0.8135
vn 0.9968 -0.0716 -0.0366
vn 0.9973 -0.0681 -0.0293
vn 0.3186 -0.4964 0.8075
vn 0.2604 -0.4126 0.8729
vn 0.6446 -0.3604 0.6743
vn 0.7272 -0.3880 0.5662
vn 0.1710 0.1371 -0.9757
vn -0.7712 -0.5978 0.2188
vn -0.8013 -0.5727 0.1732
vn 0.1644 -0.5151 0.8412
vn 0.1116 -0.4202 0.9005
vn -0.7770 -0.6225 -0.0939
vn -0.7436 -0.6680 0.0294
vn -0.0485 0.1183 -0.9918
vn -0.1350 -0.5082 0.8506
vn -0.1086 -0.4037 0.9084
vn 0.0052 -0.4110 0.9116
vn 0.0415 -0.5195 0.8535
vn -0.1622 -0.3838 0.9090
vn -0.2181 -0.4881 0.8451
vn -0.0479 -0.6479 0.7602
vn -0.2923 -0.5930 0.7503
vn -0.1558 -0.6401 0.7524
vn 0.1031 -0.6584 0.7455
vn 0.2517 -0.6420 0.7242
vn 0.4066 -0.5985 0.6903
vn 0.7494 -0.4240 0.5086
vn -0.7682 -0.6336 0.0917
vn -0.8096 -0.5529 0.1971
vn -0.5509 -0.5843 0.5959
vn -0.4972 -0.8345 -0.2374
vn 0.9119 -0.2298 0.3400
vn 0.0447 -0.6798 0.7320
vn -0.7829 0.5972 -0.1745
vn -0.9471 0.3091 -0.0868
vn -0.9199 0.1868 -0.3449
vn -0.8122 -0.1031 -0.5742
vn 0.8945 0.4470 0.0049
vn 0.8932 0.4397 -0.0944
vn 0.6578 0.7487 -0.0828
vn 0.6620 0.7480 -0.0464
vn -0.7942 -0.6056 -0.0496
vn -0.5601 -0.1893 -0.8065
vn 0.9016 -0.0888 0.4235
vn 0.9002 0.0088 0.4353
vn 0.8114 -0.0055 0.5844
vn 0.8227 -0.0789 0.5630
vn 0.9450 -0.0868 0.3153
vn 0.8589 -0.0693 0.5074
vn 0.9385 -0.0669 0.3388
vn 0.9406 -0.1265 0.3151
vn 0.9167 -0.1223 0.3804
vn 0.9857 -0.0147 0.1677
vn 0.8796 -0.0174 0.4755
vn 0.9325 -0.2480 0.2628
vn 0.7884 -0.2250 0.5725
vn -0.8219 -0.5641 0.0795
vn -0.8914 -0.3911 0.2288
vn -0.8754 -0.3804 0.2983
vn -0.7854 -0.6021 0.1436
vn -0.7293 -0.6763 0.1042
vn -0.8292 -0.5417 -0.1376
vn 0.8621 -0.3196 0.3934
vn 0.7522 -0.2615 0.6049
vn -0.9342 -0.3518 0.0596
vn -0.8930 -0.3822 -0.2376
vn 0.9261 -0.1761 0.3337
vn 0.8756 -0.1189 0.4681
vn -0.9251 -0.2467 -0.2888
vn -0.8610 -0.4144 -0.2949
vn 0.9875 -0.0014 0.1579
vn 0.9611 0.0477 0.2719
vn -0.9465 -0.3172 0.0594
vn -0.9878 -0.1138 -0.1059
vn -0.9931 -0.1159 -0.0158
vn -0.9415 -0.2820 0.1846
vn -0.9806 0.1637 -0.1076
vn -0.9751 0.1753 -0.1356
vn -0.8767 0.0248 -0.4804
vn -0.9752 -0.0758 -0.2079
vn 0.9944 -0.1024 -0.0248
vn 0.9923 -0.0618 0.1077
vn -0.8554 0.4169 -0.3074
vn -0.8876 0.4557 -0.0674
vn 0.9918 0.0649 -0.1099
vn 0.9976 0.0699 0.0014
vn 0.7858 0.6184 -0.0089
vn 0.8114 0.5824 0.0491
vn -0.8831 0.4682 0.0293
vn -0.8387 0.5394 -0.0749
vn -0.7242 0.6750 -0.1409
vn -0.5845 0.7977 0.1484
vn -0.0195 -0.9990 0.0395
vn -0.0112 -0.9996 0.0272
vn 0.1243 -0.9914 -0.0401
vn 0.1140 -0.9892 -0.0925
vn -0.7534 -0.1235 -0.6459
vn -0.5679 -0.6998 -0.4334
vn -0.1541 -0.9256 -0.3458
vn -0.4254 -0.5836 -0.6917
vn 0.6602 0.7496 0.0478
vn 0.6561 0.7430 0.1320
vn -0.7443 0.6096 -0.2728
vn -0.8560 0.3388 -0.3906
vn -0.3464 -0.7667 -0.5405
vn -0.3728 -0.4587 -0.8066
vn 0.0345 -0.9918 0.1229
vn 0.0523 -0.9979 0.0393
vn -0.3018 -0.9431 0.1397
vn -0.2319 -0.9709 0.0592
vn -0.8972 0.3742 0.2345
vn -0.7442 0.1414 -0.6529
vn -0.9323 0.3279 0.1526
vn -0.7260 0.6281 0.2800
vn 0.4877 -0.8465 -0.2136
vn 0.4783 -0.8544 -0.2030
vn 0.8743 -0.4621 -0.1483
vn 0.8813 -0.4711 -0.0363
vn -0.9012 0.2662 0.3419
vn -0.8276 0.5550 0.0835
vn -0.8866 0.4280 0.1752
vn -0.8495 0.4015 0.3422
vn -0.9369 -0.1431 -0.3191
vn -0.8916 0.3074 -0.3324
vn -0.7954 0.5970 -0.1050
vn -0.9754 0.1961 0.1010
vn 0.9284 0.3684 -0.0482
vn 0.9348 0.3494 -0.0634
vn 0.8748 0.4843 -0.0164
vn 0.8673 0.4955 0.0467
vn 0.6901 0.7132 -0.1227
vn 0.6880 0.7164 -0.1162
vn 0.8338 0.5393 -0.1178
vn 0.8289 0.5392 -0.1492
vn 0.5314 -0.8454 0.0540
vn 0.5149 -0.8469 0.1330
vn 0.4741 0.8805 0.0015
vn 0.4672 0.8835 -0.0337
vn 0.4279 0.9029 -0.0405
vn 0.4200 0.9073 -0.0203
vn 0.7362 0.6767 -0.0010
vn 0.7342 0.6778 -0.0388
vn 0.5737 0.8186 -0.0275
vn 0.5803 0.8143 0.0147
vn 0.7904 0.6125 0.0055
vn 0.7875 0.6152 -0.0371
vn 0.8031 0.5771 -0.1484
vn 0.7811 0.6206 -0.0690
vn 0.5460 0.8276 -0.1305
vn 0.6049 0.7812 -0.1543
vn 0.9912 0.0886 -0.0982
vn 0.9962 0.0713 -0.0507
vn 0.9714 -0.2156 -0.0995
vn 0.9746 -0.2164 0.0574
vn -0.5669 -0.8229 0.0371
vn -0.5782 -0.8157 0.0182
vn 0.2898 -0.9288 -0.2310
vn 0.3069 -0.9391 -0.1548
vn -0.0968 -0.9811 -0.1676
vn -0.1976 -0.9582 -0.2070
vn -0.7447 0.1132 -0.6577
vn -0.5559 0.1365 -0.8200
vn -0.9053 0.3154 0.2845
vn -0.9091 0.3590 0.2113
vn -0.8480 0.3165 0.4250
vn -0.8690 0.4691 0.1571
vn -0.9058 0.4131 0.0944
vn -0.9155 0.3817 0.1269
vn -0.8868 -0.0104 0.4620
vn -0.7986 0.5803 0.1594
vn -0.8905 0.4426 0.1057
vn -0.8839 0.2672 -0.3839
vn -0.8470 0.4841 -0.2195
vn -0.8528 0.3421 0.3945
vn -0.9473 0.3088 -0.0853
vn -0.6459 0.6006 -0.4713
vn -0.7478 0.2601 -0.6109
vn 0.3656 0.9307 0.0123
vn 0.3908 0.9204 -0.0058
vn 0.2555 0.9646 0.0647
vn 0.2345 0.9689 0.0795
vn -0.7896 0.5721 0.2219
vn -0.7411 0.6260 0.2428
vn -0.4672 0.8739 0.1340
vn -0.4831 0.8741 0.0499
vn -0.6278 0.7761 0.0601
vn -0.6620 0.7314 0.1637
vn -0.3854 0.9100 0.1528
vn -0.4012 0.9097 0.1076
vn -0.2816 0.9428 0.1786
vn -0.2844 0.9438 0.1682
vn -0.3454 0.9267 0.1483
vn -0.3345 0.9273 0.1682
vn 0.1270 0.9733 0.1909
vn 0.1368 0.9748 0.1762
vn -0.1044 0.9777 0.1821
vn -0.1081 0.9743 0.1978
vn 0.1420 0.9794 0.1436
vn 0.1544 0.9792 0.1318
vn -0.8738 -0.4725 0.1150
vn -0.8690 -0.4789 0.1245
vn 0.1138 -0.3282 0.9377
vn 0.2020 -0.3126 0.9282
vn -0.9102 -0.4139 0.0134
vn -0.8965 -0.4302 0.1056
vn -0.0431 0.1122 -0.9927
vn -0.1572 0.0909 -0.9834
vn -0.0395 -0.3256 0.9447
vn 0.0277 -0.3291 0.9439
vn 0.9471 0.0447 -0.3177
vn 0.8449 0.0840 -0.5284
vn -0.9154 -0.3246 -0.2379
vn -0.2397 -0.3368 0.9105
vn -0.1037 -0.3246 0.9402
vn -0.8342 -0.5082 0.2140
vn -0.6547 -0.5354 0.5336
vn 0.9774 0.0420 -0.2071
vn 0.9669 0.0106 0.2550
vn 0.9919 0.0412 0.1198
vn 0.6673 0.1341 -0.7326
vn -0.2173 -0.3333 0.9175
vn -0.8573 -0.2009 -0.4740
vn 0.4486 0.1616 -0.8790
vn -0.3214 0.0540 -0.9454
vn 0.0860 0.1373 -0.9868
vn 0.0411 0.1270 -0.9911
vn 0.7067 -0.2018 0.6781
vn 0.8489 -0.1277 0.5129
vn 0.2799 0.1627 -0.9461
vn -0.9068 -0.4175 0.0580
vn -0.9120 -0.4101 -0.0097
vn -0.5248 -0.0052 -0.8512
vn -0.7359 -0.0968 -0.6701
vn -0.4847 -0.4663 0.7400
vn -0.3136 -0.4057 0.8585
vn 0.9949 0.0875 0.0491
vn 0.9896 0.0718 -0.1247
vn 0.5894 -0.2409 0.7711
vn 0.1473 0.1467 -0.9782
vn 0.1608 -0.3087 0.9374
vn 0.1757 -0.2754 0.9451
vn 0.3519 -0.3540 0.8665
vn 0.3844 -0.4802 0.7885
vn -0.9833 0.0137 0.1817
vn -0.9213 0.2639 0.2857
vn -0.9273 0.2743 0.2546
vn -0.9769 0.0084 0.2134
vn -0.0227 0.0486 -0.9986
vn -0.0254 0.0187 -0.9995
vn -0.1289 0.0650 -0.9895
vn -0.1132 0.0555 -0.9920
vn 0.0225 -0.2428 0.9698
vn 0.0479 -0.1907 0.9805
vn 0.1020 -0.2194 0.9703
vn 0.1071 -0.2840 0.9528
vn 0.5469 -0.5139 -0.6609
vn 0.4435 -0.6953 -0.5656
vn 0.5542 -0.6393 -0.5331
vn 0.7940 -0.1423 -0.5911
vn -0.9976 0.0522 0.0444
vn -0.9361 0.2695 0.2259
vn -0.1427 -0.1900 0.9714
vn -0.1446 -0.1127 0.9830
vn -0.0353 -0.1512 0.9879
vn -0.0155 -0.2194 0.9755
vn -0.9200 -0.0590 0.3875
vn -0.8766 0.2424 0.4158
vn -0.7225 0.1496 0.6750
vn -0.7734 -0.1412 0.6180
vn 0.6481 -0.7612 -0.0234
vn 0.4886 -0.8495 -0.1992
vn 0.6595 -0.7454 -0.0973
vn 0.6931 -0.7094 -0.1276
vn 0.7280 -0.6239 -0.2842
vn 0.9871 -0.1600 0.0092
vn 0.5319 -0.4746 -0.7013
vn 0.6113 -0.4383 -0.6590
vn -0.2225 -0.1963 0.9550
vn -0.1927 -0.0973 0.9764
vn -0.9690 0.1056 -0.2233
vn -0.9449 0.3181 -0.0774
vn 0.4389 -0.2768 -0.8548
vn 0.4571 0.0216 -0.8892
vn -0.3266 0.1499 -0.9332
vn -0.2754 0.0750 -0.9584
vn 0.0731 0.0448 -0.9963
vn 0.0798 -0.0302 -0.9964
vn 0.0399 -0.0105 -0.9991
vn 0.0476 0.0444 -0.9979
vn 0.6007 -0.7558 -0.2606
vn 0.7261 -0.6873 0.0192
vn 0.6564 -0.7202 -0.2244
vn 0.6800 -0.2442 0.6913
vn 0.3192 -0.1574 -0.9345
vn 0.2945 0.0159 -0.9555
vn -0.9816 0.0124 0.1906
vn -0.9177 0.2863 0.2754
vn -0.8918 0.2336 0.3875
vn -0.9901 0.0315 0.1370
vn -0.5075 0.1065 -0.8550
vn -0.6975 0.2792 -0.6599
vn -0.9415 0.3368 -0.0095
vn -0.7811 0.1222 -0.6123
vn -0.5528 -0.1859 0.8123
vn -0.5839 0.0669 0.8090
vn -0.2351 -0.0516 0.9706
vn -0.2942 -0.1785 0.9389
vn 0.8919 -0.4185 0.1713
vn 0.6336 -0.7670 0.1014
vn 0.5532 -0.8196 0.1490
vn 0.9003 -0.4351 0.0081
vn 0.7505 -0.6069 0.2615
vn 0.6188 -0.3413 0.7076
vn 0.1484 -0.0632 -0.9869
vn 0.1703 0.0346 -0.9848
vn -0.9880 0.0058 0.1546
vn -0.7944 0.2281 0.5629
vn -0.9087 0.2732 0.3156
vn -0.9686 -0.0354 0.2461
vn -0.8173 -0.5391 0.2036
vn -0.9782 -0.1861 0.0923
vn -0.0304 0.1650 -0.9858
vn -0.1363 0.1643 -0.9770
vn 0.0437 -0.2921 0.9554
vn 0.1022 -0.2933 0.9505
vn 0.9036 -0.1541 -0.3997
vn 0.8476 -0.1158 -0.5178
vn -0.9845 -0.1491 0.0922
vn -0.1843 -0.2912 0.9387
vn -0.0849 -0.2963 0.9513
vn -0.8847 -0.3715 0.2817
vn -0.8158 -0.2306 0.5303
vn 0.9320 -0.1689 -0.3207
vn 0.9743 -0.2246 0.0167
vn 0.9709 -0.2275 -0.0742
vn 0.8090 -0.0473 -0.5859
vn -0.2257 -0.2766 0.9341
vn -0.9181 -0.3601 -0.1655
vn 0.7313 0.0194 -0.6818
vn -0.3153 0.1482 -0.9374
vn 0.0867 0.1579 -0.9836
vn 0.0403 0.1623 -0.9859
vn 0.9468 -0.2541 0.1973
vn 0.9445 -0.2875 0.1591
vn 0.4561 0.1194 -0.8819
vn -0.8897 -0.3677 0.2707
vn -0.7588 -0.2371 0.6066
vn -0.9695 -0.2068 -0.1319
vn -0.9965 -0.0386 0.0744
vn -0.7095 -0.5140 0.4821
vn -0.1579 -0.3039 0.9395
vn 0.9740 -0.2116 -0.0810
vn 0.9587 -0.1955 -0.2065
vn 0.3014 -0.2726 0.9137
vn 0.7261 -0.2674 0.6335
vn 0.1506 0.1572 -0.9760
vn -0.1928 -0.3332 0.9229
vn -0.9001 -0.2002 0.3869
vn 0.1816 -0.2878 0.9403
vn -0.7977 -0.5927 0.1114
vn -0.7395 -0.6658 0.0992
vn -0.7201 -0.6894 0.0779
vn -0.8386 -0.5325 0.1146
vn -0.0443 0.2656 -0.9631
vn -0.1408 0.3686 -0.9188
vn -0.2375 0.2924 -0.9263
vn -0.1507 0.2447 -0.9578
vn 0.0458 -0.3554 0.9336
vn 0.0213 -0.4708 0.8820
vn -0.0989 -0.6551 0.7490
vn 0.1150 -0.3414 0.9329
vn 0.9216 0.1278 -0.3665
vn 0.7627 0.6178 -0.1914
vn 0.7384 0.6261 -0.2508
vn 0.8850 0.1591 -0.4376
vn -0.8592 -0.5098 0.0434
vn -0.7530 -0.6550 0.0621
vn -0.1498 -0.3625 0.9198
vn -0.0514 -0.5012 0.8638
vn 0.0108 -0.4590 0.8884
vn -0.0466 -0.3653 0.9297
vn -0.8577 -0.4860 0.1678
vn -0.7599 -0.6492 0.0331
vn -0.6674 -0.6260 0.4033
vn -0.7972 -0.5382 0.2734
vn 0.9459 0.1122 -0.3046
vn 0.7869 0.6033 -0.1299
vn 0.9985 0.0133 0.0529
vn 0.8388 0.5065 0.1998
vn 0.8407 0.5268 0.1251
vn 0.9992 0.0327 -0.0250
vn 0.7638 0.6233 -0.1678
vn 0.8949 0.1991 -0.3994
vn -0.1765 -0.3460 0.9215
vn -0.0748 -0.4913 0.8677
vn -0.8901 -0.4290 -0.1538
vn -0.7985 -0.5845 -0.1443
vn 0.7297 0.6322 -0.2605
vn 0.8525 0.2814 -0.4404
vn -0.4661 0.0656 -0.8823
vn -0.3736 0.1793 -0.9101
vn 0.0748 0.2828 -0.9563
vn -0.0522 0.4326 -0.9000
vn -0.1054 0.3922 -0.9138
vn 0.0273 0.2760 -0.9608
vn 0.9381 -0.0463 0.3434
vn 0.7351 0.1379 0.6637
vn 0.8876 0.2613 0.3793
vn 0.9752 -0.0271 0.2197
vn 0.2703 0.5912 -0.7599
vn 0.5088 0.3529 -0.7852
vn -0.8718 -0.4686 0.1426
vn -0.7353 -0.6730 0.0799
vn -0.7403 -0.6716 0.0297
vn -0.8376 -0.4102 0.3607
vn -0.6317 0.0308 -0.7746
vn -0.5860 -0.0507 -0.8087
vn -0.7787 -0.3166 -0.5417
vn -0.8363 -0.3047 -0.4558
vn -0.4264 -0.5754 0.6979
vn -0.3471 -0.6061 0.7156
vn -0.2328 -0.5961 0.7684
vn -0.2361 -0.4134 0.8794
vn 0.9933 0.0540 -0.1023
vn 0.8309 0.5549 0.0424
vn 0.8013 0.5970 -0.0377
vn 0.9753 0.0841 -0.2044
vn 0.3279 -0.2872 0.9000
vn 0.0526 -0.3673 0.9286
vn 0.4535 0.0391 0.8904
vn 0.7599 -0.1453 0.6336
vn -0.0498 0.4409 -0.8962
vn 0.1023 0.3011 -0.9481
vn -0.5038 -0.5946 0.6266
vn -0.7597 -0.6502 -0.0095
vn -0.7656 -0.6433 0.0101
vn -0.8414 -0.4794 0.2493
vn 0.1831 -0.3240 0.9282
vn -0.1729 -0.7430 0.6465
vn -0.1641 0.2863 -0.9440
vn -0.1690 0.1722 -0.9705
vn -0.0685 -0.8808 0.4685
vn -0.3316 -0.9430 -0.0293
vn 0.4508 0.8924 0.0176
vn 0.4196 0.9059 -0.0581
vn -0.2702 -0.9438 -0.1903
vn -0.2712 -0.9538 -0.1294
vn 0.0627 -0.8580 0.5098
vn 0.0568 -0.8351 0.5472
vn -0.2600 -0.9577 -0.1235
vn -0.2719 -0.9437 0.1882
vn 0.4701 0.8801 0.0664
vn 0.5576 0.7601 0.3337
vn 0.5354 0.8072 0.2485
vn 0.4430 0.8938 -0.0701
vn 0.0496 -0.8818 0.4691
vn -0.2964 -0.8772 -0.3776
vn 0.3949 0.8874 -0.2380
vn -0.2391 -0.1198 -0.9636
vn -0.1344 0.4441 -0.8858
vn -0.1501 0.3591 -0.9211
vn 0.5433 0.4976 0.6762
vn 0.4939 0.5792 0.6486
vn 0.0956 0.7516 -0.6526
vn -0.2477 -0.9663 -0.0703
vn -0.2468 -0.9637 -0.1016
vn -0.2869 -0.2927 -0.9122
vn -0.3551 -0.5652 -0.7447
vn -0.1422 -0.9619 0.2335
vn -0.0291 -0.9201 0.3907
vn 0.5016 0.8496 0.1628
vn 0.4912 0.8635 0.1140
vn 0.5521 -0.6277 0.5487
vn 0.5617 0.4556 0.6906
vn -0.1351 0.4915 -0.8603
vn -0.2636 -0.9552 -0.1346
vn -0.2480 -0.9605 -0.1266
vn -0.3945 -0.8946 -0.2101
vn -0.2514 -0.9627 -0.1000
vn -0.2392 0.2468 -0.9391
vn -0.4497 -0.5199 -0.7263
vn -0.2103 0.1639 -0.9638
vn -0.0392 -0.9862 -0.1609
vn -0.2534 -0.9646 -0.0735
vn -0.2991 -0.9537 -0.0330
vn 0.8113 -0.4716 -0.3455
vn 0.7626 -0.2619 0.5915
vn 0.0524 -0.9181 0.3929
vn -0.0153 -0.9920 -0.1252
vn -0.0490 -0.9935 0.1031
vn 0.1443 -0.9669 -0.2104
vn 0.9319 -0.1109 -0.3453
vn 0.9771 -0.1739 0.1229
vn 0.5190 -0.7404 -0.4272
vn 0.4912 -0.8660 0.0934
vn 0.0761 -0.9741 -0.2131
vn 0.0495 -0.9893 -0.1370
vn 0.2434 -0.9695 -0.0288
vn 0.2587 -0.9160 -0.3066
vn 0.1498 -0.9713 -0.1847
vn 0.1502 -0.9722 -0.1796
vn 0.8549 -0.3075 0.4179
vn 0.8332 -0.5523 0.0256
vn -0.2493 -0.9516 -0.1797
vn -0.3108 -0.9102 -0.2739
vn -0.1091 -0.9940 0.0044
vn -0.1503 -0.9639 -0.2198
vn -0.2807 -0.9305 -0.2353
vn -0.2594 -0.9541 -0.1497
vn 0.0380 -0.9913 -0.1260
vn 0.0463 -0.9928 0.1105
vn -0.3062 -0.9428 -0.1322
vn 0.4907 -0.4652 -0.7368
vn -0.0836 -0.9928 -0.0864
vn 0.0123 -0.9999 0.0111
vn 0.6287 -0.3089 -0.7136
vn 0.3377 -0.2370 -0.9109
vn 0.9082 -0.3822 -0.1705
vn 0.8463 -0.3683 -0.3848
vn -0.5566 -0.1124 -0.8231
vn -0.6650 -0.1185 -0.7374
vn -0.9558 -0.1832 -0.2300
vn -0.9662 -0.2294 0.1174
vn -0.7441 -0.1158 -0.6580
vn -0.7916 -0.1213 -0.5989
vn 0.5244 -0.4160 0.7429
vn 0.6492 -0.3861 0.6554
vn 0.8984 -0.4161 0.1403
vn 0.9170 -0.3953 -0.0535
vn 0.7974 -0.4074 0.4452
vn -0.7210 -0.1230 -0.6819
vn -0.7323 -0.1204 -0.6702
vn -0.5829 -0.2725 0.7655
vn -0.3381 -0.2508 0.9071
vn -0.1798 -0.1653 -0.9697
vn -0.3463 -0.1423 -0.9273
vn 0.2909 -0.4587 0.8396
vn 0.0168 -0.4118 0.9111
vn 0.0428 -0.1904 -0.9808
vn -0.0369 -0.1829 -0.9824
vn -0.0710 -0.3606 0.9300
vn -0.4777 -0.1170 -0.8707
vn -0.8766 -0.1449 -0.4589
vn -0.1896 -0.2725 0.9433
vn -0.1199 -0.3257 0.9378
vn 0.1412 -0.2011 -0.9693
vn -0.8251 -0.2637 0.4996
vn -0.2411 -0.2459 0.9388
vn -0.4420 -0.1262 -0.8881
vn 0.8926 0.0137 -0.4507
vn 0.2871 -0.0370 -0.9572
vn -0.2014 -0.1012 -0.9743
vn -0.2949 -0.0852 -0.9517
vn -0.9482 -0.0317 -0.3161
vn -0.9782 -0.0540 -0.2008
vn -0.7658 0.0136 -0.6429
vn -0.8489 0.0234 -0.5281
vn 0.4756 0.0575 0.8778
vn 0.6408 -0.0033 0.7677
vn 0.8523 0.0212 0.5226
vn 0.9909 -0.0165 0.1333
vn -0.7709 -0.0042 -0.6369
vn -0.7630 -0.0071 -0.6464
vn 0.7606 -0.0285 0.6486
vn -0.7291 -0.0024 -0.6844
vn -0.4117 0.0464 0.9101
vn -0.2377 0.0606 0.9694
vn -0.3310 -0.0583 -0.9418
vn 0.2415 0.0716 0.9677
vn 0.0483 0.0971 0.9941
vn -0.0143 0.0875 0.9961
vn -0.5513 -0.0377 -0.8335
vn -0.9274 0.0117 -0.3739
vn 0.9964 0.0186 -0.0821
vn -0.0772 0.0993 0.9921
vn -0.0695 0.0874 0.9937
vn -0.8866 -0.1235 0.4457
vn -0.3467 -0.0391 -0.9372
vn -0.0982 0.0795 0.9920
vn -0.0950 -0.0882 -0.9916
vn -0.1249 -0.0992 -0.9872
vn -0.0410 -0.0668 -0.9969
vn 0.9846 -0.0303 -0.1724
vn -0.7153 -0.0271 -0.6983
vn -0.6698 -0.0102 -0.7425
vn 0.8123 0.5410 0.2181
vn -0.6584 0.0431 -0.7515
vn -0.5414 0.1976 0.8172
vn -0.2432 0.2182 0.9451
vn -0.1209 -0.1252 -0.9847
vn -0.1483 -0.1396 -0.9790
vn 0.2443 0.3828 0.8910
vn -0.3467 -0.0772 -0.9348
vn -0.5928 0.1132 -0.7973
vn 0.0844 0.2765 0.9573
vn 0.5626 0.2994 -0.7706
vn 0.0355 -0.0840 -0.9958
vn 0.0199 0.2570 0.9662
vn 0.8800 0.1037 -0.4635
vn -0.2759 -0.1138 -0.9544
vn -0.0559 0.2504 0.9665
vn -0.0204 0.2554 0.9666
vn -0.9954 0.0698 0.0662
vn -0.8492 0.3960 0.3493
vn -0.1249 0.2354 0.9638
vn 0.9509 0.0452 -0.3062
vn 0.8458 0.0517 -0.5310
vn -0.8267 -0.3611 -0.4315
vn -0.2805 -0.8461 -0.4533
vn 0.3141 0.5445 0.7777
vn 0.9362 0.1590 0.3133
vn 0.9604 -0.0793 0.2673
vn 0.4085 -0.5415 -0.7348
vn 0.1941 -0.6070 -0.7706
vn 0.5610 -0.4363 -0.7035
vn 0.0979 -0.4349 -0.8952
vn -0.0522 -0.4267 -0.9029
vn -0.4416 -0.2440 -0.8634
vn 0.4158 -0.3683 -0.8315
vn -0.3038 -0.3164 -0.8987
vn 0.2778 -0.5643 -0.7774
vn 0.0957 -0.5810 -0.8082
vn -0.0679 -0.5349 -0.8422
vn -0.1692 -0.4591 -0.8721
vn -0.2617 -0.3579 -0.8964
vn -0.4149 -0.2296 -0.8804
vn 0.5019 -0.6206 -0.6024
vn 0.1886 -0.6570 -0.7299
vn -0.4799 -0.1670 -0.8613
vn 0.4051 -0.9133 -0.0433
vn 0.1858 0.0744 0.9798
vn 0.0839 0.0611 0.9946
vn -0.0429 0.0164 0.9989
vn -0.2160 -0.0575 0.9747
vn -0.4803 -0.1254 0.8681
vn -0.8256 -0.0879 0.5574
vn 0.6426 -0.0383 -0.7653
vn 0.9604 0.0274 -0.2771
vn 0.8748 -0.0540 -0.4815
vn 0.9043 -0.0234 -0.4264
vn 0.5965 -0.2881 -0.7491
vn 0.8153 -0.0835 -0.5730
vn 0.7150 0.0617 -0.6964
vn 0.8031 0.1027 -0.5869
vn 0.8643 -0.4438 0.2369
vn 0.3659 -0.7091 -0.6028
vn 0.3674 0.2684 0.8905
vn -0.4580 0.8580 0.2326
vn -0.0515 0.9465 -0.3185
vn -0.6321 0.7746 -0.0202
vn -0.5782 0.8139 -0.0574
vn 0.0864 -0.9555 -0.2822
vn 0.1264 -0.9606 -0.2477
vn 0.0222 -0.9420 -0.3348
vn -0.0633 -0.9232 -0.3790
vn 0.0905 -0.9743 -0.2061
vn 0.1087 -0.9759 -0.1892
vn 0.0481 -0.8381 -0.5433
vn -0.1948 -0.7981 -0.5701
vn -0.2148 -0.5627 -0.7983
vn 0.1539 -0.6001 -0.7850
vn 0.6573 0.0770 -0.7497
vn 0.4733 0.0756 -0.8776
vn 0.7648 0.6442 -0.0082
vn 0.7428 0.6687 -0.0320
vn -0.7581 -0.6520 -0.0136
vn -0.2625 -0.9555 -0.1350
vn -0.2630 -0.9554 -0.1347
vn -0.7589 -0.6511 -0.0120
vn 0.8306 0.5550 0.0454
vn 0.5072 0.8455 0.1667
vn 0.5041 0.8477 0.1655
vn 0.8308 0.5548 0.0442
vn -0.9548 -0.2750 -0.1131
vn -0.8760 -0.4737 -0.0906
vn 0.9932 0.0553 -0.1021
vn 0.9933 0.0547 -0.1022
vn -0.9544 0.2891 -0.0746
vn -0.9593 -0.0404 -0.2795
vn -0.7871 -0.6096 0.0940
vn -0.9324 0.3100 0.1859
vn 0.7183 -0.6958 0.0042
vn 0.9741 -0.2003 -0.1053
vn 0.9748 -0.2065 -0.0839
vn 0.6953 -0.7134 0.0868
vn -0.9960 0.0256 0.0861
vn -0.9933 0.0065 0.1152
vn 0.9010 -0.4023 0.1624
vn 0.8445 -0.4026 0.3533
vn 0.9942 -0.0728 -0.0788
vn 0.9957 0.0766 0.0529
vn 0.9904 0.0886 0.1060
vn 0.9945 -0.0638 -0.0828
vn -0.7746 -0.6282 0.0725
vn -0.9073 -0.4199 -0.0226
vn -0.8916 -0.4503 0.0468
vn -0.7819 -0.6069 0.1421
vn -0.5502 -0.6984 0.4577
vn -0.5534 -0.6651 0.5013
vn 0.9892 -0.0970 -0.1095
vn 0.9860 -0.0992 -0.1339
vn 0.0944 -0.9827 -0.1593
vn 0.1047 -0.9827 -0.1526
vn -0.1089 -0.9834 -0.1448
vn 0.0101 -0.9901 -0.1398
vn 0.0060 -0.9894 -0.1448
vn -0.1095 -0.9832 -0.1460
vn 0.6054 0.7793 0.1620
vn 0.5987 0.7848 0.1601
vn -0.7463 0.6344 -0.2016
vn -0.6946 0.6480 -0.3123
vn -0.9352 -0.1153 -0.3349
vn -0.9474 0.3143 -0.0603
vn 0.8815 0.4270 -0.2015
vn 0.8067 0.3876 -0.4461
vn 0.5336 0.7594 -0.3722
vn 0.6099 0.7527 -0.2480
vn 0.9734 -0.2256 -0.0404
vn 0.9600 -0.2654 -0.0892
vn -0.9314 -0.0575 -0.3595
vn -0.9588 0.1863 -0.2144
vn -0.9648 0.1829 -0.1890
vn -0.9451 -0.0848 -0.3157
vn -0.7593 -0.3231 -0.5648
vn -0.8437 -0.3685 -0.3904
vn 0.8461 -0.0580 0.5298
vn 0.8917 -0.0098 0.4526
vn 0.9006 -0.0511 0.4316
vn 0.9020 -0.0358 0.4303
vn -0.7723 -0.4245 0.4726
vn -0.6809 -0.4818 0.5516
vn -0.7188 -0.4569 -0.5241
vn -0.8137 -0.4596 -0.3559
vn 0.7251 -0.2935 0.6230
vn 0.7641 -0.0336 0.6442
vn 0.8596 -0.0537 0.5081
vn 0.8059 -0.3452 0.4810
vn -0.8456 -0.4371 -0.3065
vn -0.8468 -0.4502 -0.2833
vn -0.8461 -0.3833 -0.3704
vn -0.7931 -0.4401 -0.4209
vn 0.7520 -0.1868 0.6322
vn 0.8541 -0.2312 0.4658
vn -0.9027 -0.1530 -0.4023
vn -0.7621 -0.2223 -0.6081
vn 0.8060 0.0973 0.5839
vn 0.8958 0.1043 0.4321
vn 0.8694 0.2731 0.4118
vn 0.8907 0.3079 0.3344
vn -0.9166 -0.1038 -0.3861
vn -0.7932 -0.0609 -0.6060
vn 0.9480 0.1694 0.2695
vn 0.9412 0.1840 0.2835
vn -0.8009 -0.5433 0.2518
vn -0.9013 -0.1364 -0.4112
vn -0.0379 -0.1487 0.9882
vn -0.6460 0.1082 0.7556
vn 0.9581 0.2685 0.0997
vn 0.9205 0.3453 0.1829
vn 0.8040 -0.0559 0.5921
vn 0.9091 -0.0685 0.4108
vn -0.3196 0.5619 0.7630
vn -0.7761 0.6301 0.0246
vn 0.8759 0.4753 -0.0831
vn 0.8510 0.5248 -0.0199
vn -0.7029 0.6834 -0.1973
vn -0.7520 0.6293 0.1961
vn -0.0110 -0.9966 -0.0813
vn -0.0358 -0.9991 -0.0229
vn -0.1592 -0.9755 0.1522
vn -0.0049 -0.9998 0.0174
vn -0.6475 0.6381 -0.4166
vn -0.6971 0.7169 -0.0118
vn -0.8176 0.2111 -0.5357
vn -0.8207 0.2469 -0.5153
vn -0.7499 -0.2269 -0.6215
vn -0.7413 -0.3026 -0.5992
vn -0.0170 -0.9455 0.3253
vn 0.0114 -0.9997 0.0204
vn -0.2661 -0.9639 -0.0111
vn -0.2475 -0.9616 0.1187
vn -0.9040 0.0101 -0.4274
vn -0.9305 0.1953 -0.3099
vn -0.4567 0.8535 -0.2508
vn -0.6421 0.6143 -0.4587
vn 0.8097 -0.3992 -0.4301
vn 0.7945 -0.5476 -0.2626
vn 0.3098 -0.9323 -0.1866
vn 0.2198 -0.8955 -0.3871
vn -0.6499 -0.5295 -0.5452
vn -0.6751 -0.4793 -0.5609
vn -0.8411 -0.1509 -0.5194
vn -0.7615 -0.3755 -0.5283
vn -0.9290 -0.0907 -0.3587
vn -0.7752 -0.4248 -0.4676
vn -0.6509 -0.5240 -0.5494
vn -0.7306 -0.4412 -0.5211
vn 0.9273 0.3739 0.0163
vn 0.9226 0.3596 0.1401
vn 0.7979 0.5469 0.2537
vn 0.8398 0.5273 -0.1294
vn 0.6657 0.6712 -0.3259
vn 0.6910 0.6627 -0.2887
vn 0.9003 0.4338 0.0361
vn 0.8873 0.4326 -0.1598
vn 0.6664 -0.7431 0.0617
vn 0.4366 -0.8889 -0.1388
vn 0.3053 0.9368 -0.1706
vn 0.3617 0.9038 -0.2286
vn 0.4627 0.8746 -0.1447
vn 0.4833 0.8642 -0.1400
vn 0.7532 0.6151 -0.2333
vn 0.7386 0.6019 -0.3035
vn 0.4936 0.7949 -0.3527
vn 0.4622 0.8497 -0.2537
vn 0.7855 0.5627 -0.2576
vn 0.8117 0.5349 -0.2348
vn 0.7347 -0.5859 -0.3419
vn 0.7159 -0.5463 -0.4348
vn 0.6568 -0.7122 -0.2476
vn 0.6862 -0.7274 0.0069
vn 0.6828 -0.7130 -0.1594
vn 0.6236 -0.7061 -0.3354
vn 0.9965 -0.0465 -0.0699
vn 0.9893 0.0096 -0.1459
vn 0.8603 0.5095 0.0175
vn 0.9158 0.4004 -0.0308
vn -0.7990 0.5954 0.0842
vn -0.5807 0.7762 0.2454
vn -0.6057 -0.7946 0.0421
vn -0.6135 -0.7756 0.1489
vn 0.4174 -0.8974 -0.1427
vn 0.4707 -0.8689 -0.1530
vn -0.2398 -0.9668 -0.0881
vn -0.2069 -0.9710 -0.1198
vn 0.9720 -0.2220 0.0776
vn 0.9812 -0.1928 0.0091
vn -0.6237 -0.5886 -0.5143
vn -0.3529 -0.8634 -0.3605
vn -0.8644 0.4652 -0.1909
vn -0.8361 0.4904 -0.2459
vn -0.8625 0.4122 -0.2935
vn -0.9362 -0.0567 -0.3469
vn -0.9558 0.1379 -0.2597
vn -0.8423 0.4591 -0.2824
vn -0.9119 0.3379 -0.2330
vn -0.8581 -0.2814 -0.4295
vn -0.9633 0.0889 -0.2532
vn -0.9479 -0.2584 -0.1862
vn -0.9137 -0.1573 -0.3746
vn -0.9483 -0.1603 -0.2740
vn -0.9612 -0.1991 -0.1909
vn -0.7842 -0.4421 -0.4354
vn -0.6536 -0.7128 -0.2543
vn 0.5094 0.8429 -0.1733
vn 0.4670 0.8602 -0.2046
vn 0.4847 0.8385 -0.2491
vn 0.4757 0.8709 -0.1239
vn -0.8202 0.3426 -0.4582
vn -0.7787 0.5435 -0.3135
vn -0.6111 0.7716 -0.1766
vn -0.6847 0.7277 0.0408
vn -0.9421 0.3240 0.0863
vn -0.6770 0.6938 -0.2457
vn -0.0000 0.9346 0.3556
vn 0.5102 0.8527 0.1126
vn 0.1555 0.9806 -0.1191
vn 0.1339 0.9763 -0.1701
vn 0.4406 0.8951 0.0682
vn 0.2401 0.9701 0.0354
vn 0.2177 0.9752 -0.0397
vn 0.2614 0.9358 -0.2363
vn 0.8324 0.5477 0.0840
vn 0.6559 0.7373 0.1618
vn 0.6833 -0.6858 -0.2505
vn -0.9127 -0.1633 -0.3747
vn -0.2596 0.0233 -0.9654
vn -0.2408 0.2416 -0.9400
vn -0.4467 0.3411 -0.8271
vn -0.5058 0.0039 -0.8626
vn 0.8792 -0.4505 0.1551
vn 0.9069 -0.4207 -0.0212
vn 0.9069 -0.3871 -0.1662
vn 0.9069 -0.3923 -0.1540
vn -0.9499 0.2422 -0.1975
vn -0.9969 0.0683 -0.0398
vn -1.0000 -0.0090 -0.0007
vn -0.9466 0.2401 -0.2150
vn -0.9713 0.2372 0.0162
vn -0.9912 0.1300 -0.0231
vn -0.9929 0.1189 -0.0106
vn -0.9659 0.2442 -0.0856
vn 0.8579 -0.1961 -0.4750
vn 0.8958 -0.2523 -0.3660
vn 0.9123 -0.1617 -0.3762
vn 0.9099 -0.1567 -0.3840
vn -0.9850 -0.0889 0.1480
vn -0.9647 0.2330 -0.1226
vn 0.8929 -0.3894 0.2260
vn 0.9214 -0.3851 0.0514
vn 0.1256 0.1462 -0.9813
vn 0.0849 0.2567 -0.9628
vn -0.0999 0.2046 -0.9737
vn -0.0732 0.0910 -0.9932
vn 0.9080 -0.0695 0.4132
vn 0.9271 -0.0657 0.3690
vn 0.8776 -0.1333 0.4605
vn 0.8315 -0.1380 0.5381
vn -0.9723 0.2034 -0.1153
vn -0.9605 -0.1583 -0.2287
vn -0.7904 0.0884 -0.6061
vn -0.9210 0.2500 -0.2987
vn 0.9126 -0.1674 -0.3730
vn 0.9233 -0.2084 -0.3226
vn 0.2953 0.3124 -0.9029
vn 0.4022 0.0884 -0.9113
vn 0.1491 0.2983 -0.9427
vn 0.1549 0.4334 -0.8878
vn -0.7329 0.0737 -0.6764
vn -0.7011 0.3025 -0.6458
vn -0.8846 0.1536 -0.4403
vn -0.8648 0.2060 -0.4579
vn -0.9216 0.2981 -0.2488
vn -0.8988 0.2761 -0.3404
vn -0.9529 0.2319 -0.1957
vn -0.9692 0.0555 -0.2401
vn -0.9910 0.0990 -0.0896
vn -0.9741 0.2255 -0.0166
vn 0.7954 -0.1291 -0.5921
vn 0.8049 -0.1311 -0.5788
vn -0.2256 0.1617 -0.9607
vn -0.1632 0.0455 -0.9855
vn 0.2465 0.2074 -0.9467
vn 0.1797 0.2987 -0.9373
vn 0.7535 -0.2620 0.6030
vn 0.8311 -0.2720 0.4851
vn 0.8891 -0.3657 0.2752
vn 0.8340 -0.3471 0.4290
vn 0.6911 0.0444 -0.7214
vn 0.7088 -0.0707 -0.7019
vn -0.9738 0.2193 -0.0594
vn -0.9685 -0.1503 0.1987
vn -0.9713 -0.1893 0.1443
vn -0.9787 0.2016 -0.0378
vn 0.2308 0.3477 -0.9088
vn 0.3355 0.3281 -0.8831
vn 0.6009 -0.7895 -0.1249
vn 0.6166 -0.7725 -0.1515
vn 0.8937 -0.4221 -0.1521
vn 0.8939 -0.4336 -0.1137
vn 0.8120 0.5836 0.0120
vn 0.5058 0.8600 0.0679
vn 0.6168 -0.5563 -0.5568
vn 0.5103 -0.8514 -0.1218
vn -0.6756 0.2885 -0.6785
vn -0.7006 0.3973 -0.5928
vn -0.8721 0.3992 -0.2828
vn -0.8781 0.3262 -0.3501
vn -0.7685 0.5207 -0.3719
vn -0.9192 -0.2182 -0.3279
vn 0.5293 0.2160 -0.8205
vn 0.5801 0.1561 -0.7994
vn 0.8466 0.0209 -0.5318
vn 0.7793 0.3547 -0.5166
vn -0.7302 -0.2611 -0.6314
vn -0.7382 0.2265 -0.6354
vn -0.0950 0.4766 -0.8740
vn -0.0291 0.0250 -0.9993
vn -0.3390 0.2588 -0.9045
vn -0.3751 0.3194 -0.8702
vn 0.7410 0.4379 -0.5091
vn -0.0457 0.8447 -0.5332
vn 0.8941 0.2837 -0.3467
vn 0.9303 -0.0520 -0.3630
vn -0.7618 0.3498 -0.5452
vn -0.8897 0.3811 -0.2513
vn 0.7066 -0.4566 -0.5406
vn 0.4918 -0.2960 -0.8188
vn 0.0313 -0.0082 -0.9995
vn -0.4552 0.2361 -0.8585
vn -0.7665 0.3327 -0.5494
vn -0.8709 0.3938 -0.2940
vn 0.7368 -0.4475 -0.5068
vn 0.5597 -0.3250 -0.7623
vn 0.0600 -0.0505 -0.9969
vn -0.4717 0.2028 -0.8581
vn 0.5605 -0.6283 -0.5395
vn 0.6163 -0.7287 0.2987
vn 0.7553 0.6383 0.1487
vn 0.9371 0.2702 0.2211
vn 0.7976 -0.0164 -0.6029
vn 0.6525 0.0643 -0.7551
vn 0.2517 0.4969 0.8305
vn 0.4176 0.3923 0.8196
vn 0.1719 -0.2709 0.9471
vn 0.4103 -0.0578 0.9101
vn 0.8603 -0.4469 0.2450
vn -0.8141 0.1740 0.5541
vn -0.6905 -0.2720 0.6703
vn 0.1483 -0.4267 0.8922
vn 0.0981 -0.7578 -0.6451
vn 0.7782 -0.4437 -0.4444
vn 0.7815 -0.5455 -0.3029
vn 0.2784 -0.7993 -0.5326
vn -0.4405 -0.5849 -0.6811
vn -0.2433 -0.6504 -0.7196
vn 0.0387 -0.9211 -0.3874
vn -0.7961 -0.4561 -0.3979
vn 0.5244 -0.8283 0.1972
vn -0.7792 0.1392 0.6111
vn -0.7287 -0.2720 0.6285
vn 0.0948 -0.5607 0.8226
vn 0.4254 0.0235 0.9047
vn 0.8096 -0.5648 0.1600
vn -0.3770 -0.3307 -0.8652
vn -0.8120 -0.4619 -0.3568
vn -0.9638 0.0832 -0.2533
vn 0.1465 -0.4467 0.8826
vn -0.0923 -0.7472 0.6582
vn 0.0645 -0.9777 -0.1998
vn -0.5910 0.1495 0.7927
vn -0.5039 -0.4314 0.7483
vn -0.1868 -0.9759 -0.1128
vn 0.0511 -0.8498 -0.5246
vn 0.3528 -0.8153 -0.4592
vn -0.6109 -0.7497 -0.2544
vn -0.3216 -0.7321 -0.6006
vn 0.3749 -0.9256 0.0517
vn -0.7126 -0.6242 -0.3203
vn -0.7306 -0.3777 0.5689
vn 0.1090 -0.6551 -0.7476
vn 0.0792 -0.0770 -0.9939
vn -0.4114 0.3169 -0.8546
vn 0.0484 -0.1070 -0.9931
vn -0.2473 0.4789 -0.8423
vn 0.0001 -0.1098 -0.9940
vn 0.0062 0.5535 -0.8328
vn -0.6666 0.4970 -0.5555
vn -0.7390 0.5838 -0.3363
vn -0.4067 0.7369 -0.5400
vn -0.4196 0.8439 -0.3343
vn -0.0289 0.8479 -0.5294
vn 0.0121 0.9462 -0.3234
vn 0.6700 -0.6018 -0.4346
vn 0.5486 -0.4659 -0.6942
vn 0.3998 -0.8298 -0.3894
vn 0.3623 -0.6679 -0.6501
vn -0.0448 -0.9193 -0.3909
vn 0.0002 -0.7748 -0.6322
vn -0.0658 -0.0850 -0.9942
vn 0.3173 0.4617 -0.8284
vn 0.4283 0.7336 -0.5277
vn 0.5292 0.7780 -0.3387
vn -0.5689 -0.7225 -0.3928
vn -0.4300 -0.6595 -0.6166
vn 0.5370 -0.4274 0.7273
vn 0.7102 -0.4293 -0.5580
vn 0.8312 -0.4341 -0.3473
vn 0.8841 -0.4502 -0.1252
vn 0.9472 -0.3100 0.0817
vn 0.9778 -0.2091 -0.0127
vn 0.9449 -0.1516 -0.2902
vn 0.9250 -0.1587 -0.3452
vn 0.9239 -0.3826 0.0075
vn 0.8627 -0.4391 -0.2508
vn 0.9136 -0.4042 -0.0442
vn 0.7730 -0.1884 -0.6058
vn 0.5128 -0.1111 -0.8513
vn -0.4040 -0.0985 -0.9095
vn 0.2681 0.2403 -0.9329
vn -0.9138 0.1233 -0.3869
vn -0.8354 0.4234 -0.3504
vn -0.8595 0.4306 -0.2753
vn -0.9433 0.1117 -0.3126
vn 0.7818 0.5653 -0.2629
vn 0.7461 0.5701 -0.3440
vn 0.7711 0.5165 -0.3724
vn 0.7884 0.5895 -0.1758
vn 0.3207 0.0942 -0.9425
vn 0.4788 -0.0493 -0.8766
vn 0.5135 -0.0369 -0.8573
vn 0.3348 0.0984 -0.9371
vn -0.8820 0.4453 0.1542
vn -0.8987 0.4373 0.0339
vn -0.9214 0.3870 0.0359
vn -0.8866 0.4441 0.1292
vn 0.7895 0.6117 0.0498
vn 0.7902 0.6123 0.0278
vn 0.7879 0.6156 -0.0156
vn 0.7870 0.6110 -0.0857
vn 0.7850 0.6142 -0.0807
vn 0.7877 0.6154 -0.0263
vn -0.7837 0.6192 -0.0485
vn -0.7698 0.5841 0.2574
vn -0.7857 0.5829 0.2072
vn -0.7844 0.6185 -0.0472
vn -0.7438 0.0263 -0.6679
vn -0.7552 -0.1317 -0.6421
vn -0.7637 -0.1324 -0.6319
vn -0.7061 0.0494 -0.7064
vn 0.7173 0.6755 0.1709
vn 0.7959 0.6052 -0.0187
vn 0.6576 0.7420 0.1302
vn 0.7987 0.5967 -0.0775
vn -0.6274 -0.5224 -0.5775
vn -0.7901 -0.3506 -0.5028
vn -0.8230 -0.3272 -0.4644
vn -0.6466 -0.4958 -0.5797
vn -0.8041 0.1213 -0.5820
vn -0.8001 -0.1890 -0.5693
vn -0.7635 -0.2027 -0.6132
vn -0.7948 0.0931 -0.5997
vn 0.6786 0.1816 -0.7117
vn 0.5000 -0.0991 -0.8603
vn 0.6975 0.0500 -0.7148
vn 0.6474 0.6436 -0.4084
vn 0.6076 0.0342 -0.7935
vn 0.4523 0.4580 -0.7653
vn 0.3518 0.4501 -0.8208
vn 0.5626 0.0256 -0.8263
vn 0.8842 0.0650 -0.4626
vn 0.8657 0.2416 -0.4384
vn 0.7407 -0.0294 -0.6711
vn 0.8559 -0.1261 -0.5014
vn -0.7397 0.0222 -0.6725
vn -0.7526 0.0115 -0.6584
vn 0.4864 0.2563 -0.8353
vn 0.3898 0.2343 -0.8906
vn 0.3780 0.2526 -0.8907
vn 0.4517 0.2231 -0.8638
vn -0.2673 0.4952 -0.8266
vn -0.2563 0.4968 -0.8292
vn 0.1738 0.0709 -0.9822
vn 0.1605 0.0700 -0.9846
vn 0.2394 0.0974 -0.9660
vn 0.2437 0.1053 -0.9641
vn 0.9678 0.2513 -0.0130
vn 0.9537 0.2992 -0.0303
vn 0.9137 0.2935 -0.2812
vn 0.9466 0.3225 -0.0000
vn 0.9468 0.3181 -0.0486
vn 0.9390 0.3011 -0.1660
vn 0.9918 0.1261 -0.0225
vn 0.9819 0.1834 0.0474
vn 0.8236 -0.0264 -0.5665
vn 0.9401 0.0648 -0.3348
vn 0.4435 -0.1560 -0.8826
vn 0.6609 -0.1153 -0.7416
vn 0.9537 0.2992 0.0303
vn 0.9678 0.2513 0.0130
vn 0.9137 0.2935 0.2812
vn 0.9390 0.3011 0.1660
vn 0.9468 0.3181 0.0486
vn 0.9819 0.1834 -0.0474
vn 0.9918 0.1261 0.0225
vn 0.9401 0.0648 0.3348
vn 0.8236 -0.0264 0.5665
vn 0.6609 -0.1153 0.7416
vn 0.4435 -0.1560 0.8826
vn 0.6640 -0.7427 -0.0864
vn 0.8474 -0.5281 0.0552
vn 0.8746 0.4849 -0.0000
vn 0.4725 0.8813 -0.0000
vn 0.4321 -0.5058 0.7466
vn 0.4408 -0.8661 0.2355
vn 0.4635 -0.7396 0.4880
vn 0.5579 -0.8274 -0.0641
vn 0.7014 -0.7128 -0.0000
vn 0.7934 0.6021 0.0899
vn 0.7492 -0.2112 -0.6277
vn 0.7934 0.6021 -0.0899
vn 0.8120 0.5836 -0.0120
vn 0.5502 -0.4091 0.7279
vn 0.5502 -0.4091 -0.7279
vn 0.7492 -0.2112 0.6277
vn 0.5058 0.8600 -0.0679
vn 0.5192 0.8419 -0.1471
vn 0.1891 -0.7022 0.6865
vn 0.6904 -0.5470 0.4733
vn 0.8962 -0.3653 0.2516
vn 0.8368 -0.5309 -0.1341
vn 0.7567 -0.6537 -0.0000
vn 0.5192 0.8419 0.1471
vn 0.9236 0.0658 -0.3776
vn 0.6467 -0.5722 -0.5044
vn 0.6467 -0.5722 0.5044
vn 0.9236 0.0658 0.3776
vn 0.9522 -0.2343 0.1962
vn 0.9473 -0.2602 0.1871
vn 0.9315 -0.3012 0.2037
vn 0.9328 -0.2852 0.2202
vn 0.0866 0.1568 0.9838
vn -0.0482 0.0835 0.9953
vn -0.0602 0.1033 0.9928
vn 0.0752 0.1695 0.9827
vn 0.9729 -0.1951 -0.1240
vn 0.9533 -0.2848 -0.1009
vn 0.9323 -0.3583 -0.0488
vn 0.9687 -0.2420 -0.0544
vn -0.9756 0.1511 0.1593
vn -0.9684 0.1576 0.1934
vn -0.9836 0.0627 0.1691
vn -0.9784 0.1024 0.1796
vn 0.8899 -0.1538 0.4294
vn 0.8624 -0.0737 0.5009
vn 0.8617 -0.1010 0.4973
vn 0.8895 -0.1699 0.4242
vn 0.4358 0.3678 0.8215
vn 0.3147 0.3725 0.8730
vn 0.3098 0.3532 0.8827
vn 0.4480 0.3231 0.8336
vn -0.7228 0.0328 0.6903
vn -0.8693 0.1153 0.4806
vn -0.8718 0.1313 0.4720
vn -0.7239 0.0678 0.6866
vn -0.9753 0.1664 0.1450
vn -0.9855 0.1699 -0.0007
vn -0.9956 0.0938 -0.0000
vn -0.9861 0.0943 0.1368
vn 0.9377 -0.2573 0.2336
vn 0.9126 -0.2067 0.3528
vn 0.9069 -0.2260 0.3557
vn 0.9260 -0.2876 0.2446
vn -0.9424 0.1840 0.2794
vn -0.9679 0.2184 0.1243
vn -0.9724 0.1977 0.1238
vn -0.9458 0.1759 0.2729
vn -0.5030 -0.0162 0.8642
vn -0.5028 0.0240 0.8641
vn 0.7761 0.0730 0.6264
vn 0.7812 0.0269 0.6236
vn -0.9818 0.0347 0.1866
vn -0.9964 0.0851 -0.0000
vn -0.9575 0.2885 -0.0011
vn -0.9199 0.2167 0.3269
vn -0.9745 0.2210 0.0390
vn -0.9758 0.2036 0.0802
vn -0.9851 0.1696 0.0285
vn -0.9801 0.1974 0.0192
vn -0.1526 0.0274 0.9879
vn -0.1649 0.0549 0.9848
vn 0.2261 0.2380 0.9446
vn 0.2085 0.2436 0.9472
vn 0.9579 -0.2849 0.0344
vn 0.9577 -0.2434 0.1532
vn 0.9325 -0.3109 0.1839
vn 0.9282 -0.3640 0.0768
vn -0.9726 0.2277 0.0463
vn -0.9777 0.2044 0.0483
vn 0.6290 0.2477 0.7369
vn 0.6426 0.1934 0.7414
vn -0.9824 0.1517 0.1093
vn -0.9814 0.1471 0.1234
vn -0.9874 0.0987 0.1234
vn -0.9920 0.1035 0.0722
vn -0.2881 -0.0115 0.9575
vn -0.2940 0.0249 0.9555
vn 0.2913 0.3130 0.9040
vn 0.2735 0.3107 0.9103
vn 0.9791 -0.1168 0.1667
vn 0.9764 -0.1506 0.1549
vn 0.9978 -0.0599 0.0296
vn 0.9833 0.0193 0.1810
vn -0.9736 -0.0901 0.2098
vn -0.9945 -0.0867 0.0586
vn 0.9751 -0.2002 0.0951
vn 0.9885 -0.1481 0.0310
vn -0.9850 -0.0375 0.1683
vn -0.9629 -0.1046 0.2486
vn 0.2444 0.3207 0.9151
vn 0.3108 0.3250 0.8932
vn -0.8150 -0.2947 0.4989
vn -0.7415 -0.4677 0.4810
vn -0.7014 -0.5814 0.4124
vn -0.9435 -0.3314 -0.0006
vn -0.8691 -0.4018 0.2886
vn -0.3080 0.1690 0.9363
vn -0.1943 0.1776 0.9647
vn 0.6625 0.1800 0.7271
vn 0.7926 0.0869 0.6035
vn -0.9951 -0.0681 -0.0720
vn 0.4719 0.2745 0.8378
vn -0.9940 0.0993 0.0450
vn -0.9826 0.1229 0.1396
vn 0.9672 -0.1947 0.1629
vn 0.0437 0.2376 0.9704
vn 0.1701 0.2832 0.9439
vn -0.0897 0.1996 0.9758
vn -0.9966 0.0380 -0.0734
vn -0.9968 0.0671 -0.0442
vn 0.8775 0.0217 0.4792
vn -0.7149 0.1694 0.6784
vn -0.4978 0.1657 0.8513
vn -0.9486 0.1446 0.2814
vn -0.8677 0.1652 0.4689
vn 0.9431 -0.0578 0.3274
vn 0.9684 -0.1176 0.2199
vn 0.9181 -0.0158 0.3961
vn -0.9878 -0.1210 0.0980
vn 0.9725 -0.1547 0.1739
vn 0.9666 -0.1695 0.1925
vn -0.9866 0.1458 0.0739
vn -0.9902 0.1220 0.0681
vn -0.9949 -0.0371 -0.0937
vn -0.9978 0.0027 -0.0664
vn 0.0504 -0.4409 0.8961
vn 0.1216 -0.4421 0.8887
vn 0.1512 -0.9448 0.2908
vn 0.1806 -0.9398 0.2900
vn -0.4042 -0.4369 -0.8036
vn -0.6096 -0.4711 -0.6375
vn 0.0490 -0.8963 -0.4408
vn 0.1372 -0.8883 -0.4383
vn -0.0523 0.9365 0.3467
vn -0.0637 0.9368 0.3439
vn -0.0527 0.9365 0.3466
vn -0.0523 0.9365 -0.3467
vn -0.0526 0.9365 -0.3466
vn -0.0637 0.9368 -0.3439
vn -0.9590 -0.2548 -0.1242
vn -0.9955 -0.0757 0.0567
vn 0.7827 -0.6079 0.1334
vn 0.7661 -0.6178 0.1770
vn -0.0420 -0.9700 0.2393
vn -0.0268 -0.9801 0.1965
vn 0.3891 -0.4746 -0.7895
vn 0.2872 -0.4393 -0.8512
vn 0.0654 -0.9472 -0.3139
vn 0.0471 -0.9551 -0.2927
vn 0.2740 0.9531 0.1287
vn 0.2688 0.9543 0.1305
vn 0.2688 0.9543 0.1303
vn 0.2741 0.9532 0.1276
vn 0.2688 0.9543 -0.1305
vn 0.2740 0.9531 -0.1287
vn 0.2741 0.9532 -0.1276
vn 0.2688 0.9543 -0.1303
vn -0.4505 -0.8657 -0.2182
vn -0.5059 -0.8463 -0.1671
vn 0.0486 -0.9963 0.0702
vn 0.1116 -0.9911 0.0725
vn 0.7612 -0.5054 -0.4063
vn 0.7055 -0.5045 -0.4977
vn 0.0751 -0.9719 -0.2229
vn 0.0856 -0.9753 -0.2034
vn 0.1474 0.9763 0.1584
vn 0.1474 0.9763 -0.1584
vn -0.9730 -0.1010 -0.2076
vn -0.9849 -0.0280 -0.1706
vn -0.9955 -0.0737 -0.0601
vn -0.9572 -0.2316 0.1735
vn 0.7528 -0.5083 0.4183
vn 0.7813 -0.5248 0.3377
vn 0.0794 -0.9801 0.1817
vn 0.0863 -0.9753 0.2033
vn -0.2399 -0.8886 -0.3910
vn -0.3460 -0.5135 -0.7852
vn 0.5455 -0.7588 -0.3559
vn 0.5050 -0.8022 -0.3186
vn 0.2032 0.9427 0.2648
vn 0.2024 0.9422 0.2669
vn 0.2017 0.9418 0.2689
vn 0.2032 0.9427 -0.2648
vn 0.2017 0.9418 -0.2689
vn 0.2024 0.9422 -0.2669
vn -0.6054 -0.7959 0.0022
vn -0.6341 -0.7680 0.0900
vn -0.0590 -0.9695 0.2378
vn -0.0490 -0.9834 0.1745
vn 0.8467 -0.4978 0.1880
vn 0.8617 -0.5063 0.0345
vn 0.2597 -0.9594 -0.1096
vn 0.2671 -0.9635 0.0171
vn 0.0690 0.9588 0.2757
vn 0.0690 0.9588 -0.2757
vn -0.5622 -0.8233 -0.0776
vn -0.0113 -0.9935 0.1131
vn 0.1216 -0.4421 -0.8887
vn 0.0504 -0.4409 -0.8961
vn 0.1806 -0.9398 -0.2900
vn 0.1512 -0.9448 -0.2908
vn -0.1045 0.9595 0.2616
vn -0.1045 0.9595 -0.2616
vn 0.8020 -0.5560 0.2184
vn 0.8088 -0.5730 0.1324
vn 0.0162 -0.9870 0.1601
vn 0.0550 -0.9855 0.1603
vn 0.7857 -0.5445 -0.2935
vn 0.7674 -0.5565 -0.3183
vn 0.0964 -0.9764 -0.1930
vn 0.1358 -0.9609 -0.2414
vn 0.3606 0.9327 -0.0094
vn 0.3610 0.9326 -0.0000
vn 0.3606 0.9327 -0.0091
vn -0.2014 -0.4328 0.8787
vn -0.0774 -0.4237 0.9025
vn 0.2042 -0.9187 0.3381
vn 0.1871 -0.9022 0.3886
vn -0.5095 -0.8442 0.1667
vn -0.4549 -0.8632 0.2189
vn 0.1113 -0.9912 -0.0715
vn 0.0487 -0.9964 -0.0700
vn 0.2772 0.9337 -0.2265
vn -0.4575 -0.7712 0.4427
vn -0.4968 -0.8544 0.1526
vn 0.2487 -0.8682 0.4295
vn 0.1316 -0.9045 0.4058
vn 0.7884 -0.5174 -0.3328
vn 0.0808 -0.9799 -0.1825
vn 0.3606 0.9327 0.0094
vn 0.3606 0.9327 0.0091
vn 0.7932 -0.5785 0.1903
vn 0.8274 -0.5426 0.1449
vn 0.1074 -0.9848 0.1366
vn 0.0059 -0.9736 0.2280
vn -0.6461 -0.7620 -0.0434
vn -0.6075 -0.7943 0.0046
vn -0.0502 -0.9834 -0.1743
vn -0.0684 -0.9687 -0.2386
vn 0.1823 0.9585 0.2191
vn 0.8557 -0.5050 0.1133
vn 0.8526 -0.4921 0.1757
vn 0.2574 -0.9654 0.0428
vn 0.2087 -0.9768 0.0474
vn -0.5646 -0.8217 0.0769
vn -0.0110 -0.9936 -0.1125
vn -0.7273 -0.0037 -0.6863
vn -0.8366 -0.5472 -0.0245
vn -0.9222 -0.2596 -0.2868
vn -0.7446 0.4589 -0.4848
vn 0.7808 -0.5465 -0.3028
vn 0.7967 -0.5281 -0.2937
vn 0.0755 -0.9841 -0.1611
vn 0.0815 -0.9841 -0.1577
vn -0.0774 -0.4237 -0.9025
vn -0.2014 -0.4328 -0.8787
vn 0.1871 -0.9022 -0.3886
vn 0.2042 -0.9187 -0.3381
vn 0.3406 0.7728 -0.5355
vn -0.9920 -0.0364 0.1210
vn -0.4928 -0.8701 0.0088
vn 0.3317 -0.8902 -0.3123
vn 0.2304 0.9515 -0.2041
vn 0.8359 -0.5203 -0.1748
vn 0.2070 -0.9520 -0.2254
vn 0.2600 0.7977 0.5442
vn 0.2304 0.9515 0.2041
vn -0.0407 -0.9892 -0.1410
vn -0.8515 -0.1193 0.5106
vn -0.7959 0.1745 0.5797
vn -0.9271 0.0834 0.3653
vn -0.4554 -0.8815 -0.1248
vn 0.1470 -0.9657 0.2142
vn -0.9814 0.0448 -0.1869
vn -0.9924 -0.0355 -0.1175
vn -0.4613 -0.8774 0.1319
vn 0.1454 -0.9701 -0.1944
vn -0.1138 0.9901 -0.0820
vn -0.1138 0.9901 0.0820
vn 0.2085 0.9368 -0.2809
vn 0.2074 0.9357 -0.2853
vn 0.2074 0.9357 -0.2855
vn -0.9174 0.2224 -0.3300
vn 0.3410 0.9355 -0.0920
vn 0.3412 0.9354 -0.0924
vn 0.3411 0.9355 -0.0921
vn 0.2842 0.9556 0.0783
vn 0.2836 0.9558 0.0770
vn 0.2841 0.9556 0.0782
vn 0.3844 0.8216 -0.4210
vn 0.3843 0.8244 -0.4155
vn 0.3842 0.8271 -0.4102
vn 0.2268 0.9397 -0.2561
vn 0.2261 0.9393 -0.2580
vn 0.2268 0.9397 0.2561
vn 0.2261 0.9393 0.2580
vn 0.2196 0.9724 -0.0782
vn 0.2196 0.9725 0.0782
vn -0.8642 -0.4287 -0.2635
vn 0.2674 0.9490 -0.1669
vn 0.2663 0.9482 -0.1729
vn 0.2668 0.9486 -0.1700
vn 0.2674 0.9490 0.1669
vn 0.2668 0.9486 0.1700
vn 0.2663 0.9483 0.1729
vn 0.2129 0.9367 0.2780
vn 0.2174 0.9366 0.2750
vn 0.2167 0.9361 0.2770
vn 0.2120 0.9359 0.2812
vn 0.2174 0.9366 -0.2750
vn 0.2167 0.9361 -0.2769
vn 0.2167 0.9361 -0.2770
vn 0.1890 -0.4307 0.8825
vn 0.1247 -0.9443 0.3046
vn 0.2085 0.9368 0.2809
vn 0.2074 0.9357 0.2853
vn 0.3234 0.9185 0.2273
vn 0.3899 0.8798 -0.2718
vn 0.3899 0.8799 -0.2716
vn 0.3890 0.8822 -0.2652
vn 0.3366 0.8551 0.3945
vn -0.8692 -0.3447 -0.3544
vn -0.6921 -0.5495 -0.4679
vn -0.7374 -0.4689 -0.4862
vn -0.8684 -0.4028 -0.2893
vn -0.2710 0.9597 0.0744
vn -0.2712 0.9597 0.0744
vn -0.2744 0.9587 0.0745
vn -0.2710 0.9597 -0.0744
vn -0.2744 0.9587 -0.0745
vn -0.2712 0.9597 -0.0744
vn 0.1747 0.8708 0.4596
vn 0.2992 0.8337 -0.4641
vn -0.8588 -0.3770 0.3469
vn -0.1714 0.9695 -0.1752
vn 0.3158 0.9466 0.0646
vn 0.3158 0.9466 -0.0646
vn 0.2336 -0.4227 0.8757
vn 0.2816 -0.4363 0.8546
vn 0.0654 -0.9472 0.3139
vn 0.0965 -0.9434 0.3173
vn -0.0092 -0.4295 0.9030
vn 0.2024 -0.9303 0.3061
vn 0.1890 -0.4307 -0.8825
vn 0.1247 -0.9443 -0.3046
vn 0.5294 -0.4867 0.6948
vn 0.6322 -0.5004 0.5915
vn 0.0571 -0.9685 0.2424
vn 0.0465 -0.9631 0.2651
vn 0.3937 -0.4723 0.7886
vn 0.0471 -0.9551 0.2927
vn -0.1714 0.9695 0.1752
vn 0.1154 0.9783 -0.1719
vn 0.1154 0.9783 0.1719
vn -0.6746 -0.7144 0.1859
vn -0.0450 -0.9523 0.3020
vn 0.2336 -0.4227 -0.8757
vn 0.0965 -0.9434 -0.3173
vn -0.0003 0.9160 -0.4011
vn -0.0016 0.9163 -0.4005
vn -0.0015 0.9163 -0.4005
vn -0.0003 0.9160 0.4011
vn -0.0015 0.9163 0.4005
vn -0.0016 0.9163 0.4005
vn -0.0092 -0.4295 -0.9030
vn 0.2024 -0.9303 -0.3061
vn 0.6327 -0.5008 -0.5907
vn 0.5280 -0.4874 -0.6954
vn 0.0465 -0.9631 -0.2651
vn 0.0571 -0.9685 -0.2424
vn -0.2457 0.9680 0.0512
vn -0.2468 0.9677 0.0512
vn -0.2457 0.9680 -0.0512
vn -0.2468 0.9677 -0.0512
vn 0.7115 -0.5082 0.4854
vn 0.0751 -0.9719 0.2229
vn -0.7015 -0.7005 -0.1313
vn -0.0671 -0.9499 -0.3052
vn 0.1906 0.9774 0.0912
vn 0.2319 0.9720 0.0385
vn -0.4050 -0.4402 0.8014
vn 0.1396 -0.8884 0.4374
vn -0.1784 0.9829 0.0462
vn -0.1780 0.9830 0.0461
vn -0.1748 0.9836 0.0449
vn -0.1783 0.9829 -0.0462
vn -0.1749 0.9836 -0.0449
vn -0.1780 0.9830 -0.0461
vn -0.7073 -0.6156 0.3474
vn -0.6108 -0.5024 0.6119
vn 0.0617 -0.8972 0.4374
vn -0.0069 -0.9260 0.3773
vn -0.0184 0.9892 0.1456
vn -0.0184 0.9892 -0.1456
vn 0.2443 0.9440 0.2220
vn 0.2432 0.9433 0.2260
vn 0.2421 0.9426 0.2298
vn 0.2443 0.9440 -0.2220
vn 0.2421 0.9426 -0.2298
vn 0.2432 0.9433 -0.2260
vn -0.2416 0.9639 0.1122
vn -0.2418 0.9638 0.1122
vn -0.2416 0.9639 -0.1122
vn -0.2418 0.9638 -0.1122
vn -0.9998 -0.0209 0.0018
vn 0.2186 0.9628 0.1587
vn 0.2188 0.9629 0.1580
vn 0.2205 0.9634 0.1525
vn 0.2186 0.9628 -0.1587
vn 0.2205 0.9634 -0.1525
vn 0.2188 0.9629 -0.1580
vn 0.2529 0.9669 0.0349
vn 0.2563 0.9657 0.0413
vn 0.2530 0.9668 0.0351
vn 0.2679 0.9629 -0.0326
vn -0.7265 -0.5812 -0.3666
vn -0.0313 -0.9235 -0.3823
vn 0.0274 0.9248 0.3794
vn 0.0323 0.9239 0.3814
vn 0.0280 0.9247 0.3796
vn 0.0274 0.9248 -0.3794
vn 0.0280 0.9247 -0.3796
vn 0.0323 0.9239 -0.3814
vn -0.5153 -0.5221 0.6797
vn 0.0870 -0.9359 0.3413
vn 0.2791 0.9518 0.1270
vn 0.2790 0.9518 0.1273
vn 0.2791 0.9518 -0.1270
vn 0.2790 0.9518 -0.1273
vn 0.3186 0.8030 0.5036
vn 0.3690 0.7780 -0.5084
vn 0.3694 0.7807 -0.5041
vn 0.3694 0.7807 -0.5040
vn 0.1369 0.3504 0.9265
vn 0.2307 0.3488 0.9084
vn 0.9378 0.2706 -0.2174
vn 0.9009 0.2927 -0.3205
vn 0.1369 0.3504 -0.9265
vn 0.0085 0.3514 -0.9362
vn 0.9770 0.1746 -0.1222
vn 0.9903 0.1371 -0.0240
vn -0.9015 -0.2391 0.3607
vn -0.8697 -0.2489 0.4263
vn -0.9654 -0.1946 -0.1735
vn -0.9829 -0.1306 -0.1301
vn -0.9336 -0.2842 0.2180
vn -0.9535 -0.2470 0.1724
vn -0.7658 -0.1578 0.6234
vn 0.9790 0.1400 -0.1480
vn 0.9753 0.1663 -0.1457
vn 0.5156 0.3251 0.7928
vn 0.6803 0.2893 0.6735
vn 0.9755 0.1407 0.1691
vn 0.9630 0.1485 0.2251
vn -0.1231 0.3502 -0.9286
vn -0.8838 -0.2699 -0.3821
vn -0.8663 -0.2584 -0.4276
vn 0.9573 0.1415 0.2520
vn 0.9843 0.1419 0.1051
vn 0.9832 0.1285 0.1295
vn 0.7892 0.2836 0.5447
vn -0.9344 -0.2191 -0.2810
vn -0.7552 -0.1647 -0.6345
vn -0.9336 -0.2188 0.2837
vn -0.9566 -0.2682 -0.1137
vn -0.3254 0.3484 0.8791
vn -0.2234 0.3487 0.9102
vn 0.8488 0.2879 -0.4435
vn -0.5047 0.3447 0.7915
vn 0.3315 0.3448 0.8782
vn 0.5068 0.2975 -0.8091
vn 0.3508 0.3250 -0.8783
vn 0.9545 0.2776 0.1086
vn 0.9675 0.2508 -0.0311
vn -0.7197 0.3234 -0.6144
vn -0.8938 0.2579 -0.3670
vn -0.8985 -0.2469 -0.3629
vn -0.9305 -0.2317 -0.2839
vn 0.9584 0.2366 -0.1596
vn -0.9485 -0.2172 -0.2304
vn -0.9956 0.0926 -0.0114
vn -0.9650 -0.0958 0.2442
vn 0.8909 0.2734 0.3627
vn 0.9206 0.2876 0.2643
vn 0.9679 0.2026 -0.1484
vn 0.0085 0.3514 0.9362
vn -0.8870 -0.2614 0.3807
vn -0.9532 -0.2642 0.1470
vn -0.5047 0.3448 -0.7915
vn 0.9702 0.2172 -0.1074
vn 0.7894 0.2772 -0.5477
vn -0.1231 0.3502 0.9286
vn -0.9464 -0.2129 0.2429
vn -0.9328 -0.2259 0.2810
vn -0.2234 0.3487 -0.9102
vn 0.2349 0.3443 -0.9090
vn 0.8659 0.2664 0.4234
vn 0.9856 0.1402 -0.0948
vn -0.9464 -0.1873 0.2630
vn -0.9260 0.2154 0.3100
vn -0.7268 0.3179 0.6089
vn -0.9344 -0.3023 -0.1884
vn -0.9494 -0.2533 -0.1858
vn 0.6743 0.2950 -0.6770
vn -0.9997 0.0219 -0.0081
vn -0.3254 0.3484 -0.8791
vn 0.9940 0.1030 -0.0371
vn 0.9842 0.0770 -0.1597
vn -0.9538 -0.0914 -0.2863
vn -0.9650 -0.1070 -0.2392
vn 0.9650 0.0308 -0.2603
vn 0.9971 0.0268 -0.0715
vn -0.9761 -0.0911 -0.1974
vn -0.9121 -0.0761 -0.4029
vn 0.9124 0.1200 0.3912
vn 0.9464 0.1441 0.2892
vn -0.9227 -0.1029 0.3714
vn -0.9309 -0.1030 0.3503
vn -0.7602 -0.3398 -0.5537
vn -0.8965 -0.4193 -0.1430
vn -0.8940 -0.0840 -0.4401
vn -0.9098 -0.0894 -0.4054
vn 0.6840 0.1421 -0.7155
vn 0.5107 0.1145 -0.8521
vn 0.9646 0.0335 0.2617
vn 0.9706 0.0290 0.2389
vn 0.9754 0.0416 -0.2164
vn -0.8961 -0.0777 0.4370
vn -0.9135 -0.0701 0.4009
vn 0.9993 0.0354 0.0091
vn -0.0921 0.1849 0.9784
vn 0.0328 0.1850 0.9822
vn 0.7976 0.1057 -0.5938
vn -0.9766 -0.0884 0.1961
vn -0.9656 -0.1842 -0.1836
vn 0.9786 0.0327 0.2032
vn 0.9566 0.0339 0.2894
vn -0.1876 0.1840 -0.9649
vn -0.2887 0.1819 -0.9400
vn -0.4715 0.1771 -0.8639
vn -0.7654 -0.3324 0.5511
vn -0.9666 -0.1805 0.1820
vn 0.3633 0.1608 -0.9177
vn 0.2499 0.1818 -0.9511
vn 0.9955 0.0621 -0.0717
vn 0.9863 0.0840 -0.1417
vn 0.8777 0.1051 0.4676
vn 0.1549 0.1841 -0.9706
vn 0.0328 0.1850 -0.9822
vn -0.9369 -0.0820 0.3400
vn -0.9122 -0.0840 0.4010
vn 0.3439 0.1781 0.9220
vn 0.5260 0.1607 0.8352
vn 0.9989 0.0388 -0.0248
vn -0.9490 -0.0866 0.3031
vn -0.9480 0.0597 0.3126
vn -0.7116 0.1510 0.6861
vn 0.9660 0.1129 -0.2328
vn 0.9261 0.1513 -0.3455
vn 0.9831 0.1354 0.1228
vn -0.9640 -0.1107 -0.2416
vn -0.9906 -0.0598 -0.1228
vn -0.0921 0.1849 -0.9784
vn -0.4719 0.1763 0.8638
vn 0.8020 0.1308 0.5828
vn -0.9345 -0.0864 -0.3453
vn 0.8668 0.1337 -0.4803
vn -0.1876 0.1840 0.9649
vn 0.1549 0.1841 0.9706
vn 0.2446 0.1829 0.9522
vn -0.6990 0.1603 -0.6970
vn -0.9087 0.0988 -0.4056
vn 0.9956 0.0284 -0.0896
vn -0.8976 -0.4173 0.1416
vn -0.9973 -0.0254 0.0686
vn 0.6843 0.1123 0.7205
vn -0.2887 0.1819 0.9400
vn 0.0569 -0.6394 0.7667
vn 0.0863 -0.6413 0.7624
vn 0.2518 -0.7282 -0.6375
vn 0.0977 -0.6127 -0.7843
vn 0.1727 -0.6520 0.7383
vn 0.1998 -0.6600 0.7242
vn -0.3065 -0.6070 -0.7332
vn -0.5719 -0.6158 -0.5420
vn 0.8939 -0.2545 0.3690
vn 0.6880 -0.2825 0.6685
vn 0.6177 -0.3062 -0.7244
vn 0.5503 -0.3572 -0.7547
vn -0.6790 -0.7336 0.0293
vn -0.6696 -0.7389 0.0755
vn -0.2945 -0.9251 -0.2396
vn 0.1981 -0.9023 0.3828
vn -0.7174 -0.6811 -0.1468
vn -0.6715 -0.7396 0.0458
vn 0.2392 -0.5983 0.7647
vn 0.3346 -0.7188 0.6094
vn 0.4919 -0.5550 0.6708
vn 0.5668 -0.7047 0.4268
vn -0.6795 -0.7037 -0.2074
vn -0.6419 -0.7158 -0.2750
vn 0.4327 -0.3680 0.8230
vn -0.1239 -0.6106 -0.7822
vn 0.5686 -0.5916 0.5716
vn -0.2599 -0.8988 0.3530
vn -0.6125 -0.7903 0.0170
vn 0.6876 -0.5959 -0.4148
vn 0.4509 -0.7410 -0.4976
vn 0.0052 -0.6291 0.7773
vn -0.1239 -0.6112 0.7817
vn -0.6740 -0.7349 0.0752
vn -0.6501 -0.7396 0.1742
vn 0.2122 -0.6438 0.7352
vn 0.7010 -0.4039 0.5878
vn 0.7645 -0.3139 0.5631
vn 0.0863 -0.6413 -0.7624
vn 0.0569 -0.6394 -0.7667
vn 0.1285 -0.6442 0.7540
vn -0.6177 -0.7424 -0.2596
vn -0.6468 -0.7422 -0.1757
vn 0.1562 -0.6387 -0.7534
vn 0.1727 -0.6522 -0.7381
vn 0.8443 -0.2545 0.4716
vn -0.6768 -0.7337 -0.0602
vn 0.5546 -0.4084 -0.7250
vn 0.4700 -0.3427 -0.8134
vn 0.7230 -0.6519 0.2286
vn 0.7503 -0.5245 0.4025
vn -0.6648 -0.7454 0.0488
vn 0.2045 -0.9015 -0.3815
vn -0.2950 -0.9255 0.2377
vn 0.4966 -0.5711 -0.6536
vn 0.6677 -0.7381 0.0970
vn -0.6456 -0.7130 0.2735
vn -0.6819 -0.7015 0.2071
vn 0.7064 -0.6105 -0.3583
vn -0.6125 -0.7903 -0.0168
vn -0.2547 -0.8997 -0.3544
vn 0.0052 -0.6289 -0.7775
vn 0.7284 -0.2591 -0.6343
vn 0.5261 -0.7314 0.4338
vn 0.1285 -0.6442 -0.7540
vn -0.6217 -0.7397 0.2574
vn 0.8091 -0.2907 -0.5107
vn -0.6391 -0.6193 0.4561
vn -0.3249 -0.6048 0.7271
vn 0.6115 -0.4871 -0.6235
vn -0.6987 -0.6980 0.1572
vn -0.3187 -0.7721 0.5498
vn -0.8061 -0.5737 0.1452
vn -0.7398 -0.6469 -0.1850
vn -0.7468 -0.5928 -0.3016
vn 0.3613 0.9325 -0.0000
vn 0.3613 0.9324 -0.0025
vn 0.2741 0.9534 0.1264
vn 0.2789 0.9518 0.1277
vn 0.8272 -0.5583 0.0637
vn 0.7678 -0.6335 0.0960
vn 0.7991 -0.5418 -0.2605
vn 0.8440 -0.5222 -0.1221
vn 0.2888 0.9453 -0.1518
vn 0.3174 0.8129 0.4884
vn 0.1197 -0.4367 0.8916
vn 0.0422 -0.4512 0.8914
vn 0.1955 -0.4225 -0.8850
vn 0.2368 -0.4159 -0.8781
vn -0.0639 0.9368 0.3439
vn 0.6853 -0.6903 0.2321
vn 0.6943 -0.6793 0.2378
vn -0.0169 -0.4558 -0.8899
vn 0.0422 -0.4512 -0.8914
vn 0.2694 0.9549 0.1251
vn -0.6584 -0.7513 -0.0459
vn -0.6165 -0.7836 -0.0767
vn -0.6949 -0.7191 0.0030
vn -0.7184 -0.6916 -0.0751
vn 0.1603 0.9715 0.1748
vn -0.9848 0.0597 -0.1632
vn -0.9877 -0.1063 -0.1143
vn 0.7369 -0.5876 0.3343
vn 0.7162 -0.5712 0.4011
vn 0.6123 -0.5369 -0.5803
vn 0.6806 -0.5558 -0.4773
vn 0.2016 0.9418 0.2690
vn -0.7384 -0.6472 0.1894
vn -0.7183 -0.6917 0.0747
vn -0.4459 -0.4411 -0.7789
vn -0.2563 -0.4242 -0.8686
vn 0.3430 0.7816 -0.5210
vn 0.0837 0.9542 0.2873
vn -0.6946 -0.7194 -0.0027
vn -0.7043 -0.5387 -0.4624
vn -0.6005 -0.4857 -0.6352
vn 0.2350 0.9535 -0.1886
vn -0.1222 0.9584 0.2579
vn 0.7201 -0.6618 0.2083
vn 0.7474 -0.6181 0.2434
vn -0.9869 0.0899 -0.1343
vn -0.0971 -0.4434 0.8910
vn -0.2563 -0.4242 0.8686
vn 0.7196 -0.5933 -0.3607
vn 0.7093 -0.6178 -0.3395
vn -0.5240 -0.7511 0.4017
vn 0.7025 -0.6878 0.1826
vn 0.2769 -0.4237 -0.8624
vn 0.3927 -0.4502 -0.8019
vn 0.3613 0.9324 0.0025
vn 0.8450 -0.5088 0.1647
vn 0.7157 -0.5713 -0.4017
vn 0.1939 0.9659 0.1713
vn -0.6247 0.6445 -0.4409
vn -0.7178 0.6317 -0.2928
vn -0.6091 -0.7478 -0.2643
vn -0.2594 -0.7591 -0.5971
vn -0.0965 0.9928 -0.0714
vn 0.8518 -0.5194 0.0689
vn 0.8339 -0.5126 0.2045
vn 0.3452 0.9327 -0.1044
vn 0.1197 -0.4367 -0.8916
vn 0.2254 0.9390 -0.2599
vn 0.7543 -0.5733 -0.3199
vn 0.2287 0.9690 -0.0935
vn -0.6145 -0.7855 0.0740
vn -0.6589 -0.7508 0.0462
vn 0.2627 0.8157 0.5154
vn 0.2663 0.9482 -0.1731
vn 0.2350 0.9535 0.1886
vn -0.6667 -0.7454 0.0046
vn 0.2160 0.9357 -0.2789
vn 0.3890 0.8823 -0.2651
vn -0.2776 0.9578 -0.0747
vn 0.7228 -0.6051 -0.3338
vn 0.3069 0.8487 -0.4306
vn -0.0971 -0.4434 -0.8910
vn 0.3217 0.9459 -0.0432
vn -0.5228 -0.7696 -0.3667
vn -0.0965 0.9928 0.0714
vn 0.2062 0.9346 -0.2899
vn 0.2831 0.9561 0.0756
vn 0.3842 0.8272 -0.4101
vn 0.2254 0.9390 0.2599
vn -0.3213 0.9469 -0.0128
vn -0.8524 0.4758 0.2168
vn 0.2286 0.9690 0.0935
vn 0.1261 0.9801 -0.1536
vn 0.2663 0.9482 0.1731
vn 0.2160 0.9357 0.2789
vn -0.0026 0.9165 -0.3999
vn 0.1955 -0.4225 0.8850
vn 0.3191 0.9232 0.2143
vn -0.2776 0.9578 0.0747
vn -0.6599 -0.7513 -0.0062
vn 0.1919 0.8936 0.4057
vn -0.1886 0.9667 -0.1729
vn 0.3217 0.9459 0.0432
vn -0.2478 0.9675 -0.0513
vn 0.2769 -0.4237 0.8624
vn 0.2368 -0.4159 0.8781
vn 0.3255 0.9454 -0.0176
vn -0.0169 -0.4558 0.8899
vn -0.1715 0.9842 -0.0436
vn 0.6123 -0.5369 0.5803
vn 0.5199 -0.5038 0.6899
vn -0.0001 0.9919 -0.1273
vn 0.2421 0.9426 -0.2299
vn 0.3927 -0.4502 0.8019
vn 0.2062 0.9346 0.2899
vn 0.1261 0.9801 0.1536
vn -0.2524 0.9611 -0.1118
vn -0.7292 -0.6091 0.3119
vn 0.3332 0.8636 0.3784
vn -0.0026 0.9165 0.3999
vn 0.2223 0.9639 -0.1463
vn 0.2750 0.9603 -0.0468
vn 0.0371 0.9229 -0.3833
vn 0.2789 0.9518 -0.1277
vn 0.2741 0.9534 -0.1264
vn 0.3698 0.7832 -0.4998
vn -0.2478 0.9675 0.0513
vn 0.6806 -0.5558 0.4773
vn -0.0639 0.9368 -0.3439
vn 0.2400 0.9464 0.2162
vn -0.4450 -0.4413 0.7792
vn 0.2694 0.9549 -0.1251
vn -0.1715 0.9842 0.0436
vn -0.5994 -0.4916 0.6317
vn -0.6845 -0.5620 0.4644
vn -0.1886 0.9667 0.1729
vn -0.0001 0.9919 0.1273
vn 0.1603 0.9715 -0.1748
vn 0.2421 0.9426 0.2299
vn 0.2016 0.9418 -0.2690
vn -0.2524 0.9611 0.1118
vn 0.0837 0.9542 -0.2873
vn 0.5199 -0.5038 -0.6899
vn 0.2223 0.9639 0.1463
vn -0.1222 0.9584 -0.2579
vn 0.2564 0.9657 0.0414
vn 0.0371 0.9229 0.3833
vn -0.9750 0.1844 0.1241
vn -0.9785 0.1664 0.1222
vn -0.2940 0.0249 -0.9555
vn -0.3080 0.1690 -0.9363
vn -0.4978 0.1657 -0.8513
vn -0.5028 0.0240 -0.8641
vn 0.9193 -0.2214 -0.3254
vn 0.9360 -0.0811 -0.3426
vn 0.9318 -0.0739 -0.3554
vn 0.9045 -0.2240 -0.3629
vn -0.9851 0.1696 -0.0285
vn -0.9966 0.0386 0.0733
vn -0.9978 0.0036 0.0662
vn -0.9866 0.1458 -0.0739
vn -0.9777 0.2045 -0.0482
vn -0.9941 0.1013 -0.0398
vn -0.9968 0.0674 0.0441
vn -0.9801 0.1974 -0.0191
vn 0.8939 -0.2048 -0.3988
vn 0.9293 -0.0467 -0.3663
vn 0.9179 -0.0156 -0.3966
vn 0.8892 -0.1698 -0.4249
vn -0.9951 -0.0356 0.0919
vn -0.9902 0.1220 -0.0681
vn 0.9343 -0.2181 -0.2819
vn 0.9497 -0.0760 -0.3037
vn 0.0752 0.1695 -0.9827
vn 0.0437 0.2376 -0.9704
vn -0.0897 0.1995 -0.9758
vn -0.0602 0.1033 -0.9928
vn 0.9265 -0.1818 0.3294
vn 0.9589 0.0003 0.2838
vn 0.9845 -0.0448 0.1698
vn 0.9342 -0.2710 0.2320
vn -0.9789 0.1018 -0.1772
vn -0.9706 -0.0829 -0.2261
vn 0.8775 0.0217 -0.4792
vn 0.8617 -0.1010 -0.4973
vn 0.4480 0.3231 -0.8336
vn 0.4719 0.2745 -0.8378
vn 0.3108 0.3250 -0.8932
vn 0.3098 0.3532 -0.8827
vn -0.7239 0.0678 -0.6866
vn -0.7149 0.1695 -0.6784
vn -0.8660 0.1696 -0.4704
vn -0.8718 0.1313 -0.4719
vn -0.9458 0.1759 -0.2730
vn -0.9472 0.1565 -0.2800
vn -0.9826 0.1320 -0.1305
vn -0.9724 0.1978 -0.1238
vn 0.7926 0.0869 -0.6035
vn 0.7812 0.0269 -0.6236
vn -0.1943 0.1776 -0.9647
vn -0.1649 0.0549 -0.9848
vn 0.2085 0.2436 -0.9472
vn 0.1701 0.2832 -0.9439
vn 0.9575 -0.2880 0.0180
vn 0.9972 -0.0688 -0.0284
vn 0.9763 -0.0752 -0.2031
vn 0.9525 -0.2496 -0.1745
vn 0.6426 0.1934 -0.7414
vn 0.6625 0.1800 -0.7271
vn -0.9920 0.1035 -0.0722
vn -0.9955 -0.0659 0.0682
vn -0.9945 -0.0856 -0.0601
vn -0.9875 0.0985 -0.1229
vn 0.2444 0.3207 -0.9151
vn 0.2735 0.3107 -0.9103
vn 0.9157 -0.1454 0.3747
vn -0.9695 0.1548 -0.1902
vn -0.9760 0.1631 -0.1444
vn -0.9815 0.1469 -0.1231
vn -0.9760 0.1502 -0.1575
vn 0.9354 -0.2234 0.2740
vn 0.9688 -0.2406 0.0596
vn 0.3147 0.3725 -0.8730
vn 0.2913 0.3130 -0.9040
vn -0.1526 0.0274 -0.9879
vn -0.2881 -0.0115 -0.9575
vn 0.7761 0.0730 -0.6264
vn 0.6290 0.2477 -0.7369
vn -0.9824 0.1516 -0.1093
vn 0.4358 0.3678 -0.8215
vn -0.9679 0.2184 -0.1243
vn -0.9726 0.2277 -0.0463
vn 0.9716 -0.1944 -0.1347
vn 0.2261 0.2380 -0.9446
vn 0.0866 0.1568 -0.9838
vn -0.0482 0.0835 -0.9953
vn -0.9745 0.2210 -0.0390
vn -0.9758 0.2036 -0.0802
vn 0.8623 -0.0737 -0.5009
vn -0.5030 -0.0162 -0.8642
vn -0.7228 0.0328 -0.6903
vn -0.8693 0.1153 -0.4806
vn -0.9424 0.1840 -0.2794
vn 0.9205 -0.1807 -0.3464
vn 0.8999 -0.1782 -0.3980
vn 0.8895 -0.1535 -0.4303
vn 0.9557 -0.1606 -0.2468
vn 0.9395 -0.1686 -0.2981
vn -0.9750 0.1844 -0.1241
vn -0.9785 0.1664 -0.1222
vn -0.9007 0.3530 -0.2532
vn -0.9060 0.3431 -0.2478
vn -0.9080 0.3554 -0.2219
vn -0.8998 0.3725 -0.2272
vn -0.1030 -0.0523 -0.9933
vn -0.0851 -0.1172 -0.9895
vn 0.0475 -0.0523 -0.9975
vn 0.0239 0.0186 -0.9995
vn -0.9118 0.4064 0.0588
vn -0.9450 0.3264 0.0234
vn -0.9117 0.4106 0.0146
vn -0.8920 0.4505 0.0365
vn 0.9791 -0.1077 -0.1722
vn 0.9793 -0.0815 -0.1853
vn 0.9843 -0.0475 -0.1698
vn 0.9744 -0.1130 -0.1942
vn -0.8627 0.2613 -0.4330
vn -0.8774 0.2198 -0.4265
vn -0.8517 0.1502 -0.5020
vn -0.8419 0.1805 -0.5085
vn -0.4337 -0.2831 -0.8554
vn -0.4478 -0.2798 -0.8492
vn -0.3102 -0.3055 -0.9003
vn -0.3152 -0.2772 -0.9076
vn 0.7083 0.0392 -0.7049
vn 0.7207 -0.0345 -0.6924
vn 0.8723 -0.1052 -0.4775
vn 0.8652 -0.0569 -0.4982
vn 0.9837 -0.1143 -0.1391
vn 0.9890 -0.0650 -0.1328
vn 0.9980 -0.0634 0.0001
vn 0.9936 -0.1131 0.0009
vn -0.8959 0.3649 -0.2534
vn -0.9062 0.3380 -0.2539
vn -0.8917 0.2755 -0.3592
vn -0.8798 0.3134 -0.3573
vn 0.9461 -0.1355 -0.2942
vn 0.9484 -0.1532 -0.2776
vn 0.9761 -0.1758 -0.1278
vn 0.9755 -0.1733 -0.1352
vn 0.4825 0.0999 -0.8702
vn 0.4951 0.0168 -0.8687
vn -0.7751 0.0206 -0.6315
vn -0.7655 0.0263 -0.6429
vn 0.9815 -0.0343 -0.1884
vn 0.9214 -0.2150 -0.3237
vn 0.9576 -0.2882 0.0010
vn 0.9962 -0.0873 -0.0000
vn 0.9836 -0.1739 -0.0488
vn 0.9849 -0.1715 -0.0250
vn 0.9885 -0.1479 -0.0322
vn 0.9837 -0.1568 -0.0882
vn 0.1521 -0.0066 -0.9883
vn 0.1268 0.0711 -0.9894
vn -0.2341 -0.1327 -0.9631
vn -0.2141 -0.1908 -0.9580
vn -0.8998 0.4224 -0.1094
vn -0.9017 0.4179 -0.1109
vn -0.9036 0.3687 -0.2178
vn -0.9021 0.3686 -0.2245
vn 0.9820 -0.1817 -0.0524
vn 0.9818 -0.1818 -0.0547
vn -0.6254 -0.1599 -0.7637
vn -0.6404 -0.1491 -0.7535
vn 0.9871 -0.1060 -0.1200
vn 0.9937 -0.0805 -0.0774
vn 0.9888 -0.0761 -0.1284
vn 0.9855 -0.1017 -0.1358
vn 0.2833 0.0199 -0.9588
vn 0.2651 0.1040 -0.9586
vn -0.2757 -0.2587 -0.9258
vn -0.2952 -0.2092 -0.9322
vn -0.9214 0.3523 -0.1641
vn -0.9526 0.2629 -0.1531
vn -0.9758 -0.1230 -0.1806
vn -0.9979 -0.0595 -0.0244
vn 0.9926 0.0624 -0.1040
vn 0.9758 0.0690 -0.2074
vn -0.9992 0.0392 -0.0049
vn -0.9905 0.1191 -0.0682
vn 0.9850 0.0378 -0.1682
vn 0.9516 0.1134 -0.2857
vn -0.3079 -0.3607 -0.8804
vn -0.2408 -0.3553 -0.9032
vn 0.8045 0.3110 -0.5060
vn 0.0509 -0.4392 -0.8969
vn 0.1873 -0.6984 -0.6907
vn 0.3348 -0.9060 -0.2590
vn 0.2880 -0.9576 0.0003
vn 0.2039 -0.2159 -0.9549
vn 0.3176 -0.2062 -0.9256
vn -0.7942 -0.1379 -0.5918
vn -0.6621 -0.2242 -0.7151
vn 0.9971 0.0538 0.0532
vn -0.4697 -0.3133 -0.8253
vn 0.9807 -0.1424 -0.1342
vn 0.9922 -0.1171 -0.0421
vn -0.9809 0.1306 -0.1444
vn -0.1657 -0.3176 -0.9336
vn -0.0377 -0.2726 -0.9614
vn 0.0978 -0.2362 -0.9668
vn 0.9954 -0.0837 0.0457
vn 0.9958 -0.0544 0.0740
vn -0.8803 -0.0781 -0.4680
vn 0.5050 -0.1980 -0.8401
vn 0.7188 -0.1970 -0.6667
vn 0.8683 -0.1896 -0.4583
vn 0.9474 -0.1663 -0.2734
vn -0.9754 0.0592 -0.2124
vn -0.9478 -0.0007 -0.3190
vn -0.9212 -0.0430 -0.3867
vn 0.9908 0.1171 -0.0681
vn -0.9774 0.1100 -0.1807
vn -0.9814 0.0956 -0.1666
vn 0.9894 -0.1233 -0.0770
vn 0.9977 -0.0192 0.0646
vn 0.9952 0.0225 0.0957
vn 0.9924 -0.0993 -0.0728
vn -0.0352 0.3810 -0.9239
vn -0.1976 0.9734 -0.1164
vn -0.1445 0.9832 -0.1113
vn -0.1144 0.3826 -0.9168
vn 0.4507 0.3767 0.8093
vn -0.2911 0.9120 0.2891
vn -0.2323 0.9125 0.3366
vn 0.6573 0.4064 0.6346
vn 0.0523 -0.9365 -0.3468
vn 0.0523 -0.9365 0.3468
vn 0.9957 0.0757 -0.0536
vn 0.9614 0.2547 0.1044
vn -0.8382 0.5282 -0.1357
vn 0.1814 0.9686 -0.1701
vn 0.1990 0.9544 -0.2227
vn -0.8229 0.5419 -0.1709
vn -0.4118 0.4116 0.8130
vn 0.0582 0.9913 0.1184
vn -0.0026 0.9899 0.1414
vn -0.2980 0.3792 0.8760
vn -0.2740 -0.9531 -0.1287
vn -0.2739 -0.9531 -0.1288
vn -0.2688 -0.9543 -0.1306
vn -0.2688 -0.9543 0.1306
vn -0.2739 -0.9531 0.1288
vn -0.2740 -0.9531 0.1287
vn 0.4944 0.8385 0.2289
vn -0.3091 0.9408 -0.1393
vn -0.2377 0.9650 -0.1107
vn 0.5484 0.8173 0.1769
vn -0.8047 0.4286 0.4108
vn 0.0781 0.9875 0.1368
vn 0.0922 0.9864 0.1361
vn -0.7485 0.4312 0.5039
vn -0.1475 -0.9763 -0.1586
vn -0.1475 -0.9763 0.1586
vn 0.9595 0.1103 0.2592
vn 0.9590 0.2332 -0.1607
vn 0.9956 0.0737 0.0573
vn 0.9851 0.0284 0.1696
vn -0.7973 0.4328 -0.4208
vn 0.0815 0.9874 -0.1355
vn 0.0989 0.9872 -0.1254
vn -0.8286 0.4463 -0.3381
vn 0.2143 0.8748 0.4345
vn -0.6631 0.6469 0.3766
vn -0.7144 0.5028 0.4867
vn 0.4632 0.4012 0.7902
vn -0.2034 -0.9427 -0.2645
vn -0.2034 -0.9427 0.2645
vn 0.6445 0.7646 0.0030
vn -0.1327 0.9732 -0.1878
vn -0.1348 0.9630 -0.2334
vn 0.6742 0.7333 -0.0873
vn -0.8801 0.4287 -0.2040
vn -0.0950 0.9949 0.0339
vn -0.0567 0.9867 0.1523
vn -0.8986 0.4351 -0.0566
vn -0.0690 -0.9588 -0.2756
vn -0.0690 -0.9588 0.2756
vn -0.1740 0.9748 -0.1394
vn 0.6024 0.7937 0.0842
vn -0.1144 0.3826 0.9168
vn -0.1445 0.9832 0.1113
vn -0.1976 0.9734 0.1164
vn -0.0352 0.3810 0.9239
vn 0.1044 -0.9595 -0.2617
vn 0.1044 -0.9595 0.2617
vn -0.8523 0.4759 -0.2169
vn 0.1292 0.9842 -0.1212
vn 0.1423 0.9809 -0.1330
vn -0.8625 0.4884 -0.1326
vn -0.8293 0.4785 0.2885
vn 0.0781 0.9740 0.2128
vn 0.0914 0.9855 0.1427
vn -0.8105 0.4879 0.3242
vn -0.3605 -0.9327 0.0096
vn 0.2376 0.3743 -0.8963
vn -0.2912 0.9329 -0.2121
vn -0.2619 0.9503 -0.1684
vn 0.1039 0.3641 -0.9256
vn 0.5523 0.8147 -0.1766
vn -0.2372 0.9652 0.1097
vn -0.3034 0.9434 0.1338
vn 0.4988 0.8356 -0.2303
vn -0.2783 -0.9337 0.2253
vn 0.4457 0.7545 -0.4818
vn -0.1799 0.8763 -0.4468
vn -0.3815 0.8389 -0.3882
vn 0.5495 0.8244 -0.1357
vn -0.8321 0.4381 0.3402
vn 0.0731 0.9893 0.1265
vn -0.3605 -0.9327 -0.0096
vn -0.8472 0.5006 -0.1782
vn 0.1416 0.9640 -0.2250
vn 0.0495 0.9887 -0.1413
vn -0.8745 0.4652 -0.1373
vn 0.6880 0.7246 0.0412
vn -0.1185 0.9645 0.2361
vn -0.1296 0.9738 0.1868
vn 0.6470 0.7624 -0.0096
vn -0.1830 -0.9577 -0.2223
vn -0.8950 0.4313 -0.1136
vn -0.0555 0.9974 -0.0459
vn -0.1063 0.9942 -0.0141
vn -0.8865 0.4245 -0.1841
vn 0.6049 0.7919 -0.0836
vn -0.1743 0.9749 0.1386
vn -0.1238 0.4861 -0.8651
vn 0.2166 0.9490 -0.2289
vn 0.9431 -0.0882 0.3204
vn 0.8267 0.5392 -0.1608
vn -0.8232 0.4716 0.3161
vn 0.0772 0.9917 0.1031
vn 0.0673 0.9917 0.1094
vn -0.8396 0.4484 0.3065
vn 0.1039 0.3641 0.9256
vn -0.2619 0.9503 0.1684
vn -0.2911 0.9328 0.2123
vn 0.2377 0.3743 0.8963
vn -0.3404 -0.7732 0.5351
vn 0.9919 0.0362 -0.1221
vn 0.5661 0.8243 0.0034
vn -0.4666 0.8580 0.2146
vn -0.2310 -0.9516 0.2027
vn 0.0143 0.9720 0.2345
vn -0.8775 0.4528 0.1581
vn -0.2594 -0.7984 -0.5435
vn -0.2310 -0.9516 -0.2027
vn -0.2440 0.9433 0.2251
vn 0.6930 -0.6309 -0.3488
vn 0.0248 0.8484 0.5288
vn -0.5914 0.6681 0.4515
vn -0.3392 0.9117 -0.2320
vn 0.5031 0.8533 0.1369
vn 0.9923 0.0353 0.1187
vn 0.9810 -0.0448 0.1886
vn 0.5056 0.8507 -0.1440
vn -0.3238 0.9219 0.2129
vn 0.1136 -0.9901 0.0819
vn 0.1136 -0.9901 -0.0819
vn -0.2129 -0.9367 0.2780
vn -0.2130 -0.9367 0.2779
vn -0.2085 -0.9368 0.2809
vn 0.9195 -0.2204 0.3256
vn -0.3407 -0.9358 0.0907
vn -0.2840 -0.9557 -0.0774
vn -0.3844 -0.8211 0.4219
vn -0.2268 -0.9397 0.2561
vn -0.2268 -0.9397 -0.2561
vn -0.2197 -0.9724 0.0783
vn -0.2197 -0.9724 -0.0784
vn 0.8963 0.4137 0.1599
vn -0.2674 -0.9490 0.1667
vn -0.2674 -0.9490 -0.1667
vn -0.2129 -0.9367 -0.2780
vn -0.2130 -0.9367 -0.2779
vn -0.2174 -0.9366 -0.2750
vn -0.2174 -0.9366 0.2750
vn -0.0956 0.9868 -0.1306
vn -0.1893 0.3712 -0.9090
vn -0.2085 -0.9368 -0.2809
vn -0.3235 -0.9186 -0.2271
vn -0.3902 -0.8795 0.2724
vn -0.3367 -0.8545 -0.3956
vn 0.8461 0.3382 0.4121
vn 0.1803 -0.6875 0.7034
vn -0.0079 -0.4466 0.8947
vn 0.3360 -0.9054 0.2594
vn 0.2711 -0.9597 -0.0743
vn 0.2711 -0.9597 0.0743
vn -0.1744 -0.8725 -0.4564
vn -0.2988 -0.8359 0.4604
vn 0.8998 0.3621 -0.2435
vn 0.1714 -0.9695 0.1752
vn -0.3155 -0.9467 -0.0653
vn -0.3155 -0.9467 0.0653
vn -0.2393 0.3633 -0.9004
vn -0.0533 0.9872 -0.1502
vn -0.0027 0.9899 -0.1418
vn -0.2931 0.3760 -0.8790
vn -0.2370 0.9612 -0.1409
vn 0.0302 0.3694 -0.9288
vn -0.1893 0.3712 0.9090
vn -0.0956 0.9868 0.1306
vn -0.5619 0.4192 -0.7131
vn 0.0910 0.9884 -0.1217
vn 0.0999 0.9866 -0.1290
vn -0.6710 0.4294 -0.6045
vn -0.4159 0.4089 -0.8123
vn 0.0580 0.9912 -0.1187
vn 0.1714 -0.9695 -0.1752
vn -0.1154 -0.9783 0.1719
vn -0.1154 -0.9783 -0.1719
vn -0.1546 0.9507 -0.2689
vn 0.7189 0.6690 -0.1887
vn -0.0533 0.9872 0.1501
vn -0.2392 0.3633 0.9005
vn 0.0003 -0.9160 0.4012
vn 0.0003 -0.9160 -0.4012
vn 0.0302 0.3694 0.9288
vn -0.2370 0.9612 0.1409
vn -0.6713 0.4299 0.6038
vn 0.0999 0.9866 0.1289
vn 0.0912 0.9884 0.1215
vn -0.5608 0.4200 0.7135
vn 0.2456 -0.9680 -0.0512
vn 0.2456 -0.9680 0.0512
vn 0.0924 0.9864 -0.1358
vn -0.7532 0.4346 -0.4937
vn 0.7476 0.6504 0.1343
vn -0.1344 0.9516 0.2765
vn -0.1891 -0.9776 -0.0924
vn -0.2321 -0.9722 -0.0310
vn 0.4508 0.3801 -0.8076
vn -0.2945 0.9117 -0.2865
vn 0.1783 -0.9829 -0.0462
vn 0.1783 -0.9829 0.0462
vn 0.7539 0.5553 -0.3511
vn -0.1878 0.9309 -0.3133
vn -0.2494 0.9100 -0.3313
vn 0.6588 0.4389 -0.6111
vn 0.0182 -0.9892 -0.1456
vn 0.0182 -0.9892 0.1456
vn -0.2442 -0.9439 -0.2221
vn -0.2442 -0.9439 0.2221
vn 0.2417 -0.9639 -0.1121
vn 0.2417 -0.9639 0.1121
vn 0.9998 0.0198 -0.0018
vn -0.2186 -0.9628 -0.1588
vn -0.2186 -0.9628 0.1588
vn -0.2529 -0.9669 -0.0349
vn -0.2677 -0.9630 0.0326
vn -0.1684 0.9330 0.3181
vn 0.7729 0.5169 0.3680
vn -0.0273 -0.9249 -0.3793
vn -0.0273 -0.9249 0.3793
vn 0.5968 0.4204 -0.6834
vn -0.2508 0.8329 -0.4933
vn -0.2791 -0.9518 -0.1269
vn -0.2791 -0.9518 0.1269
vn -0.3184 -0.8027 -0.5043
vn -0.3690 -0.7778 0.5089
vn -0.2318 -0.3377 -0.9122
vn -0.1389 -0.3391 -0.9304
vn -0.9038 -0.2802 0.3234
vn -0.9406 -0.2584 0.2204
vn -0.0104 -0.3398 0.9405
vn -0.1389 -0.3391 0.9304
vn -0.9919 -0.1251 0.0217
vn -0.9800 -0.1603 0.1181
vn 0.8702 0.2552 -0.4213
vn 0.9012 0.2445 -0.3579
vn 0.9824 0.1376 0.1263
vn 0.9648 0.2000 0.1709
vn 0.7762 0.1645 -0.6087
vn -0.0851 -0.0645 -0.9943
vn 0.0649 -0.1136 -0.9914
vn -0.9766 -0.1545 0.1499
vn -0.9803 -0.1297 0.1487
vn -0.6816 -0.2780 -0.6769
vn -0.5159 -0.3131 -0.7973
vn -0.9640 -0.1402 -0.2257
vn -0.9767 -0.1323 -0.1691
vn 0.1215 -0.3385 0.9331
vn 0.8670 0.2647 0.4222
vn 0.8876 0.2760 0.3687
vn -0.9853 -0.1330 -0.1074
vn -0.9575 -0.1335 -0.2556
vn -0.9848 -0.1199 -0.1254
vn -0.7911 -0.2708 -0.5485
vn 0.7665 0.1737 0.6183
vn 0.9336 0.2286 0.2760
vn 0.9566 0.2724 0.1031
vn 0.9345 0.2254 -0.2756
vn 0.2216 -0.3372 -0.9150
vn 0.3233 -0.3372 -0.8842
vn -0.8514 -0.2757 0.4461
vn 0.5032 -0.3337 -0.7972
vn -0.3316 -0.3335 -0.8825
vn -0.3506 -0.3133 0.8826
vn -0.5071 -0.2865 0.8129
vn -0.9710 -0.2375 0.0279
vn -0.9579 -0.2645 -0.1113
vn 0.8938 -0.2492 0.3729
vn 0.7195 -0.3131 0.6199
vn 0.9300 0.2365 0.2813
vn 0.8982 0.2522 0.3601
vn -0.9607 -0.2247 0.1630
vn 0.9479 0.2223 0.2283
vn 0.9645 0.1045 -0.2424
vn 0.9965 -0.0830 0.0136
vn -0.9235 -0.2746 -0.2679
vn -0.8934 -0.2618 -0.3651
vn -0.9697 -0.1905 0.1528
vn -0.0104 -0.3398 -0.9405
vn 0.9549 0.2690 -0.1261
vn 0.8886 0.2672 -0.3728
vn 0.5032 -0.3338 0.7971
vn -0.9738 -0.2033 0.1021
vn -0.7913 -0.2659 0.5506
vn 0.1215 -0.3385 -0.9331
vn 0.9323 0.2308 -0.2783
vn 0.9460 0.2179 -0.2402
vn 0.2217 -0.3372 0.9150
vn -0.2360 -0.3331 0.9129
vn -0.8680 -0.2552 -0.4259
vn -0.9871 -0.1308 0.0921
vn 0.9462 0.1930 -0.2597
vn 0.7259 -0.3079 -0.6151
vn 0.9266 -0.2060 -0.3146
vn 0.0966 -0.0837 0.9918
vn -0.1011 -0.0512 0.9936
vn -0.6757 -0.2823 0.6810
vn 0.9999 -0.0119 0.0064
vn 0.3233 -0.3372 0.8842
vn -0.9843 -0.0763 0.1593
vn -0.9940 -0.1026 0.0374
vn 0.9650 0.1075 0.2392
vn 0.9538 0.0920 0.2862
vn -0.9963 -0.0274 0.0811
vn -0.9653 -0.0303 0.2594
vn 0.9151 0.0766 0.3959
vn 0.9773 0.0944 0.1896
vn -0.9461 -0.1442 -0.2901
vn -0.9123 -0.1197 -0.3916
vn 0.9309 0.1036 -0.3504
vn 0.9214 0.1052 -0.3740
vn -0.2501 0.2702 0.9297
vn 0.7614 0.3421 0.5506
vn 0.9096 0.0901 0.4057
vn 0.8942 0.0848 0.4395
vn -0.5104 -0.1138 0.8524
vn -0.6841 -0.1418 0.7155
vn -0.9700 -0.0285 -0.2413
vn -0.9646 -0.0334 -0.2617
vn -0.9760 -0.0416 0.2137
vn 0.9162 0.0705 -0.3945
vn 0.8963 0.0785 -0.4364
vn -0.9993 -0.0357 -0.0063
vn -0.0329 -0.1844 -0.9823
vn 0.0921 -0.1843 -0.9785
vn -0.7976 -0.1052 0.5939
vn 0.9642 0.1905 0.1842
vn 0.9777 0.0919 -0.1890
vn -0.9569 -0.0337 -0.2884
vn -0.9786 -0.0322 -0.2031
vn 0.2880 -0.1813 0.9403
vn 0.1874 -0.1834 0.9650
vn 0.4707 -0.1766 0.8645
vn 0.9653 0.1868 -0.1826
vn 0.7666 0.3350 -0.5479
vn -0.2498 -0.1813 0.9512
vn -0.3630 -0.1604 0.9179
vn -0.9863 -0.0837 0.1419
vn -0.9955 -0.0618 0.0724
vn -0.8777 -0.1047 -0.4676
vn -0.0329 -0.1844 0.9823
vn -0.1551 -0.1836 0.9707
vn 0.9120 0.0847 -0.4014
vn 0.9368 0.0825 -0.3400
vn -0.5259 -0.1602 -0.8353
vn -0.3434 -0.1776 -0.9222
vn -0.9989 -0.0390 0.0270
vn 0.9490 0.0871 -0.3030
vn 0.7100 -0.1523 -0.6876
vn 0.9485 -0.0602 -0.3110
vn -0.9262 -0.1513 0.3454
vn -0.9660 -0.1127 0.2327
vn -0.9831 -0.1358 -0.1228
vn 0.9901 0.0619 0.1261
vn 0.9637 0.1119 0.2424
vn 0.0921 -0.1843 0.9785
vn 0.4710 -0.1759 -0.8644
vn -0.8021 -0.1305 -0.5828
vn 0.9344 0.0869 0.3454
vn -0.8668 -0.1335 0.4805
vn 0.1874 -0.1834 -0.9650
vn -0.2446 -0.1823 -0.9523
vn -0.1551 -0.1836 -0.9707
vn 0.9081 -0.1004 0.4064
vn 0.6981 -0.1605 0.6978
vn -0.9958 -0.0290 0.0868
vn -0.2427 0.2641 -0.9335
vn 0.9971 0.0265 -0.0715
vn -0.6842 -0.1116 -0.7207
vn 0.2880 -0.1813 -0.9403
vn 0.1924 -0.7266 -0.6595
vn 0.2887 -0.7148 -0.6369
vn -0.4463 -0.6798 0.5821
vn -0.3954 -0.7822 0.4815
vn -0.1595 -0.7407 -0.6526
vn -0.0623 -0.7429 -0.6665
vn 0.7546 -0.6531 -0.0632
vn 0.6956 -0.6638 0.2748
vn -0.7366 -0.3313 0.5896
vn -0.4334 -0.3019 0.8491
vn -0.8471 -0.3672 -0.3842
vn -0.7888 -0.3312 -0.5177
vn 0.6797 -0.6036 0.4167
vn 0.6778 -0.6377 0.3659
vn 0.9111 -0.0787 -0.4045
vn 0.1269 -0.1843 -0.9746
vn 0.6105 -0.6127 -0.5018
vn 0.6493 -0.6394 -0.4119
vn -0.5431 -0.7608 -0.3554
vn -0.5643 -0.6709 -0.4811
vn -0.7104 -0.7028 0.0377
vn -0.7758 -0.5693 0.2720
vn 0.6524 -0.6877 0.3186
vn 0.6542 -0.6916 0.3060
vn -0.8550 -0.3970 0.3336
vn 0.5467 -0.6871 0.4785
vn -0.6734 -0.6671 -0.3187
vn 0.7974 -0.5668 0.2072
vn 0.9744 -0.2217 -0.0381
vn -0.5474 -0.7809 0.3009
vn -0.6624 -0.6838 0.3060
vn 0.3882 -0.7047 -0.5939
vn 0.5485 -0.6853 -0.4790
vn 0.6479 -0.6903 -0.3221
vn 0.6544 -0.6684 -0.3535
vn -0.2989 -0.7263 -0.6190
vn -0.6649 -0.3472 0.6613
vn -0.7820 -0.4474 0.4341
vn 0.2887 -0.7148 0.6369
vn 0.1924 -0.7266 0.6595
vn 0.0652 -0.7386 -0.6710
vn 0.6471 -0.6879 0.3288
vn 0.6637 -0.6775 0.3170
vn -0.0623 -0.7428 0.6666
vn -0.2244 -0.7197 0.6571
vn -0.5574 -0.3128 0.7690
vn 0.6567 -0.6685 0.3491
vn -0.8619 -0.3679 -0.3488
vn -0.7906 -0.4589 -0.4054
vn -0.7983 -0.6018 -0.0239
vn -0.5882 -0.7358 -0.3356
vn 0.6491 -0.6311 -0.4248
vn 0.1224 -0.1849 0.9751
vn 0.9092 -0.0759 0.4093
vn -0.5950 -0.6569 0.4631
vn -0.6017 -0.7633 -0.2352
vn 0.6528 -0.6940 -0.3037
vn 0.6511 -0.6904 -0.3152
vn -0.5942 -0.6435 -0.4825
vn 0.9754 -0.2165 0.0414
vn 0.7981 -0.5664 -0.2056
vn 0.3882 -0.7048 0.5937
vn -0.6958 -0.3315 -0.6372
vn -0.5929 -0.7780 -0.2080
vn 0.0652 -0.7386 0.6710
vn 0.6633 -0.6802 -0.3122
vn -0.5841 -0.3238 -0.7443
vn 0.7098 -0.6573 -0.2534
vn 0.7428 -0.6438 0.1836
vn -0.8569 -0.5112 -0.0662
vn 0.6664 -0.6063 0.4340
vn 0.7498 0.6389 -0.1722
vn 0.3114 0.7559 -0.5760
vn 0.5814 0.7424 0.3327
vn 0.5796 0.7811 0.2321
vn -0.8366 -0.5453 0.0523
vn -0.6943 -0.7084 -0.1271
vn -0.6506 0.7541 -0.0897
vn -0.7165 0.6960 -0.0476
vn -0.7183 0.6811 0.1416
vn -0.6594 0.7066 0.2566
vn 0.2847 -0.9560 0.0709
vn 0.2115 -0.8112 -0.5453
vn -0.0791 0.6134 -0.7858
vn -0.1366 0.6040 -0.7852
vn -0.2156 0.5915 0.7770
vn -0.1928 0.5946 0.7806
vn 0.1896 -0.6898 -0.6987
vn -0.5342 0.8083 -0.2477
vn -0.5341 0.8099 -0.2424
vn -0.0791 0.6134 0.7858
vn -0.0370 0.6142 0.7883
vn -0.7062 -0.6942 -0.1392
vn 0.4440 0.8952 -0.0381
vn 0.4922 0.8698 -0.0343
vn 0.5627 0.8178 0.1206
vn 0.5355 0.8430 0.0514
vn 0.3016 -0.8421 -0.4471
vn 0.9916 0.1008 0.0816
vn 0.9855 -0.0440 0.1636
vn -0.5799 0.7257 -0.3703
vn -0.5920 0.7415 -0.3158
vn -0.5545 0.7100 0.4341
vn -0.4981 0.6932 0.5209
vn -0.6773 -0.6787 -0.2839
vn -0.6781 -0.6760 -0.2884
vn -0.6781 -0.6761 -0.2884
vn 0.5616 0.8186 -0.1207
vn 0.5786 0.7822 -0.2310
vn 0.1607 0.5901 0.7912
vn 0.3190 0.6091 0.7261
vn 0.2231 -0.8271 0.5160
vn 0.2966 -0.7371 -0.6072
vn 0.5355 0.8429 -0.0520
vn 0.4490 0.6506 0.6124
vn 0.5408 0.6988 0.4683
vn -0.7135 -0.6551 0.2486
vn 0.2365 -0.7315 -0.6395
vn -0.5937 0.7680 -0.2402
vn -0.5586 0.8012 -0.2145
vn 0.9896 -0.0605 0.1303
vn 0.1607 0.5902 -0.7911
vn 0.0257 0.6033 -0.7971
vn -0.5728 0.7585 0.3107
vn -0.5812 0.7405 0.3375
vn 0.3062 0.7891 -0.5326
vn -0.5672 0.8023 -0.1860
vn -0.3277 0.6173 0.7152
vn -0.2353 0.5979 0.7662
vn -0.8374 -0.5441 -0.0527
vn -0.7353 0.6629 -0.1406
vn -0.5810 0.7244 0.3710
vn 0.3179 -0.9480 0.0173
vn 0.4687 0.7379 0.4857
vn -0.1251 0.9652 -0.2297
vn 0.2227 0.7336 0.6420
vn 0.4094 0.8119 0.4162
vn -0.2556 -0.8424 0.4743
vn -0.7316 0.6590 -0.1745
vn -0.7432 0.6680 -0.0369
vn 0.1558 -0.9574 0.2430
vn -0.1366 0.6040 0.7852
vn -0.6735 -0.6791 0.2919
vn -0.6804 -0.6701 0.2966
vn -0.6737 -0.6789 0.2920
vn -0.6135 0.7331 0.2937
vn 0.2597 -0.9140 0.3117
vn 0.4920 0.8700 0.0336
vn 0.4436 0.8955 0.0367
vn 0.3264 -0.8185 -0.4729
vn -0.6748 -0.7145 0.1845
vn -0.7144 -0.6541 -0.2485
vn 0.3199 0.9210 -0.2223
vn -0.6797 -0.6716 0.2948
vn -0.6797 -0.6717 0.2948
vn 0.0946 -0.9403 0.3270
vn 0.1968 -0.8240 0.5312
vn -0.5874 0.7522 0.2984
vn 0.2988 -0.8933 0.3359
vn 0.0258 0.6033 0.7971
vn -0.7910 -0.5931 0.1502
vn 0.2490 0.8483 0.4673
vn -0.2556 -0.8424 -0.4743
vn -0.6780 -0.6761 0.2885
vn -0.6779 -0.6762 0.2884
vn 0.1900 -0.9490 -0.2516
vn 0.0872 -0.8791 0.4687
vn -0.6737 -0.6789 -0.2920
vn -0.6804 -0.6701 -0.2966
vn -0.6735 -0.6791 -0.2919
vn 0.0801 0.0032 -0.9968
vn 0.6522 0.4803 -0.5865
vn 0.2612 -0.9132 -0.3127
vn -0.5928 -0.7391 0.3200
vn -0.6748 -0.7145 -0.1845
vn -0.6797 -0.6717 -0.2948
vn -0.6797 -0.6716 -0.2948
vn 0.1609 -0.6371 0.7538
vn -0.1928 0.5946 -0.7806
vn 0.1513 -0.9267 -0.3441
vn 0.1968 -0.8240 -0.5312
vn 0.3236 0.9264 0.1926
vn 0.3956 -0.8882 -0.2339
vn 0.2427 -0.7640 0.5978
vn -0.7926 -0.5909 -0.1506
vn 0.1182 -0.8446 0.5222
vn -0.2156 0.5915 -0.7770
vn -0.2353 0.5979 -0.7662
vn 0.1266 -0.9915 0.0289
vn -0.0370 0.6142 -0.7883
vn -0.0467 -0.8561 0.5148
vn -0.4247 0.6659 -0.6134
vn -0.4981 0.6932 -0.5209
vn -0.4409 -0.7976 0.4117
vn -0.6662 -0.7000 0.2573
vn -0.3277 0.6173 -0.7152
vn -0.5928 -0.7391 -0.3200
vn 0.2258 -0.7972 0.5599
vn 0.5625 0.7560 -0.3348
vn 0.1477 -0.8662 -0.4773
vn 0.1609 -0.6371 -0.7538
vn -0.6806 -0.6997 0.2174
vn 0.2084 -0.9460 0.2481
vn 0.2340 -0.6453 0.7272
vn -0.6943 -0.7084 0.1271
vn 0.1391 -0.8245 0.5485
vn 0.1182 -0.8446 -0.5222
vn -0.5545 0.7100 -0.4341
vn 0.1896 -0.6898 0.6987
vn 0.1572 -0.9859 -0.0582
vn 0.3173 0.6099 -0.7262
vn -0.7062 -0.6942 0.1392
vn -0.0467 -0.8560 -0.5148
vn 0.5152 0.7167 -0.4700
vn 0.4461 0.6538 -0.6112
vn 0.2427 -0.7640 -0.5978
vn -0.4409 -0.7976 -0.4117
vn 0.3016 -0.8421 0.4471
vn -0.6662 -0.7000 -0.2573
vn -0.6771 -0.6789 0.2840
vn 0.2258 -0.7972 -0.5599
vn 0.2966 -0.7371 0.6072
vn -0.4247 0.6659 0.6134
vn -0.6806 -0.6997 -0.2174
vn 0.2365 -0.7315 0.6395
vn 0.2209 -0.9436 -0.2467
vn 0.2340 -0.6453 -0.7272
vn 0.9820 -0.1385 -0.1284
vn 0.9841 -0.1207 -0.1300
vn 0.2833 0.0199 0.9588
vn 0.4951 0.0168 0.8687
vn 0.5050 -0.1980 0.8401
vn 0.3176 -0.2062 0.9256
vn -0.8979 0.2769 0.3422
vn -0.8866 0.2766 0.3708
vn -0.9372 0.0132 0.3485
vn -0.9428 0.0211 0.3328
vn 0.9885 -0.1479 0.0322
vn 0.9894 -0.1233 0.0769
vn 0.9977 -0.0202 -0.0643
vn 0.9957 -0.0550 -0.0739
vn 0.9820 -0.1817 0.0524
vn 0.9849 -0.1715 0.0249
vn 0.9954 -0.0841 -0.0455
vn 0.9922 -0.1193 0.0373
vn -0.8793 0.2560 0.4016
vn -0.8769 0.2202 0.4272
vn -0.9209 -0.0439 0.3872
vn -0.9331 -0.0140 0.3593
vn 0.9924 -0.0993 0.0727
vn 0.9954 0.0207 -0.0933
vn -0.9103 0.2752 0.3090
vn -0.9571 0.0162 0.2894
vn -0.0851 -0.1172 0.9895
vn 0.0475 -0.0523 0.9975
vn 0.0978 -0.2362 0.9668
vn -0.0377 -0.2726 0.9614
vn -0.9147 0.2748 -0.2962
vn -0.9220 0.3354 -0.1933
vn -0.9787 -0.0592 -0.1965
vn -0.9516 -0.1095 -0.2871
vn 0.9799 -0.0807 0.1826
vn 0.9720 0.0600 0.2271
vn -0.8517 0.1502 0.5020
vn -0.8803 -0.0781 0.4680
vn -0.4478 -0.2798 0.8492
vn -0.3102 -0.3055 0.9003
vn -0.3079 -0.3607 0.8804
vn -0.4697 -0.3133 0.8253
vn 0.7207 -0.0345 0.6924
vn 0.8723 -0.1052 0.4775
vn 0.8667 -0.1938 0.4596
vn 0.7188 -0.1970 0.6667
vn 0.9484 -0.1532 0.2776
vn 0.9761 -0.1758 0.1278
vn 0.9804 -0.1518 0.1254
vn 0.9457 -0.1783 0.2718
vn -0.7751 0.0206 0.6315
vn -0.7942 -0.1379 0.5918
vn 0.1521 -0.0066 0.9883
vn 0.2039 -0.2159 0.9549
vn -0.2141 -0.1908 0.9580
vn -0.1657 -0.3176 0.9336
vn -0.9383 0.3450 0.0226
vn -0.9281 0.3067 0.2109
vn -0.9833 0.0097 0.1816
vn -0.9999 -0.0136 -0.0015
vn -0.6404 -0.1491 0.7535
vn -0.6621 -0.2242 0.7151
vn 0.9937 -0.0805 0.0774
vn 0.9889 -0.0760 0.1280
vn 0.9924 0.0614 0.1065
vn 0.9973 0.0519 -0.0514
vn -0.2757 -0.2587 0.9258
vn -0.2408 -0.3553 0.9032
vn -0.8802 0.3614 -0.3077
vn 0.9754 -0.1100 0.1910
vn 0.9841 -0.1109 0.1386
vn 0.9856 -0.1015 0.1354
vn 0.9796 -0.1067 0.1703
vn -0.8922 0.4031 -0.2037
vn -0.9211 0.3888 0.0213
vn -0.3152 -0.2772 0.9076
vn -0.2952 -0.2092 0.9322
vn 0.1268 0.0711 0.9894
vn 0.2651 0.1040 0.9586
vn -0.7655 0.0263 0.6429
vn -0.6254 -0.1599 0.7637
vn 0.9871 -0.1059 0.1200
vn -0.4337 -0.2831 0.8554
vn 0.9755 -0.1733 0.1352
vn 0.9818 -0.1818 0.0547
vn -0.9228 0.3249 0.2071
vn -0.2341 -0.1327 0.9631
vn -0.1030 -0.0523 0.9933
vn 0.0239 0.0186 0.9995
vn 0.9836 -0.1739 0.0488
vn 0.9837 -0.1568 0.0882
vn -0.8419 0.1806 0.5086
vn 0.4825 0.0999 0.8702
vn 0.7083 0.0392 0.7049
vn 0.8652 -0.0569 0.4982
vn 0.9461 -0.1355 0.2942
vn -0.8845 0.2919 0.3638
vn -0.8682 0.2877 0.4043
vn -0.8615 0.2630 0.4345
vn -0.9111 0.2814 0.3012
vn -0.8989 0.2838 0.3337
vn 0.9820 -0.1385 0.1284
vn 0.9841 -0.1207 0.1300
vn -0.3028 -0.2761 -0.9122
vn -0.6962 -0.1566 -0.7006
vn 0.9723 -0.2008 -0.1195
vn -0.8230 -0.0032 -0.5680
vn 0.9751 -0.2133 -0.0613
vn -0.3100 -0.3355 -0.8896
vn -0.9556 0.2229 -0.1926
vn 0.9745 -0.2218 -0.0340
vn -0.5233 -0.2951 -0.7994
vn -0.8917 0.1716 -0.4188
vn 0.9663 -0.1881 -0.1760
vn -0.0116 -0.1243 -0.9922
vn 0.9629 -0.2274 -0.1454
vn 0.8318 -0.0717 -0.5504
vn 0.3818 0.0007 -0.9242
vn -0.9686 0.1789 -0.1728
vn 0.2007 -0.0186 -0.9795
vn -0.3390 -0.3613 -0.8686
vn 0.9271 -0.1381 -0.3485
vn 0.9469 -0.2556 -0.1950
vn -0.9530 0.2965 0.0627
vn 0.1003 -0.0598 -0.9932
vn -0.9506 0.2679 -0.1568
vn 0.9682 -0.2123 -0.1323
vn 0.9709 -0.2246 -0.0832
vn -0.8862 0.1103 -0.4500
vn 0.9615 -0.2239 -0.1591
vn -0.9280 0.2196 -0.3011
vn 0.6463 -0.0158 -0.7629
vn 0.9574 -0.2268 -0.1786
vn -0.9624 0.2502 -0.1052
vn -0.9476 0.2612 0.1840
vn 0.9569 -0.2784 -0.0828
vn -0.1796 -0.2055 -0.9620
vn -0.9504 0.2483 -0.1875
vn 0.9742 -0.1994 -0.1054
vn -0.3028 -0.2761 0.9122
vn -0.6962 -0.1566 0.7006
vn 0.9723 -0.2008 0.1195
vn -0.8231 -0.0032 0.5680
vn 0.9751 -0.2133 0.0613
vn -0.3100 -0.3355 0.8896
vn -0.9652 0.1586 0.2078
vn 0.9745 -0.2218 0.0340
vn -0.5233 -0.2951 0.7994
vn -0.8939 0.1562 0.4202
vn 0.9663 -0.1881 0.1760
vn -0.0116 -0.1243 0.9922
vn 0.9629 -0.2274 0.1454
vn 0.8318 -0.0717 0.5504
vn 0.3818 0.0007 0.9242
vn -0.9420 0.1817 -0.2822
vn 0.2007 -0.0186 0.9795
vn -0.3390 -0.3613 0.8686
vn 0.9271 -0.1381 0.3485
vn 0.9469 -0.2556 0.1950
vn -0.9417 0.2644 -0.2081
vn 0.1003 -0.0598 0.9932
vn -0.9380 0.1763 0.2985
vn 0.9682 -0.2123 0.1323
vn 0.9709 -0.2246 0.0832
vn -0.8864 0.1073 0.4502
vn 0.9615 -0.2239 0.1591
vn -0.9131 0.1723 0.3696
vn 0.6463 -0.0158 0.7629
vn 0.9574 -0.2268 0.1786
vn -0.9774 0.2067 0.0434
vn -0.9394 0.2120 -0.2694
vn 0.9569 -0.2784 0.0828
vn -0.1796 -0.2055 0.9620
vn -0.9500 0.1639 0.2658
vn 0.9742 -0.1994 0.1054
vn -0.9919 0.0460 -0.1185
vn -0.8889 0.4137 -0.1965
vn -0.8297 0.3637 -0.4234
vn -0.8684 0.1333 -0.4777
vn -0.1585 0.3072 -0.9384
vn -0.2052 0.6854 -0.6986
vn 0.6863 0.5395 -0.4878
vn 0.7957 0.2889 -0.5324
vn 0.6674 0.5511 0.5008
vn 0.6618 0.3490 0.6635
vn 0.3409 0.3776 0.8610
vn 0.2967 0.6869 0.6635
vn -0.1585 0.3072 0.9384
vn -0.2052 0.6854 0.6986
vn -0.8297 0.3637 0.4234
vn -0.8684 0.1333 0.4777
vn -0.0665 -0.9458 0.3180
vn 0.8514 -0.4714 0.2298
vn 0.7577 -0.4335 0.4878
vn -0.1030 -0.7081 0.6986
vn -0.2039 0.9259 0.3180
vn -0.8889 0.4137 0.1965
vn 0.7735 0.5907 0.2298
vn 0.6863 0.5395 0.4878
vn 0.7735 0.5907 -0.2298
vn -0.2039 0.9259 -0.3180
vn -0.1885 0.9821 -0.0000
vn 0.7952 0.6063 -0.0000
vn -0.9057 0.4239 -0.0000
vn -0.8190 -0.5391 0.1965
vn -0.7677 -0.4809 0.4234
vn -0.8190 -0.5391 -0.1965
vn -0.0665 -0.9458 -0.3180
vn -0.0431 -0.9991 -0.0000
vn -0.8341 -0.5516 -0.0000
vn 0.8515 -0.4714 -0.2298
vn 0.8752 -0.4837 -0.0000
vn -0.1119 -0.3270 0.9384
vn -0.1158 -0.0085 0.9932
vn -0.8699 -0.0638 0.4890
vn -0.8396 -0.2586 0.4777
vn 0.8293 -0.1696 0.5324
vn 0.8352 0.0613 0.5465
vn 0.7957 0.2889 0.5324
vn 0.7323 -0.6116 0.2996
vn 0.7313 -0.6820 -0.0000
vn 0.4330 -0.9014 -0.0000
vn 0.4296 -0.8318 0.3516
vn 0.6618 0.3490 -0.6635
vn 0.6674 0.5511 -0.5008
vn 0.2953 0.6873 -0.6637
vn 0.3398 0.3772 -0.8615
vn 0.6776 0.0497 -0.7337
vn 0.3649 0.0268 -0.9307
vn -0.1119 -0.3270 -0.9384
vn -0.1158 -0.0085 -0.9932
vn 0.8352 0.0613 -0.5465
vn 0.8293 -0.1696 -0.5324
vn -0.8396 -0.2586 -0.4777
vn -0.8699 -0.0638 -0.4890
vn -0.9745 -0.1903 -0.1185
vn -0.9907 -0.0727 -0.1151
vn -0.9745 -0.1903 0.1185
vn -0.9907 -0.0727 0.1151
vn -0.9973 -0.0732 -0.0000
vn -0.9823 -0.1875 -0.0000
vn -0.9919 0.0460 0.1185
vn -0.9991 0.0421 -0.0000
vn 0.6351 0.7119 -0.2996
vn 0.3026 0.8860 -0.3514
vn 0.7056 -0.2486 0.6635
vn 0.7407 -0.4478 0.5008
vn 0.3939 -0.6362 0.6634
vn 0.3924 -0.3238 0.8609
vn 0.7323 -0.6116 -0.2996
vn 0.4288 -0.8323 -0.3514
vn 0.6351 0.7119 0.2996
vn 0.3034 0.8856 0.3516
vn -0.1030 -0.7081 -0.6986
vn 0.7577 -0.4335 -0.4878
vn -0.7677 -0.4809 -0.4234
vn 0.7407 -0.4478 -0.5008
vn 0.3926 -0.6368 -0.6636
vn 0.6239 0.7815 -0.0000
vn 0.2968 0.9549 -0.0000
vn 0.6776 0.0497 0.7337
vn 0.3649 0.0268 0.9307
vn 0.7056 -0.2486 -0.6635
vn 0.3913 -0.3236 -0.8615
vn 0.9945 -0.0196 -0.1033
vn 0.9939 -0.0328 -0.1054
vn 0.9953 -0.0305 -0.0924
vn 0.9785 0.1775 0.1054
vn 0.9801 0.1755 0.0924
vn 0.9939 -0.0328 0.1054
vn 0.9945 -0.0196 0.1033
vn 0.9809 0.1646 -0.1033
vn 0.9893 0.0726 -0.1262
vn 0.9986 -0.0532 -0.0000
vn 0.9953 -0.0305 0.0924
vn 0.9801 0.1985 -0.0000
vn 0.9801 0.1755 -0.0924
vn 0.9893 0.0726 0.1262
vn 0.9809 0.1646 0.1033
vn 0.9785 0.1775 -0.1054
vn 0.6435 -0.5180 -0.5635
vn 0.6670 -0.6816 -0.3008
vn 0.5645 0.7683 0.3019
vn 0.5652 0.8250 0.0003
vn 0.6423 -0.2549 0.7228
vn 0.6254 0.0459 0.7790
vn 0.6333 -0.2559 -0.7304
vn 0.5978 0.3459 0.7232
vn 0.6198 0.0455 -0.7835
vn 0.5595 0.7723 -0.3008
vn 0.5696 0.6023 0.5593
vn 0.6800 -0.7332 0.0003
vn 0.6713 -0.6769 0.3019
vn 0.5602 0.6068 -0.5639
vn 0.5887 0.3455 -0.7308
vn 0.6522 -0.5123 0.5588
vn 0.7140 0.7002 0.0003
vn 0.6948 0.6771 -0.2425
vn 0.7328 0.2963 0.6126
vn 0.6766 0.5468 0.4932
vn 0.8096 -0.5870 0.0003
vn 0.7923 -0.5599 0.2425
vn 0.6604 0.5541 -0.5067
vn 0.7186 0.2965 -0.6290
vn 0.7553 0.0554 -0.6530
vn 0.7504 -0.4409 0.4924
vn 0.7686 -0.1861 0.6120
vn 0.7873 -0.5669 -0.2424
vn 0.7008 0.6709 0.2426
vn 0.7355 -0.4505 -0.5060
vn 0.7680 0.0563 0.6380
vn 0.7547 -0.1884 -0.6284
vn 0.9225 0.3065 0.2347
vn 0.9576 -0.1675 0.2343
vn 0.9671 0.0711 0.2441
vn 0.9537 -0.1731 -0.2460
vn 0.9638 0.0708 -0.2572
vn 0.9973 0.0732 -0.0000
vn 0.9840 -0.1784 -0.0008
vn 0.9177 0.3115 -0.2465
vn 0.9470 0.3213 -0.0008
vt 0.135990 0.497316
vt 0.160192 0.542457
vt 0.135522 0.560717
vt 0.087545 0.509328
vt 0.168418 0.549406
vt 0.180155 0.557033
vt 0.163740 0.587687
vt 0.146045 0.574195
vt 0.064344 0.620051
vt 0.000115 0.510119
vt 0.126238 0.659475
vt 0.089794 0.640200
vt 0.164379 0.423746
vt 0.172959 0.477331
vt 0.130486 0.409946
vt 0.184336 0.523663
vt 0.193449 0.529323
vt 0.204782 0.537273
vt 0.233016 0.544059
vt 0.228291 0.570757
vt 0.221007 0.616561
vt 0.214540 0.690245
vt 0.745863 0.636979
vt 0.697066 0.590354
vt 0.727028 0.548612
vt 0.765670 0.558792
vt 0.777004 0.643486
vt 0.794825 0.557843
vt 0.879740 0.612420
vt 0.802120 0.648209
vt 0.818396 0.556549
vt 0.875899 0.534974
vt 0.951964 0.543656
vt 0.921607 0.507250
vt 0.074124 0.394269
vt 0.000115 0.373433
vt 0.877554 0.459343
vt 0.822507 0.475079
vt 0.812656 0.403344
vt 0.869005 0.381547
vt 0.797990 0.479857
vt 0.767555 0.485454
vt 0.757264 0.422873
vt 0.787720 0.412044
vt 0.792176 0.302113
vt 0.851902 0.259538
vt 0.741064 0.351452
vt 0.768971 0.324019
vt 0.931426 0.447428
vt 0.715787 0.495916
vt 0.702169 0.437794
vt 0.691294 0.380016
vt 0.685243 0.326162
vt 0.720332 0.267904
vt 0.760796 0.213565
vt 0.795773 0.171256
vt 0.889014 0.099488
vt 0.922302 0.242184
vt 0.934729 0.112346
vt 0.929833 0.366769
vt 0.569943 0.001579
vt 0.628573 0.155276
vt 0.539937 0.213919
vt 0.502156 0.085826
vt 0.632758 0.275814
vt 0.609324 0.417888
vt 0.528521 0.408225
vt 0.541916 0.302193
vt 0.445096 0.319144
vt 0.401053 0.225194
vt 0.447930 0.415170
vt 0.448944 0.362710
vt 0.926264 0.000115
vt 0.977436 0.070351
vt 0.818582 0.063098
vt 0.686433 0.210681
vt 0.754529 0.126297
vt 0.643334 0.311270
vt 0.540388 0.542822
vt 0.478960 0.503642
vt 0.426601 0.475257
vt 0.393672 0.456928
vt 0.389595 0.420164
vt 0.382202 0.388389
vt 0.373538 0.362303
vt 0.340420 0.301677
vt 0.328690 0.200068
vt 0.307608 0.263426
vt 0.398517 0.093216
vt 0.453813 0.000115
vt 0.301745 0.341622
vt 0.327503 0.394097
vt 0.276003 0.437158
vt 0.258188 0.388495
vt 0.336267 0.413972
vt 0.345692 0.438493
vt 0.295501 0.472512
vt 0.285045 0.452885
vt 0.224681 0.485356
vt 0.209932 0.438204
vt 0.245138 0.509703
vt 0.233981 0.495852
vt 0.274475 0.288727
vt 0.362744 0.475599
vt 0.317810 0.502883
vt 0.269059 0.529031
vt 0.192298 0.381193
vt 0.235765 0.329758
vt 0.039096 0.252082
vt 0.108733 0.151207
vt 0.166529 0.216333
vt 0.109375 0.290767
vt 0.251013 0.056791
vt 0.259814 0.150689
vt 0.206714 0.272869
vt 0.160550 0.331777
vt 0.259724 0.228506
vt 0.990241 0.456116
vt 0.999885 0.363883
vt 0.999885 0.231929
vt 0.480160 0.616691
vt 0.405890 0.664521
vt 0.371708 0.595028
vt 0.428837 0.556601
vt 0.316851 0.693136
vt 0.300508 0.617823
vt 0.343314 0.540999
vt 0.390538 0.511837
vt 0.287133 0.563571
vt 0.632988 0.383536
vt 0.639441 0.452009
vt 0.661872 0.521841
vt 0.000000 0.000000
s 1
usemtl tigre
f 45/1/1 46/2/2 49/3/3 48/4/4
f 103/5/5 47/6/6 50/7/7 104/8/8
f 48/4/4 49/3/3 52/9/9 51/10/10
f 104/8/8 50/7/7 53/11/11 105/12/12
f 1/13/13 12/14/14 45/1/1 11/15/15
f 12/14/14 13/16/16 46/2/2 45/1/1
f 99/17/17 14/18/18 47/6/6 103/5/5
f 14/18/18 2/19/19 15/20/20 47/6/6
f 47/6/6 15/20/20 16/21/21 50/7/7
f 50/7/7 16/21/21 17/22/22 53/11/11
f 53/23/11 17/24/22 4/25/23 18/26/24
f 105/27/12 53/23/11 18/26/24 100/28/25
f 51/29/10 52/30/9 19/31/26 20/32/27
f 9/33/28 51/29/10 20/32/27 3/34/29
f 10/35/30 48/4/4 51/10/10 9/36/28
f 11/15/15 45/1/1 48/4/4 10/35/30
f 54/37/31 55/38/32 58/39/33 57/40/34
f 106/41/35 56/42/36 59/43/37 107/44/38
f 57/40/34 58/39/33 61/45/39 60/46/40
f 107/44/38 59/43/37 62/47/41 108/48/42
f 3/34/29 20/32/27 54/37/31 23/49/43
f 20/32/27 19/31/26 55/38/32 54/37/31
f 100/28/25 18/26/24 56/42/36 106/41/35
f 18/26/24 4/25/23 24/50/44 56/42/36
f 56/42/36 24/50/44 25/51/45 59/43/37
f 59/43/37 25/51/45 26/52/46 62/47/41
f 62/47/41 26/52/46 8/53/47 27/54/48
f 108/48/42 62/47/41 27/54/48 101/55/49
f 60/46/40 61/45/39 28/56/50 29/57/51
f 21/58/52 60/46/40 29/57/51 7/59/53
f 22/60/54 57/40/34 60/46/40 21/58/52
f 23/49/43 54/37/31 57/40/34 22/60/54
f 63/61/55 64/62/56 67/63/57 66/64/58
f 109/65/59 65/66/60 68/67/61 110/68/62
f 66/64/58 67/63/57 70/69/63 69/70/64
f 110/68/62 68/67/61 71/71/65 111/72/66
f 7/59/53 29/57/51 63/73/55 32/74/67
f 29/57/51 28/56/50 64/75/56 63/73/55
f 101/55/49 27/54/48 65/76/60 109/77/59
f 27/54/48 8/53/47 33/78/68 65/76/60
f 65/66/60 33/79/68 34/80/69 68/67/61
f 68/67/61 34/80/69 35/81/70 71/71/65
f 71/71/65 35/81/70 6/82/71 36/83/72
f 111/72/66 71/71/65 36/83/72 102/84/73
f 69/70/64 70/69/63 37/85/74 38/86/75
f 30/87/76 69/70/64 38/86/75 5/88/77
f 31/89/78 66/64/58 69/70/64 30/87/76
f 32/90/67 63/61/55 66/64/58 31/89/78
f 72/91/79 73/92/80 76/93/81 75/94/82
f 112/95/83 74/96/84 77/97/85 113/98/86
f 75/94/82 76/93/81 79/99/87 78/100/88
f 113/98/86 77/97/85 80/101/89 114/102/90
f 5/88/77 38/86/75 72/91/79 41/103/91
f 38/86/75 37/85/74 73/92/80 72/91/79
f 102/84/73 36/83/72 74/96/84 112/95/83
f 36/83/72 6/82/71 42/104/92 74/96/84
f 74/96/84 42/104/92 43/105/93 77/97/85
f 77/97/85 43/105/93 44/106/94 80/101/89
f 80/101/89 44/106/94 2/19/19 14/18/18
f 114/102/90 80/101/89 14/18/18 99/17/17
f 78/100/88 79/99/87 13/16/16 12/14/14
f 39/107/95 78/100/88 12/14/14 1/13/13
f 40/108/96 75/94/82 78/100/88 39/107/95
f 41/103/91 72/91/79 75/94/82 40/108/96
f 81/109/97 82/110/98 85/111/99 84/112/100
f 82/110/98 83/113/101 86/114/102 85/111/99
f 84/112/100 85/111/99 88/115/103 87/116/104
f 85/111/99 86/114/102 89/117/105 88/115/103
f 3/34/29 23/49/43 81/118/97 9/33/28
f 23/49/43 22/60/54 82/119/98 81/118/97
f 22/60/54 21/58/52 83/120/101 82/119/98
f 21/58/52 7/59/53 32/74/67 83/120/101
f 83/113/101 32/90/67 31/89/78 86/114/102
f 86/114/102 31/89/78 30/87/76 89/117/105
f 89/117/105 30/87/76 5/88/77 41/103/91
f 88/115/103 89/117/105 41/103/91 40/108/96
f 87/116/104 88/115/103 40/108/96 39/107/95
f 11/15/15 87/116/104 39/107/95 1/13/13
f 10/35/30 84/112/100 87/116/104 11/15/15
f 9/36/28 81/109/97 84/112/100 10/35/30
f 90/121/106 91/122/107 94/123/108 93/124/109
f 91/122/107 92/125/110 95/126/111 94/123/108
f 93/124/109 94/123/108 97/127/112 96/128/113
f 94/123/108 95/126/111 98/129/114 97/127/112
f 8/53/47 26/52/46 90/130/106 33/78/68
f 26/52/46 25/51/45 91/131/107 90/130/106
f 25/51/45 24/50/44 92/132/110 91/131/107
f 24/50/44 4/25/23 17/24/22 92/132/110
f 92/125/110 17/22/22 16/21/21 95/126/111
f 95/126/111 16/21/21 15/20/20 98/129/114
f 98/129/114 15/20/20 2/19/19 44/106/94
f 97/127/112 98/129/114 44/106/94 43/105/93
f 96/128/113 97/127/112 43/105/93 42/104/92
f 35/81/70 96/128/113 42/104/92 6/82/71
f 34/80/69 93/124/109 96/128/113 35/81/70
f 33/79/68 90/121/106 93/124/109 34/80/69
f 79/99/87 114/102/90 99/17/17 13/16/16
f 37/85/74 102/84/73 112/95/83 73/92/80
f 76/93/81 113/98/86 114/102/90 79/99/87
f 73/92/80 112/95/83 113/98/86 76/93/81
f 70/69/63 111/72/66 102/84/73 37/85/74
f 28/56/50 101/55/49 109/77/59 64/75/56
f 67/63/57 110/68/62 111/72/66 70/69/63
f 64/62/56 109/65/59 110/68/62 67/63/57
f 61/45/39 108/48/42 101/55/49 28/56/50
f 19/31/26 100/28/25 106/41/35 55/38/32
f 58/39/33 107/44/38 108/48/42 61/45/39
f 55/38/32 106/41/35 107/44/38 58/39/33
f 52/30/9 105/27/12 100/28/25 19/31/26
f 13/16/16 99/17/17 103/5/5 46/2/2
f 49/3/3 104/8/8 105/12/12 52/9/9
f 46/2/2 103/5/5 104/8/8 49/3/3
f 159/1/115 162/4/116 163/3/117 160/2/118
f 217/5/119 218/8/120 164/7/121 161/6/122
f 162/4/116 165/10/123 166/9/124 163/3/117
f 218/8/120 219/12/125 167/11/126 164/7/121
f 115/13/127 125/15/128 159/1/115 126/14/129
f 126/14/129 159/1/115 160/2/118 127/16/130
f 213/17/131 217/5/119 161/6/122 128/18/132
f 128/18/132 161/6/122 129/20/133 116/19/134
f 161/6/122 164/7/121 130/21/135 129/20/133
f 164/7/121 167/11/126 131/22/136 130/21/135
f 167/23/126 132/26/137 118/25/138 131/24/136
f 219/27/125 214/28/139 132/26/137 167/23/126
f 165/29/123 134/32/140 133/31/141 166/30/124
f 123/33/142 117/34/143 134/32/140 165/29/123
f 124/35/144 123/36/142 165/10/123 162/4/116
f 125/15/128 124/35/144 162/4/116 159/1/115
f 168/37/145 171/40/146 172/39/147 169/38/148
f 220/41/149 221/44/150 173/43/151 170/42/152
f 171/40/146 174/46/153 175/45/154 172/39/147
f 221/44/150 222/48/155 176/47/156 173/43/151
f 117/34/143 137/49/157 168/37/145 134/32/140
f 134/32/140 168/37/145 169/38/148 133/31/141
f 214/28/139 220/41/149 170/42/152 132/26/137
f 132/26/137 170/42/152 138/50/158 118/25/138
f 170/42/152 173/43/151 139/51/159 138/50/158
f 173/43/151 176/47/156 140/52/160 139/51/159
f 176/47/156 141/54/161 122/53/162 140/52/160
f 222/48/155 215/55/163 141/54/161 176/47/156
f 174/46/153 143/57/164 142/56/165 175/45/154
f 135/58/166 121/59/167 143/57/164 174/46/153
f 136/60/168 135/58/166 174/46/153 171/40/146
f 137/49/157 136/60/168 171/40/146 168/37/145
f 177/61/169 180/64/170 181/63/171 178/62/172
f 223/65/173 224/68/174 182/67/175 179/66/176
f 180/64/170 183/70/177 184/69/178 181/63/171
f 224/68/174 225/72/179 185/71/180 182/67/175
f 121/59/167 146/74/181 177/73/169 143/57/164
f 143/57/164 177/73/169 178/75/172 142/56/165
f 215/55/163 223/77/173 179/76/176 141/54/161
f 141/54/161 179/76/176 147/78/182 122/53/162
f 179/66/176 182/67/175 148/80/183 147/79/182
f 182/67/175 185/71/180 149/81/184 148/80/183
f 185/71/180 150/83/185 120/82/186 149/81/184
f 225/72/179 216/84/187 150/83/185 185/71/180
f 183/70/177 152/86/188 151/85/189 184/69/178
f 144/87/190 119/88/191 152/86/188 183/70/177
f 145/89/192 144/87/190 183/70/177 180/64/170
f 146/90/181 145/89/192 180/64/170 177/61/169
f 186/91/193 189/94/194 190/93/195 187/92/196
f 226/95/197 227/98/198 191/97/199 188/96/200
f 189/94/194 192/100/201 193/99/202 190/93/195
f 227/98/198 228/102/203 194/101/204 191/97/199
f 119/88/191 155/103/205 186/91/193 152/86/188
f 152/86/188 186/91/193 187/92/196 151/85/189
f 216/84/187 226/95/197 188/96/200 150/83/185
f 150/83/185 188/96/200 156/104/206 120/82/186
f 188/96/200 191/97/199 157/105/207 156/104/206
f 191/97/199 194/101/204 158/106/208 157/105/207
f 194/101/204 128/18/132 116/19/134 158/106/208
f 228/102/203 213/17/131 128/18/132 194/101/204
f 192/100/201 126/14/129 127/16/130 193/99/202
f 153/107/209 115/13/127 126/14/129 192/100/201
f 154/108/210 153/107/209 192/100/201 189/94/194
f 155/103/205 154/108/210 189/94/194 186/91/193
f 195/109/211 198/112/212 199/111/213 196/110/214
f 196/110/214 199/111/213 200/114/215 197/113/216
f 198/112/212 201/116/217 202/115/218 199/111/213
f 199/111/213 202/115/218 203/117/219 200/114/215
f 117/34/143 123/33/142 195/118/211 137/49/157
f 137/49/157 195/118/211 196/119/214 136/60/168
f 136/60/168 196/119/214 197/120/216 135/58/166
f 135/58/166 197/120/216 146/74/181 121/59/167
f 197/113/216 200/114/215 145/89/192 146/90/181
f 200/114/215 203/117/219 144/87/190 145/89/192
f 203/117/219 155/103/205 119/88/191 144/87/190
f 202/115/218 154/108/210 155/103/205 203/117/219
f 201/116/217 153/107/209 154/108/210 202/115/218
f 125/15/128 115/13/127 153/107/209 201/116/217
f 124/35/144 125/15/128 201/116/217 198/112/212
f 123/36/142 124/35/144 198/112/212 195/109/211
f 204/121/220 207/124/221 208/123/222 205/122/223
f 205/122/223 208/123/222 209/126/224 206/125/225
f 207/124/221 210/128/226 211/127/227 208/123/222
f 208/123/222 211/127/227 212/129/228 209/126/224
f 122/53/162 147/78/182 204/130/220 140/52/160
f 140/52/160 204/130/220 205/131/223 139/51/159
f 139/51/159 205/131/223 206/132/225 138/50/158
f 138/50/158 206/132/225 131/24/136 118/25/138
f 206/125/225 209/126/224 130/21/135 131/22/136
f 209/126/224 212/129/228 129/20/133 130/21/135
f 212/129/228 158/106/208 116/19/134 129/20/133
f 211/127/227 157/105/207 158/106/208 212/129/228
f 210/128/226 156/104/206 157/105/207 211/127/227
f 149/81/184 120/82/186 156/104/206 210/128/226
f 148/80/183 149/81/184 210/128/226 207/124/221
f 147/79/182 148/80/183 207/124/221 204/121/220
f 193/99/202 127/16/130 213/17/131 228/102/203
f 151/85/189 187/92/196 226/95/197 216/84/187
f 190/93/195 193/99/202 228/102/203 227/98/198
f 187/92/196 190/93/195 227/98/198 226/95/197
f 184/69/178 151/85/189 216/84/187 225/72/179
f 142/56/165 178/75/172 223/77/173 215/55/163
f 181/63/171 184/69/178 225/72/179 224/68/174
f 178/62/172 181/63/171 224/68/174 223/65/173
f 175/45/154 142/56/165 215/55/163 222/48/155
f 133/31/141 169/38/148 220/41/149 214/28/139
f 172/39/147 175/45/154 222/48/155 221/44/150
f 169/38/148 172/39/147 221/44/150 220/41/149
f 166/30/124 133/31/141 214/28/139 219/27/125
f 127/16/130 160/2/118 217/5/119 213/17/131
f 163/3/117 166/9/124 219/12/125 218/8/120
f 160/2/118 163/3/117 218/8/120 217/5/119
f 1764/133/229 1765/133/230 274/133/231 273/133/232
f 1765/133/230 1766/133/233 275/133/234 274/133/231
f 1766/133/233 2638/133/235 2637/133/236 275/133/234
f 2166/133/237 1767/133/238 276/133/239 2089/133/240
f 1849/133/241 1768/133/242 277/133/243 1290/133/244
f 1768/133/242 1769/133/245 278/133/246 277/133/243
f 1541/133/247 1542/133/248 280/133/249 279/133/250
f 1542/133/248 1543/133/251 281/133/252 280/133/249
f 1543/133/251 1544/133/253 282/133/254 281/133/252
f 2162/133/255 1545/133/256 283/133/257 2090/133/258
f 1600/133/259 1546/133/260 284/133/261 1291/133/262
f 1546/133/260 1547/133/263 285/133/264 284/133/261
f 1480/133/265 251/133/266 426/133/267 1476/133/268
f 439/133/269 440/133/270 415/133/271 414/133/272
f 5250/133/273 244/133/274 1268/133/275 5270/133/276
f 2160/133/277 1449/133/278 289/133/279 2091/133/280
f 1539/133/281 1450/133/282 290/133/283 1292/133/284
f 1450/133/282 1451/133/285 291/133/286 290/133/283
f 1853/133/287 1811/133/288 269/133/289 1660/133/290
f 1733/133/291 1601/133/292 268/133/293 1661/133/294
f 1731/133/295 1446/133/296 267/133/297 1662/133/298
f 1662/133/298 267/133/297 231/133/299 1658/133/300
f 290/133/283 291/133/286 257/133/301 256/133/302
f 1292/133/284 290/133/283 256/133/302 1288/133/303
f 2091/133/280 289/133/279 255/133/304 2087/133/305
f 253/133/306 252/133/307 1269/133/308 1270/133/309
f 431/133/310 286/133/311 424/133/312 425/133/313
f 427/133/314 407/133/315 1279/133/316 1283/133/317
f 435/133/318 428/133/319 411/133/320 421/133/321
f 1648/133/322 436/133/323 412/133/324 1643/133/325
f 5279/133/326 1541/133/247 279/133/250 5241/133/327
f 5282/133/328 1764/133/229 273/133/232 5242/133/329
f 292/133/330 293/133/331 300/133/332 299/133/333
f 5176/133/334 294/133/335 301/133/336 5177/133/337
f 488/133/338 295/133/339 302/133/340 489/133/341
f 853/133/342 296/133/343 303/133/344 854/133/345
f 2606/133/346 297/133/347 304/133/348 2607/133/349
f 453/133/350 452/133/351 446/133/352 448/133/353
f 299/133/333 300/133/332 307/133/354 306/133/355
f 5177/133/337 301/133/336 308/133/356 5178/133/357
f 489/133/341 302/133/340 309/133/358 490/133/359
f 854/133/345 303/133/344 310/133/360 855/133/361
f 2607/133/349 304/133/348 311/133/362 2608/133/363
f 451/133/364 450/133/365 447/133/366 445/133/367
f 306/133/355 307/133/354 314/133/368 313/133/369
f 5178/133/357 308/133/356 315/133/370 5179/133/371
f 490/133/359 309/133/358 316/133/372 491/133/373
f 855/133/361 310/133/360 317/133/374 856/133/375
f 2608/133/363 311/133/362 318/133/376 2609/133/377
f 311/133/362 312/133/378 319/133/379 318/133/376
f 2092/133/380 2093/133/381 321/133/382 320/133/383
f 5205/133/384 2094/133/385 322/133/386 5180/133/387
f 2102/133/388 2095/133/389 323/133/390 492/133/391
f 2123/133/392 2096/133/393 324/133/394 857/133/395
f 2634/133/396 2097/133/397 325/133/398 2610/133/399
f 2097/133/397 2098/133/400 326/133/401 325/133/398
f 1293/133/402 1294/133/403 328/133/404 327/133/405
f 5193/133/406 1295/133/407 329/133/408 5181/133/409
f 1303/133/410 1296/133/411 330/133/412 493/133/413
f 1325/133/414 1297/133/415 331/133/416 858/133/417
f 2622/133/418 1298/133/419 332/133/420 2611/133/421
f 1298/133/419 1299/133/422 333/133/423 332/133/420
f 327/133/405 328/133/404 335/133/424 334/133/425
f 5181/133/409 329/133/408 336/133/426 5182/133/427
f 493/133/413 330/133/412 337/133/428 494/133/429
f 858/133/417 331/133/416 338/133/430 859/133/431
f 2611/133/421 332/133/420 339/133/432 2612/133/433
f 332/133/420 333/133/423 340/133/434 339/133/432
f 5265/133/435 5244/133/436 292/133/330 518/133/437
f 5244/133/436 5245/133/438 293/133/331 292/133/330
f 5393/133/439 5391/133/440 294/133/335 5176/133/334
f 5263/133/441 5247/133/442 295/133/339 488/133/338
f 5267/133/443 5248/133/444 296/133/343 853/133/342
f 5291/133/445 5249/133/446 297/133/347 2606/133/346
f 5249/133/446 5250/133/273 298/133/447 297/133/347
f 1646/133/448 431/133/310 425/133/313 1642/133/449
f 443/133/450 432/133/451 417/133/452 416/133/453
f 5258/133/454 422/133/455 1280/133/456 5271/133/457
f 1478/133/458 435/133/318 421/133/321 1475/133/459
f 2163/133/460 2087/133/305 255/133/304 1630/133/461
f 1651/133/462 1288/133/303 256/133/302 1631/133/463
f 1631/133/463 256/133/302 257/133/301 1632/133/464
f 1734/133/465 1658/133/300 231/133/299 1628/133/466
f 1664/133/467 1663/133/468 243/133/469 242/133/470
f 2629/133/471 1664/133/467 242/133/470 2605/133/472
f 1692/133/473 1665/133/474 241/133/475 851/133/476
f 1673/133/477 1666/133/478 240/133/479 486/133/480
f 5200/133/481 1667/133/482 239/133/483 5174/133/484
f 1669/133/485 1668/133/486 238/133/487 237/133/488
f 1675/133/489 1669/133/485 237/133/488 502/133/490
f 508/133/491 327/133/405 334/133/425 506/133/492
f 1305/133/493 1293/133/402 327/133/405 508/133/491
f 2104/133/494 2092/133/380 320/133/383 510/133/495
f 514/133/496 306/133/355 313/133/369 512/133/497
f 516/133/498 299/133/333 306/133/355 514/133/496
f 518/133/437 292/133/330 299/133/333 516/133/498
f 1452/133/499 1453/133/500 349/133/501 348/133/502
f 5197/133/503 1454/133/504 350/133/505 5184/133/506
f 1486/133/507 1455/133/508 351/133/509 496/133/510
f 1517/133/511 1456/133/512 352/133/513 861/133/514
f 2626/133/515 1457/133/516 353/133/517 2614/133/518
f 1457/133/516 1458/133/519 354/133/520 353/133/517
f 2402/133/521 2403/133/522 356/133/523 355/133/524
f 5207/133/525 2404/133/526 357/133/527 5185/133/528
f 2412/133/529 2405/133/530 358/133/531 497/133/532
f 2419/133/533 2406/133/534 359/133/535 862/133/536
f 2636/133/537 2407/133/538 360/133/539 2615/133/540
f 2407/133/538 2408/133/541 361/133/542 360/133/539
f 1858/133/543 1859/133/544 2783/133/545 2782/133/546
f 5204/133/547 1860/133/548 2784/133/549 5186/133/550
f 1868/133/551 1861/133/552 2785/133/553 2941/133/554
f 1875/133/555 1862/133/556 2786/133/557 3337/133/558
f 2633/133/559 1863/133/560 2787/133/561 5145/133/562
f 1863/133/560 1864/133/563 2788/133/564 2787/133/561
f 502/133/490 237/133/488 341/133/565 524/133/566
f 237/133/488 238/133/487 342/133/567 341/133/565
f 5174/133/484 239/133/483 343/133/568 5183/133/569
f 486/133/480 240/133/479 344/133/570 495/133/571
f 851/133/476 241/133/475 345/133/572 860/133/573
f 2605/133/472 242/133/470 346/133/574 2613/133/575
f 242/133/470 243/133/469 347/133/576 346/133/574
f 1628/133/466 231/133/299 267/133/297 1633/133/577
f 1655/133/578 1446/133/296 268/133/293 1634/133/579
f 2488/133/580 2400/133/581 269/133/289 1635/133/582
f 1932/133/583 1856/133/584 2682/133/585 4121/133/586
f 1870/133/587 1858/133/543 2782/133/546 2965/133/588
f 2414/133/589 2402/133/521 355/133/524 520/133/590
f 1490/133/591 1452/133/499 348/133/502 522/133/592
f 1722/133/593 1252/133/594 1258/133/595 1723/133/596
f 2413/133/597 519/133/598 374/133/599 2434/133/600
f 1549/133/601 375/133/602 233/133/603 1610/133/604
f 1304/133/605 507/133/606 368/133/607 1300/133/608
f 1770/133/609 1771/133/610 371/133/611 370/133/612
f 1771/133/610 1772/133/613 372/133/614 371/133/611
f 382/133/615 264/133/616 381/133/617 365/133/618
f 1489/133/619 521/133/620 362/133/621 1459/133/622
f 1461/133/623 382/133/615 365/133/618 1460/133/624
f 264/133/616 513/133/625 378/133/626 381/133/617
f 1549/133/601 1550/133/627 376/133/628 375/133/602
f 1550/133/627 1551/133/629 377/133/630 376/133/628
f 2103/133/631 509/133/632 380/133/633 2099/133/634
f 501/133/635 523/133/636 373/133/637 379/133/638
f 1674/133/639 501/133/635 379/133/638 1670/133/640
f 513/133/625 511/133/641 363/133/642 378/133/626
f 1461/133/623 1462/133/643 383/133/644 382/133/615
f 1462/133/643 1463/133/645 384/133/646 383/133/644
f 5281/133/647 1812/133/648 272/133/649 5252/133/650
f 5278/133/651 1602/133/652 271/133/653 5253/133/654
f 5277/133/655 1447/133/656 270/133/657 5254/133/658
f 5254/133/658 270/133/657 230/133/659 5240/133/660
f 383/133/644 384/133/646 266/133/661 265/133/662
f 382/133/615 383/133/644 265/133/662 264/133/616
f 1869/133/663 2964/133/664 2805/133/665 1888/133/666
f 1770/133/609 370/133/612 369/133/667 1820/133/668
f 507/133/606 505/133/669 364/133/670 368/133/607
f 2434/133/600 374/133/599 575/133/671 2416/133/672
f 1610/133/604 233/133/603 568/133/673 1566/133/674
f 618/133/675 621/133/676 367/133/677 262/133/678
f 365/133/618 381/133/617 554/133/679 572/133/680
f 1459/133/622 362/133/621 576/133/681 1498/133/682
f 1774/133/683 1775/133/684 386/133/685 385/133/686
f 5387/133/687 5199/133/688 5420/133/689 5442/133/690
f 1783/133/691 1777/133/692 388/133/693 2397/133/694
f 1807/133/695 1778/133/696 389/133/697 863/133/698
f 2631/133/699 1779/133/700 390/133/701 2616/133/702
f 1779/133/700 1780/133/703 391/133/704 390/133/701
f 1552/133/705 1553/133/706 393/133/707 392/133/708
f 3868/133/709 4963/133/710 5415/133/711 5410/133/712
f 1561/133/713 1555/133/714 395/133/715 499/133/716
f 1585/133/717 1556/133/718 396/133/719 864/133/720
f 2628/133/721 1557/133/722 397/133/723 2617/133/724
f 1557/133/722 1558/133/725 398/133/726 397/133/723
f 1464/133/727 1465/133/728 400/133/729 399/133/730
f 5378/133/731 5209/133/732 5424/133/733 5440/133/734
f 1485/133/735 1467/133/736 402/133/737 500/133/738
f 1516/133/739 1468/133/740 403/133/741 865/133/742
f 2625/133/743 1469/133/744 404/133/745 2618/133/746
f 1469/133/744 1470/133/747 405/133/748 404/133/745
f 1851/133/749 1763/133/750 258/133/751 1636/133/752
f 1657/133/753 1540/133/754 259/133/755 1637/133/756
f 5260/133/757 439/133/269 414/133/272 5257/133/758
f 440/133/270 443/133/450 416/133/453 415/133/271
f 404/133/745 405/133/748 244/133/274 245/133/759
f 2618/133/746 404/133/745 245/133/759 2619/133/760
f 865/133/742 403/133/741 246/133/761 852/133/762
f 500/133/738 402/133/737 247/133/763 487/133/764
f 1466/133/765 401/133/766 5397/133/767 5400/133/768
f 399/133/730 400/133/729 249/133/769 250/133/770
f 526/133/771 399/133/730 250/133/770 503/133/772
f 1488/133/773 1464/133/727 399/133/730 526/133/771
f 1563/133/774 1552/133/705 392/133/708 528/133/775
f 1785/133/776 1774/133/683 385/133/686 530/133/777
f 1472/133/778 1473/133/779 419/133/780 418/133/781
f 1473/133/779 1474/133/782 420/133/783 419/133/780
f 1474/133/782 1475/133/459 421/133/321 420/133/783
f 420/133/783 421/133/321 411/133/320 410/133/784
f 419/133/780 420/133/783 410/133/784 409/133/785
f 418/133/781 419/133/780 409/133/785 408/133/786
f 5256/133/787 418/133/781 408/133/786 5255/133/788
f 5276/133/789 1472/133/778 418/133/781 5256/133/787
f 5280/133/790 5255/133/788 408/133/786 1639/133/791
f 1639/133/791 408/133/786 409/133/785 1640/133/792
f 1640/133/792 409/133/785 410/133/784 1641/133/793
f 1641/133/793 410/133/784 411/133/320 1642/133/449
f 1654/133/794 1471/133/795 413/133/796 1644/133/797
f 1644/133/797 413/133/796 406/133/798 1638/133/799
f 280/133/249 281/133/252 442/133/800 441/133/801
f 441/133/801 442/133/800 443/133/450 440/133/270
f 5241/133/327 279/133/250 438/133/802 5259/133/803
f 5259/133/803 438/133/802 439/133/269 5260/133/757
f 1448/133/804 288/133/805 434/133/806 1477/133/807
f 1477/133/807 434/133/806 435/133/318 1478/133/458
f 244/133/274 405/133/748 1278/133/808 1268/133/275
f 423/133/809 424/133/312 1282/133/810 1281/133/811
f 281/133/252 282/133/254 433/133/812 442/133/800
f 442/133/800 433/133/812 432/133/451 443/133/450
f 1629/133/813 319/133/379 430/133/814 1645/133/815
f 1645/133/815 430/133/814 431/133/310 1646/133/448
f 1637/133/756 259/133/755 437/133/816 1647/133/817
f 1647/133/817 437/133/816 436/133/323 1648/133/322
f 288/133/805 254/133/818 429/133/819 434/133/806
f 434/133/806 429/133/819 428/133/319 435/133/318
f 305/133/820 298/133/447 1275/133/821 1276/133/822
f 287/133/823 312/133/378 1277/133/824 1274/133/825
f 319/133/379 312/133/378 287/133/823 430/133/814
f 430/133/814 287/133/823 286/133/311 431/133/310
f 422/133/455 423/133/809 1281/133/811 1280/133/456
f 252/133/307 427/133/314 1283/133/317 1269/133/308
f 286/133/311 287/133/823 1274/133/825 1273/133/826
f 312/133/378 305/133/820 1276/133/822 1277/133/824
f 279/133/250 280/133/249 441/133/801 438/133/802
f 438/133/802 441/133/801 440/133/270 439/133/269
f 1470/133/747 398/133/726 229/133/827 1479/133/828
f 1479/133/828 229/133/827 251/133/266 1480/133/265
f 444/133/829 445/133/367 447/133/366 446/133/352
f 446/133/352 447/133/366 449/133/830 448/133/353
f 452/133/351 454/133/831 444/133/829 446/133/352
f 455/133/832 453/133/350 448/133/353 449/133/830
f 454/133/831 451/133/364 445/133/367 444/133/829
f 450/133/365 455/133/832 449/133/830 447/133/366
f 305/133/820 312/133/378 455/133/832 450/133/365
f 297/133/347 298/133/447 451/133/364 454/133/831
f 312/133/378 311/133/362 453/133/350 455/133/832
f 304/133/348 297/133/347 454/133/831 452/133/351
f 298/133/447 305/133/820 450/133/365 451/133/364
f 311/133/362 304/133/348 452/133/351 453/133/350
f 403/133/741 484/133/833 459/133/834 246/133/761
f 2555/133/835 485/133/836 458/133/837 2542/133/838
f 1468/133/740 1481/133/839 484/133/833 403/133/741
f 2562/133/840 1482/133/841 485/133/836 2555/133/835
f 1556/133/718 1559/133/842 482/133/843 396/133/719
f 2564/133/844 1560/133/845 483/133/846 2554/133/847
f 1778/133/696 1781/133/848 480/133/849 389/133/697
f 2567/133/850 1782/133/851 481/133/852 2553/133/853
f 241/133/475 456/133/854 474/133/855 345/133/572
f 2541/133/856 457/133/857 475/133/858 2550/133/859
f 1862/133/556 1866/133/860 2919/133/861 2786/133/557
f 2569/133/862 1867/133/863 2920/133/864 5078/133/865
f 2406/133/534 2410/133/866 478/133/867 359/133/535
f 2572/133/868 2411/133/869 479/133/870 2552/133/871
f 1456/133/512 1483/133/872 476/133/873 352/133/513
f 2561/133/874 1484/133/875 477/133/876 2551/133/877
f 1665/133/474 1671/133/878 456/133/854 241/133/475
f 2565/133/879 1672/133/880 457/133/857 2541/133/856
f 5248/133/444 5261/133/881 460/133/882 296/133/343
f 5289/133/883 5262/133/884 461/133/885 2543/133/886
f 331/133/416 470/133/887 472/133/888 338/133/430
f 2548/133/889 471/133/890 473/133/891 2549/133/892
f 1297/133/415 1301/133/893 470/133/887 331/133/416
f 2558/133/894 1302/133/895 471/133/890 2548/133/889
f 2096/133/393 2100/133/896 468/133/897 324/133/394
f 2570/133/898 2101/133/899 469/133/900 2547/133/901
f 310/133/360 464/133/902 466/133/903 317/133/374
f 2545/133/904 465/133/905 467/133/906 2546/133/907
f 303/133/344 462/133/908 464/133/902 310/133/360
f 2544/133/909 463/133/910 465/133/905 2545/133/904
f 296/133/343 460/133/882 462/133/908 303/133/344
f 2543/133/886 461/133/885 463/133/910 2544/133/909
f 2382/133/911 500/133/738 487/133/764 2368/133/912
f 2388/133/913 1485/133/735 500/133/738 2382/133/911
f 2390/133/914 1561/133/713 499/133/716 2381/133/915
f 2393/133/916 1783/133/691 2397/133/694 2396/133/917
f 2369/133/918 486/133/480 495/133/571 2377/133/919
f 4917/133/920 1868/133/551 2941/133/554 4899/133/921
f 2506/133/922 2412/133/529 497/133/532 2379/133/923
f 2387/133/924 1486/133/507 496/133/510 2378/133/925
f 2391/133/926 1673/133/477 486/133/480 2369/133/918
f 5285/133/927 5263/133/441 488/133/338 2370/133/928
f 2375/133/929 493/133/413 494/133/429 2376/133/930
f 2384/133/931 1303/133/410 493/133/413 2375/133/929
f 2395/133/932 2102/133/388 492/133/391 2374/133/933
f 2372/133/934 490/133/359 491/133/373 2373/133/935
f 2371/133/936 489/133/341 490/133/359 2372/133/934
f 2370/133/928 488/133/338 489/133/341 2371/133/936
f 1812/133/648 1784/133/937 529/133/938 272/133/649
f 1786/133/939 1785/133/776 530/133/777 545/133/940
f 1602/133/652 1562/133/941 527/133/942 271/133/653
f 1564/133/943 1563/133/774 528/133/775 544/133/944
f 1447/133/656 1487/133/945 525/133/946 270/133/657
f 1492/133/947 1488/133/773 526/133/771 543/133/948
f 270/133/657 525/133/946 504/133/949 230/133/659
f 543/133/948 526/133/771 503/133/772 532/133/950
f 1460/133/624 365/133/618 572/133/680 1497/133/951
f 1491/133/952 1490/133/591 522/133/592 541/133/953
f 381/133/617 378/133/626 574/133/954 554/133/679
f 2415/133/955 2414/133/589 520/133/590 540/133/956
f 615/133/957 622/133/958 585/133/959 579/133/960
f 1871/133/961 1870/133/587 2965/133/588 2989/133/962
f 379/133/638 373/133/637 577/133/963 573/133/964
f 531/133/965 502/133/490 524/133/566 542/133/966
f 266/133/661 517/133/967 515/133/968 265/133/662
f 539/133/969 518/133/437 516/133/498 538/133/970
f 265/133/662 515/133/968 513/133/625 264/133/616
f 538/133/970 516/133/498 514/133/496 537/133/971
f 1682/133/972 620/133/973 261/133/974 1659/133/975
f 537/133/971 514/133/496 512/133/497 536/133/976
f 619/133/977 613/133/978 366/133/979 263/133/980
f 2105/133/981 2104/133/494 510/133/495 535/133/982
f 1888/133/666 2805/133/665 3029/133/983 1872/133/984
f 1306/133/985 1305/133/493 508/133/491 534/133/986
f 1820/133/668 369/133/667 563/133/987 1788/133/988
f 534/133/986 508/133/491 506/133/492 533/133/989
f 620/133/973 614/133/990 580/133/991 261/133/974
f 1676/133/992 1675/133/489 502/133/490 531/133/965
f 5240/133/660 5264/133/993 517/133/967 266/133/661
f 5266/133/994 5265/133/435 518/133/437 539/133/969
f 5264/133/993 5266/133/994 539/133/969 517/133/967
f 1674/133/639 1676/133/992 531/133/965 501/133/635
f 507/133/606 534/133/986 533/133/989 505/133/669
f 1304/133/605 1306/133/985 534/133/986 507/133/606
f 2103/133/631 2105/133/981 535/133/982 509/133/632
f 513/133/625 537/133/971 536/133/976 511/133/641
f 515/133/968 538/133/970 537/133/971 513/133/625
f 517/133/967 539/133/969 538/133/970 515/133/968
f 501/133/635 531/133/965 542/133/966 523/133/636
f 1869/133/663 1871/133/961 2989/133/962 2964/133/664
f 2413/133/597 2415/133/955 540/133/956 519/133/598
f 1489/133/619 1491/133/952 541/133/953 521/133/620
f 525/133/946 543/133/948 532/133/950 504/133/949
f 1487/133/945 1492/133/947 543/133/948 525/133/946
f 1562/133/941 1564/133/943 544/133/944 527/133/942
f 1784/133/937 1786/133/939 545/133/940 529/133/938
f 1248/133/995 582/133/996 2075/133/997 2077/133/998
f 1244/133/999 583/133/1000 2172/133/1001 2173/133/1002
f 1354/133/1003 1254/133/1004 2186/133/1005 2188/133/1006
f 1254/133/1004 1246/133/1007 2194/133/1008 2195/133/1009
f 597/133/1010 581/133/1011 667/133/1012 671/133/1013
f 1723/133/596 1258/133/595 1262/133/1014 1724/133/1015
f 1257/133/1016 582/133/996 700/133/1017 681/133/1018
f 2109/133/1019 583/133/1000 738/133/1020 2110/133/1021
f 1310/133/1022 597/133/1010 671/133/1013 1311/133/1023
f 1311/133/1023 671/133/1013 775/133/1024 1316/133/1025
f 671/133/1013 667/133/1012 741/133/1026 775/133/1024
f 1724/133/1015 1262/133/1014 1259/133/1027 1725/133/1028
f 681/133/1018 700/133/1017 704/133/1029 1249/133/1030
f 2110/133/1021 738/133/1020 753/133/1031 2154/133/1032
f 1249/133/1030 704/133/1029 1256/133/1033 1250/133/1034
f 1351/133/1035 1197/133/1036 1199/133/1037 1307/133/1038
f 758/133/1039 737/133/1040 1177/133/1041 1189/133/1042
f 670/133/1043 717/133/1044 1180/133/1045 1178/133/1046
f 722/133/1047 562/133/1048 1166/133/1049 1176/133/1050
f 1902/133/1051 2998/133/1052 3088/133/1053 1908/133/1054
f 1493/133/1055 1498/133/682 576/133/681 548/133/1056
f 2451/133/1057 2416/133/672 575/133/671 547/133/1058
f 1902/133/1051 1872/133/984 3029/133/983 2998/133/1052
f 546/133/1059 573/133/964 577/133/963 549/133/1060
f 236/133/1061 624/133/1062 666/133/1063 627/133/1064
f 2113/133/1065 616/133/1066 260/133/1067 2088/133/1068
f 615/133/957 579/133/960 717/133/1044 662/133/1069
f 622/133/958 618/133/675 262/133/678 585/133/959
f 236/133/1061 627/133/1064 1175/133/1070 1172/133/1071
f 779/133/1072 758/133/1039 1189/133/1042 1181/133/1073
f 717/133/1044 579/133/960 1174/133/1074 1180/133/1045
f 556/133/1075 664/133/1076 1183/133/1077 1179/133/1078
f 580/133/991 236/133/1061 1172/133/1071 1171/133/1079
f 2117/133/1080 779/133/1072 1181/133/1073 2148/133/1081
f 688/133/1082 670/133/1043 1178/133/1046 1182/133/1083
f 1319/133/1084 641/133/1085 1188/133/1086 1350/133/1087
f 627/133/1064 556/133/1075 1179/133/1078 1175/133/1070
f 1684/133/1088 643/133/1089 1190/133/1090 1717/133/1091
f 828/133/1092 602/133/1093 659/133/1094 833/133/1095
f 614/133/990 624/133/1062 236/133/1061 580/133/991
f 1314/133/1096 619/133/977 263/133/980 1289/133/1097
f 1497/133/951 572/133/680 651/133/1098 1504/133/1099
f 643/133/1089 710/133/1100 1168/133/1101 1190/133/1090
f 1300/133/608 368/133/607 587/133/1102 1312/133/1103
f 573/133/964 546/133/1059 598/133/1104 590/133/1105
f 737/133/1040 722/133/1047 1176/133/1050 1177/133/1041
f 800/133/1106 615/133/957 662/133/1069 804/133/1107
f 574/133/954 378/133/626 595/133/1108 594/133/1109
f 1566/133/674 568/133/673 647/133/1110 1575/133/1111
f 2099/133/634 380/133/633 593/133/1112 2111/133/1113
f 598/133/1104 546/133/1059 628/133/1114 658/133/1115
f 379/133/638 573/133/964 590/133/1105 589/133/1116
f 368/133/607 364/133/670 588/133/1117 587/133/1102
f 1670/133/640 379/133/638 589/133/1116 1680/133/1118
f 554/133/679 574/133/954 594/133/1109 591/133/1119
f 378/133/626 363/133/642 592/133/1120 595/133/1108
f 1289/133/1097 263/133/980 1159/133/1121 1348/133/1122
f 1324/133/1123 821/133/1124 606/133/1125 1313/133/1126
f 827/133/1127 825/133/1128 611/133/1129 601/133/1130
f 572/133/680 554/133/679 635/133/1131 651/133/1098
f 546/133/1059 549/133/1060 631/133/1132 628/133/1114
f 824/133/1133 830/133/1134 604/133/1135 609/133/1136
f 825/133/1128 598/133/1104 658/133/1115 832/133/1137
f 2122/133/1138 829/133/1139 603/133/1140 2112/133/1141
f 2088/133/1068 260/133/1067 1156/133/1142 2146/133/1143
f 822/133/1144 827/133/1127 601/133/1130 607/133/1145
f 821/133/1124 826/133/1146 600/133/1147 606/133/1125
f 1691/133/1148 822/133/1144 607/133/1145 1681/133/1149
f 828/133/1092 824/133/1133 609/133/1136 602/133/1093
f 830/133/1134 823/133/1150 608/133/1151 604/133/1135
f 1788/133/988 563/133/987 642/133/1152 1796/133/1153
f 1323/133/1154 793/133/1155 619/133/977 1314/133/1096
f 799/133/1156 797/133/1157 624/133/1062 614/133/990
f 554/133/679 591/133/1119 655/133/1158 635/133/1131
f 1493/133/1055 548/133/1056 630/133/1159 1500/133/1160
f 796/133/1161 802/133/1162 618/133/675 622/133/958
f 2224/133/1163 611/133/1129 660/133/1164 2225/133/1165
f 2121/133/1166 801/133/1167 616/133/1066 2113/133/1065
f 2451/133/1057 547/133/1058 629/133/1168 2457/133/1169
f 794/133/1170 799/133/1156 614/133/990 620/133/973
f 793/133/1155 798/133/1171 613/133/978 619/133/977
f 1690/133/1172 794/133/1170 620/133/973 1682/133/972
f 800/133/1106 796/133/1161 622/133/958 615/133/957
f 802/133/1162 795/133/1173 621/133/676 618/133/675
f 724/133/1174 636/133/1175 780/133/1176 605/133/1177
f 695/133/1178 759/133/1179 663/133/1180 734/133/1181
f 1913/133/1182 3195/133/1183 3084/133/1184 1918/133/1185
f 760/133/1186 724/133/1174 605/133/1177 645/133/1187
f 762/133/1188 763/133/1189 552/133/1190 558/133/1191
f 1579/133/1192 727/133/1193 557/133/1194 1581/133/1195
f 658/133/1115 628/133/1114 623/133/1196 676/133/1197
f 1504/133/1099 651/133/1098 668/133/1198 1494/133/1199
f 1581/133/1195 557/133/1194 757/133/1200 1618/133/1201
f 832/133/1137 658/133/1115 676/133/1197 835/133/1202
f 662/133/1069 717/133/1044 670/133/1043 682/133/1203
f 627/133/1064 666/133/1063 685/133/1204 556/133/1075
f 833/133/1095 659/133/1094 678/133/1205 836/133/1206
f 746/133/1207 790/133/1208 789/133/1209 748/133/1210
f 1575/133/1111 647/133/1110 553/133/1211 1567/133/1212
f 558/133/1191 552/133/1190 790/133/1208 746/133/1207
f 651/133/1098 635/133/1131 596/133/1213 668/133/1198
f 628/133/1114 631/133/1132 610/133/1214 623/133/1196
f 1796/133/1153 642/133/1152 564/133/1215 1789/133/1216
f 551/133/1217 648/133/1218 1184/133/1219 1187/133/1220
f 1500/133/1160 630/133/1159 612/133/1221 1499/133/1222
f 1659/133/975 261/133/974 1162/133/1223 1715/133/1224
f 2457/133/1169 629/133/1168 617/133/1225 2456/133/1226
f 2225/133/1165 660/133/1164 680/133/1227 2226/133/1228
f 635/133/1131 655/133/1158 672/133/1229 596/133/1213
f 804/133/1107 662/133/1069 682/133/1203 806/133/1230
f 1908/133/1054 3088/133/1053 3076/133/1231 4397/133/1232
f 740/133/1233 713/133/1234 712/133/1235 744/133/1236
f 1499/133/1222 612/133/1221 634/133/1237 1501/133/1238
f 2226/133/1228 680/133/1227 697/133/1239 2227/133/1240
f 668/133/1198 596/133/1213 644/133/1241 686/133/1242
f 596/133/1213 672/133/1229 689/133/1243 644/133/1241
f 806/133/1230 682/133/1203 698/133/1244 808/133/1245
f 623/133/1196 610/133/1214 639/133/1246 632/133/1247
f 1494/133/1199 668/133/1198 686/133/1242 1505/133/1248
f 676/133/1197 623/133/1196 632/133/1247 692/133/1249
f 1789/133/1216 564/133/1215 657/133/1250 1797/133/1251
f 605/133/1177 780/133/1176 713/133/1234 740/133/1233
f 4397/133/1232 3076/133/1252 3093/133/1253 1909/133/1254
f 835/133/1202 676/133/1197 692/133/1249 837/133/1255
f 682/133/1203 670/133/1043 688/133/1082 698/133/1244
f 556/133/1075 685/133/1204 699/133/1256 664/133/1076
f 836/133/1206 678/133/1205 694/133/1257 838/133/1258
f 721/133/1259 784/133/1260 783/133/1261 736/133/1262
f 669/133/1263 734/133/1181 784/133/1260 721/133/1259
f 2456/133/1226 617/133/1225 633/133/1264 2458/133/1265
f 1919/133/1266 3255/133/1267 3256/133/1268 1920/133/1269
f 1567/133/1212 553/133/1211 637/133/1270 1576/133/1271
f 632/133/1247 639/133/1246 679/133/1272 586/133/1273
f 1918/133/1185 3084/133/1184 3255/133/1267 1919/133/1266
f 1501/133/1238 634/133/1237 570/133/1274 1507/133/1275
f 784/133/1260 787/133/1276 788/133/1277 783/133/1261
f 2227/133/1240 697/133/1239 714/133/1278 2228/133/1279
f 644/133/1241 689/133/1243 705/133/1280 674/133/1281
f 808/133/1245 698/133/1244 716/133/1282 810/133/1283
f 2458/133/1265 633/133/1264 571/133/1284 2464/133/1285
f 1797/133/1251 657/133/1250 566/133/1286 1790/133/1287
f 1909/133/1254 3093/133/1253 3049/133/1288 1916/133/1289
f 692/133/1249 632/133/1247 586/133/1273 709/133/1290
f 1505/133/1248 686/133/1242 701/133/1291 1495/133/1292
f 734/133/1181 663/133/1180 787/133/1276 784/133/1260
f 837/133/1255 692/133/1249 709/133/1290 839/133/1293
f 686/133/1242 644/133/1241 674/133/1281 701/133/1291
f 698/133/1244 688/133/1082 562/133/1048 716/133/1282
f 664/133/1076 699/133/1256 719/133/1294 551/133/1217
f 838/133/1258 694/133/1257 711/133/1295 840/133/1296
f 2118/133/1297 791/133/1298 792/133/1299 2119/133/1300
f 2107/133/1301 550/133/1302 791/133/1298 2118/133/1297
f 1576/133/1271 637/133/1270 683/133/1303 1568/133/1304
f 1507/133/1275 570/133/1274 693/133/1305 1502/133/1306
f 1568/133/1304 683/133/1303 638/133/1307 1577/133/1308
f 586/133/1273 679/133/1272 640/133/1309 690/133/1310
f 2228/133/1279 714/133/1278 729/133/1311 2229/133/1312
f 674/133/1281 705/133/1280 723/133/1313 656/133/1314
f 1790/133/1287 566/133/1286 696/133/1315 1798/133/1316
f 810/133/1283 716/133/1282 731/133/1317 812/133/1318
f 701/133/1291 674/133/1281 656/133/1314 720/133/1319
f 709/133/1290 586/133/1273 690/133/1310 726/133/1320
f 1495/133/1292 701/133/1291 720/133/1319 1506/133/1321
f 1916/133/1289 3049/133/1288 3157/133/1322 1907/133/1323
f 839/133/1293 709/133/1290 726/133/1320 841/133/1324
f 716/133/1282 562/133/1048 722/133/1047 731/133/1317
f 551/133/1217 719/133/1294 733/133/1325 648/133/1218
f 840/133/1296 711/133/1295 728/133/1326 842/133/1327
f 2464/133/1285 571/133/1284 691/133/1328 2459/133/1329
f 1577/133/1308 638/133/1307 673/133/1330 1569/133/1331
f 690/133/1310 640/133/1309 718/133/1332 677/133/1333
f 841/133/1324 726/133/1320 743/133/1334 843/133/1335
f 720/133/1319 656/133/1314 707/133/1336 735/133/1337
f 1798/133/1316 696/133/1315 567/133/1338 1791/133/1339
f 1907/133/1323 3157/133/1322 3143/133/1340 1915/133/1341
f 731/133/1317 722/133/1047 737/133/1040 751/133/1342
f 648/133/1218 733/133/1325 755/133/1343 560/133/1344
f 842/133/1327 728/133/1326 745/133/1345 844/133/1346
f 1502/133/1306 693/133/1305 599/133/1347 1508/133/1348
f 2229/133/1312 729/133/1311 749/133/1349 2230/133/1350
f 656/133/1314 723/133/1313 739/133/1351 707/133/1336
f 1506/133/1321 720/133/1319 735/133/1337 1496/133/1352
f 812/133/1318 731/133/1317 751/133/1342 814/133/1353
f 2459/133/1329 691/133/1328 675/133/1354 2466/133/1355
f 726/133/1320 690/133/1310 677/133/1333 743/133/1334
f 743/133/1334 677/133/1333 724/133/1174 760/133/1186
f 1915/133/1341 3143/133/1340 3195/133/1183 1913/133/1182
f 2466/133/1355 675/133/1354 725/133/1356 2460/133/1357
f 843/133/1335 743/133/1334 760/133/1186 845/133/1358
f 751/133/1342 737/133/1040 758/133/1039 768/133/1359
f 560/133/1344 755/133/1343 772/133/1360 650/133/1361
f 844/133/1346 745/133/1345 762/133/1188 846/133/1362
f 1508/133/1348 599/133/1347 730/133/1363 1503/133/1364
f 1496/133/1352 735/133/1337 756/133/1365 1509/133/1366
f 677/133/1333 718/133/1332 636/133/1175 724/133/1174
f 735/133/1337 707/133/1336 695/133/1178 756/133/1365
f 1791/133/1339 567/133/1338 732/133/1367 1800/133/1368
f 2230/133/1350 749/133/1349 766/133/1369 2232/133/1370
f 1569/133/1331 673/133/1330 727/133/1193 1579/133/1192
f 707/133/1336 739/133/1351 759/133/1179 695/133/1178
f 814/133/1353 751/133/1342 768/133/1359 818/133/1371
f 756/133/1365 695/133/1178 734/133/1181 669/133/1263
f 769/133/1372 768/133/1359 758/133/1039 779/133/1072
f 2116/133/1373 769/133/1372 779/133/1072 2117/133/1080
f 1318/133/1374 770/133/1375 641/133/1085 1319/133/1084
f 1686/133/1376 767/133/1377 643/133/1089 1684/133/1088
f 767/133/1377 771/133/1378 710/133/1100 643/133/1089
f 2115/133/1379 764/133/1380 550/133/1302 2107/133/1301
f 845/133/1358 760/133/1186 645/133/1187 834/133/1381
f 846/133/1362 762/133/1188 558/133/1191 831/133/1382
f 1317/133/1383 765/133/1384 781/133/1385 1308/133/1386
f 1685/133/1387 766/133/1369 782/133/1388 1678/133/1389
f 1503/133/1364 730/133/1363 715/133/1390 1511/133/1391
f 765/133/1384 761/133/1392 559/133/1393 781/133/1385
f 1800/133/1368 732/133/1367 702/133/1394 1803/133/1395
f 2460/133/1357 725/133/1356 569/133/1396 2468/133/1397
f 1509/133/1366 756/133/1365 669/133/1263 1510/133/1398
f 817/133/1399 815/133/1400 771/133/1378 767/133/1377
f 1689/133/1401 817/133/1399 767/133/1377 1686/133/1376
f 1322/133/1402 820/133/1403 770/133/1375 1318/133/1374
f 2120/133/1404 819/133/1405 769/133/1372 2116/133/1373
f 819/133/1405 818/133/1371 768/133/1359 769/133/1372
f 648/133/1218 560/133/1344 1185/133/1406 1184/133/1219
f 261/133/974 580/133/991 1171/133/1079 1162/133/1223
f 262/133/678 367/133/677 1161/133/1407 1158/133/1408
f 664/133/1076 551/133/1217 1187/133/1220 1183/133/1077
f 263/133/980 366/133/979 1160/133/1409 1159/133/1121
f 579/133/960 585/133/959 1157/133/1410 1174/133/1074
f 560/133/1344 650/133/1361 1186/133/1411 1185/133/1406
f 562/133/1048 688/133/1082 1182/133/1083 1166/133/1049
f 585/133/959 262/133/678 1158/133/1408 1157/133/1410
f 2038/133/1412 2055/133/1413 916/133/1414 890/133/1415
f 2039/133/1416 2059/133/1417 868/133/1418 873/133/1419
f 2041/133/1420 2056/133/1421 915/133/1422 913/133/1423
f 2498/133/1424 2062/133/1425 867/133/1426 2477/133/1427
f 2056/133/1421 2064/133/1428 924/133/1429 915/133/1422
f 2042/133/1430 2058/133/1431 880/133/1432 889/133/1433
f 2067/133/1434 2061/133/1435 896/133/1436 1831/133/1437
f 2171/133/1438 2057/133/1439 917/133/1440 2129/133/1441
f 2047/133/1442 2039/133/1416 873/133/1419 1331/133/1443
f 2051/133/1444 2040/133/1445 872/133/1446 1523/133/1447
f 2044/133/1448 2041/133/1420 913/133/1423 888/133/1449
f 2054/133/1450 2063/133/1451 914/133/1452 1697/133/1453
f 1618/133/1201 757/133/1200 754/133/1454 1619/133/1455
f 1511/133/1391 715/133/1390 687/133/1456 1512/133/1457
f 1512/133/1457 687/133/1456 665/133/1458 1513/133/1459
f 831/133/1382 558/133/1191 746/133/1207 847/133/1460
f 847/133/1460 746/133/1207 748/133/1210 848/133/1461
f 1510/133/1398 669/133/1263 721/133/1259 1514/133/1462
f 1514/133/1462 721/133/1259 736/133/1262 1515/133/1463
f 645/133/1187 605/133/1177 740/133/1233 654/133/1464
f 654/133/1464 740/133/1233 744/133/1236 661/133/1465
f 1308/133/1386 781/133/1385 703/133/1466 1320/133/1467
f 1320/133/1467 703/133/1466 684/133/1468 1321/133/1469
f 2468/133/1397 569/133/1396 555/133/1470 2469/133/1471
f 2469/133/1471 555/133/1470 646/133/1472 2470/133/1473
f 834/133/1381 645/133/1187 654/133/1464 849/133/1474
f 849/133/1474 654/133/1464 661/133/1465 850/133/1475
f 1678/133/1389 782/133/1388 786/133/1476 1687/133/1477
f 1687/133/1477 786/133/1476 785/133/1478 1688/133/1479
f 1803/133/1395 702/133/1394 776/133/1480 1828/133/1481
f 1828/133/1481 776/133/1480 778/133/1482 1829/133/1483
f 781/133/1385 559/133/1393 649/133/1484 703/133/1466
f 703/133/1466 649/133/1484 653/133/1485 684/133/1468
f 2246/133/1486 2245/133/1487 818/133/1371 819/133/1405
f 2253/133/1488 2246/133/1486 819/133/1405 2120/133/1404
f 2249/133/1489 2247/133/1490 820/133/1403 1322/133/1402
f 2251/133/1491 2244/133/1492 817/133/1399 1689/133/1401
f 2244/133/1492 2231/133/1493 815/133/1400 817/133/1399
f 2243/133/1494 814/133/1353 818/133/1371 2245/133/1487
f 755/133/1343 813/133/1495 816/133/1496 772/133/1360
f 2242/133/1497 812/133/1318 814/133/1353 2243/133/1494
f 733/133/1325 811/133/1498 813/133/1495 755/133/1343
f 2241/133/1499 810/133/1283 812/133/1318 2242/133/1497
f 719/133/1294 809/133/1500 811/133/1498 733/133/1325
f 2240/133/1501 808/133/1245 810/133/1283 2241/133/1499
f 699/133/1256 807/133/1502 809/133/1500 719/133/1294
f 2239/133/1503 806/133/1230 808/133/1245 2240/133/1501
f 685/133/1204 805/133/1504 807/133/1502 699/133/1256
f 2238/133/1505 804/133/1107 806/133/1230 2239/133/1503
f 666/133/1063 803/133/1506 805/133/1504 685/133/1204
f 2237/133/1507 2222/133/1508 795/133/1173 802/133/1162
f 2235/133/1509 2223/133/1510 796/133/1161 800/133/1106
f 2250/133/1511 2221/133/1512 794/133/1170 1690/133/1172
f 2220/133/1513 2233/133/1514 798/133/1171 793/133/1155
f 2221/133/1512 2234/133/1515 799/133/1156 794/133/1170
f 2252/133/1516 2236/133/1517 801/133/1167 2121/133/1166
f 624/133/1062 797/133/1157 803/133/1506 666/133/1063
f 2223/133/1510 2237/133/1507 802/133/1162 796/133/1161
f 2234/133/1515 2224/133/1163 797/133/1157 799/133/1156
f 2248/133/1518 2220/133/1513 793/133/1155 1323/133/1154
f 2235/133/1509 800/133/1106 804/133/1107 2238/133/1505
f 786/133/1476 849/133/1474 850/133/1475 785/133/1478
f 782/133/1388 834/133/1381 849/133/1474 786/133/1476
f 787/133/1276 847/133/1460 848/133/1461 788/133/1277
f 663/133/1180 831/133/1382 847/133/1460 787/133/1276
f 2043/133/1519 2060/133/1520 871/133/1521 925/133/1522
f 2060/133/1520 2042/133/1430 889/133/1433 871/133/1521
f 759/133/1179 846/133/1362 831/133/1382 663/133/1180
f 766/133/1369 845/133/1358 834/133/1381 782/133/1388
f 739/133/1351 844/133/1346 846/133/1362 759/133/1179
f 749/133/1349 843/133/1335 845/133/1358 766/133/1369
f 2053/133/1523 2065/133/1524 891/133/1525 1621/133/1526
f 723/133/1313 842/133/1327 844/133/1346 739/133/1351
f 729/133/1311 841/133/1324 843/133/1335 749/133/1349
f 705/133/1280 840/133/1296 842/133/1327 723/133/1313
f 714/133/1278 839/133/1293 841/133/1324 729/133/1311
f 2004/133/1527 2005/133/1528 1982/133/1529 1986/133/1530
f 689/133/1243 838/133/1258 840/133/1296 705/133/1280
f 697/133/1239 837/133/1255 839/133/1293 714/133/1278
f 672/133/1229 836/133/1206 838/133/1258 689/133/1243
f 680/133/1227 835/133/1202 837/133/1255 697/133/1239
f 655/133/1158 833/133/1095 836/133/1206 672/133/1229
f 660/133/1164 832/133/1137 835/133/1202 680/133/1227
f 2063/133/1451 2043/133/1519 925/133/1522 914/133/1452
f 2064/133/1428 2038/133/1412 890/133/1415 924/133/1429
f 2050/133/1531 2044/133/1448 888/133/1449 1524/133/1532
f 595/133/1108 592/133/1120 823/133/1150 830/133/1134
f 591/133/1119 594/133/1109 824/133/1133 828/133/1092
f 1680/133/1118 589/133/1116 822/133/1144 1691/133/1148
f 587/133/1102 588/133/1117 826/133/1146 821/133/1124
f 589/133/1116 590/133/1105 827/133/1127 822/133/1144
f 2111/133/1113 593/133/1112 829/133/1139 2122/133/1138
f 611/133/1129 825/133/1128 832/133/1137 660/133/1164
f 594/133/1109 595/133/1108 830/133/1134 824/133/1133
f 590/133/1105 598/133/1104 825/133/1128 827/133/1127
f 1312/133/1103 587/133/1102 821/133/1124 1324/133/1123
f 591/133/1119 828/133/1092 833/133/1095 655/133/1158
f 402/133/737 865/133/742 852/133/762 247/133/763
f 1467/133/736 1516/133/739 865/133/742 402/133/737
f 1555/133/714 1585/133/717 864/133/720 395/133/715
f 1777/133/692 1807/133/695 863/133/698 388/133/693
f 240/133/479 851/133/476 860/133/573 344/133/570
f 1861/133/552 1875/133/555 3337/133/558 2785/133/553
f 2405/133/530 2419/133/533 862/133/536 358/133/531
f 1455/133/508 1517/133/511 861/133/514 351/133/509
f 1666/133/478 1692/133/473 851/133/476 240/133/479
f 5247/133/442 5267/133/443 853/133/342 295/133/339
f 330/133/412 858/133/417 859/133/431 337/133/428
f 1296/133/411 1325/133/414 858/133/417 330/133/412
f 2095/133/389 2123/133/392 857/133/395 323/133/390
f 309/133/358 855/133/361 856/133/375 316/133/372
f 302/133/340 854/133/345 855/133/361 309/133/358
f 295/133/339 853/133/342 854/133/345 302/133/340
f 1950/133/1533 1938/133/1534 907/133/1535 1064/133/1536
f 1946/133/1537 1950/133/1533 1064/133/1536 1065/133/1538
f 1945/133/1539 1940/133/1540 922/133/1541 918/133/1542
f 1944/133/1543 1952/133/1544 1053/133/1545 869/133/1546
f 1975/133/1547 1941/133/1548 1104/133/1549 1590/133/1550
f 1973/133/1551 1939/133/1552 921/133/1553 1535/133/1554
f 1965/133/1555 1944/133/1543 869/133/1546 870/133/1556
f 1972/133/1557 1946/133/1537 1065/133/1538 1518/133/1558
f 1947/133/1559 1945/133/1539 918/133/1542 919/133/1560
f 1969/133/1561 1942/133/1562 1132/133/1563 1327/133/1564
f 2494/133/1565 1949/133/1566 899/133/1567 2483/133/1568
f 1966/133/1569 1947/133/1559 919/133/1560 900/133/1570
f 1976/133/1571 1951/133/1572 911/133/1573 1693/133/1574
f 1978/133/1575 1943/133/1576 1134/133/1577 1809/133/1578
f 1942/133/1562 1948/133/1579 897/133/1580 1132/133/1563
f 1346/133/1581 1130/133/1582 1131/133/1583 1327/133/1564
f 1713/133/1584 887/133/1585 897/133/1580 1693/133/1574
f 887/133/1585 905/133/1586 1132/133/1563 897/133/1580
f 1063/133/1587 1064/133/1536 907/133/1535 906/133/1588
f 2142/133/1589 1063/133/1587 906/133/1588 2126/133/1590
f 1344/133/1591 1055/133/1592 903/133/1593 1328/133/1594
f 1711/133/1595 923/133/1596 908/133/1597 1694/133/1598
f 923/133/1596 1051/133/1599 920/133/1600 908/133/1597
f 1852/133/1601 1845/133/1602 1145/133/1603 1710/133/1604
f 1732/133/1605 1586/133/1606 1096/133/1607 1695/133/1608
f 1730/133/1609 1522/133/1610 1094/133/1611 1696/133/1612
f 1696/133/1612 1094/133/1611 923/133/1596 1711/133/1595
f 1980/133/1613 4445/133/1614 3372/133/1615 1923/133/1616
f 1094/133/1611 1093/133/1617 1051/133/1599 923/133/1596
f 925/133/1522 871/133/1521 1023/133/1618 1049/133/1619
f 1524/133/1532 888/133/1449 1024/133/1620 1526/133/1621
f 1831/133/1437 896/133/1436 1031/133/1622 1833/133/1623
f 873/133/1419 868/133/1418 1022/133/1624 1032/133/1625
f 913/133/1423 915/133/1422 1036/133/1626 1014/133/1627
f 1698/133/1628 997/133/1629 1046/133/1630 1701/133/1631
f 924/133/1429 890/133/1415 1030/133/1632 1048/133/1633
f 915/133/1422 924/133/1429 1048/133/1633 1036/133/1626
f 2129/133/1441 917/133/1440 1037/133/1634 2132/133/1635
f 1954/133/1636 999/133/1637 1050/133/1638 1956/133/1639
f 1523/133/1447 872/133/1446 1035/133/1640 1525/133/1641
f 1697/133/1453 914/133/1452 1013/133/1642 1700/133/1643
f 1953/133/1644 993/133/1645 1042/133/1646 1955/133/1647
f 1621/133/1526 891/133/1525 1033/133/1648 1622/133/1649
f 914/133/1452 925/133/1522 1049/133/1619 1013/133/1642
f 994/133/1650 992/133/1651 1041/133/1652 1043/133/1653
f 890/133/1415 916/133/1414 1008/133/1654 1030/133/1632
f 2477/133/1427 867/133/1426 1020/133/1655 2478/133/1656
f 2130/133/1657 994/133/1650 1043/133/1653 2133/133/1658
f 889/133/1433 880/133/1432 1034/133/1659 1025/133/1660
f 1331/133/1443 873/133/1419 1032/133/1625 1334/133/1661
f 1332/133/1662 995/133/1663 1044/133/1664 1335/133/1665
f 888/133/1449 913/133/1423 1014/133/1627 1024/133/1620
f 871/133/1521 889/133/1433 1025/133/1660 1023/133/1618
f 997/133/1629 996/133/1666 1045/133/1667 1046/133/1630
f 1927/133/1668 1926/133/1669 996/133/1666 997/133/1629
f 1930/133/1670 1925/133/1671 995/133/1663 1332/133/1662
f 2168/133/1672 1924/133/1673 994/133/1650 2130/133/1657
f 1924/133/1673 1922/133/1674 992/133/1651 994/133/1650
f 1810/133/1675 998/133/1676 1047/133/1677 1832/133/1678
f 1979/133/1679 1954/133/1636 992/133/1651 1922/133/1674
f 1934/133/1680 1927/133/1668 997/133/1629 1698/133/1628
f 1816/133/1681 1830/133/1682 991/133/1683 939/133/1684
f 1892/133/1685 1921/133/1686 990/133/1687 951/133/1688
f 2066/133/1689 2045/133/1690 998/133/1676 1810/133/1675
f 1873/133/1691 988/133/1692 989/133/1693 1874/133/1694
f 1917/133/1695 984/133/1696 988/133/1692 1873/133/1691
f 2068/133/1697 2046/133/1698 999/133/1637 1876/133/1699
f 1914/133/1700 981/133/1701 984/133/1696 1917/133/1695
f 1906/133/1702 972/133/1703 981/133/1701 1914/133/1700
f 1801/133/1704 982/133/1705 980/133/1706 1799/133/1707
f 1793/133/1708 974/133/1709 982/133/1705 1801/133/1704
f 1912/133/1710 979/133/1711 972/133/1703 1906/133/1702
f 1802/133/1712 983/133/1713 974/133/1709 1793/133/1708
f 1905/133/1714 971/133/1715 979/133/1711 1912/133/1710
f 1795/133/1716 976/133/1717 983/133/1713 1802/133/1712
f 1911/133/1718 978/133/1719 971/133/1715 1905/133/1714
f 1804/133/1720 985/133/1721 986/133/1722 1805/133/1723
f 1805/133/1723 986/133/1722 987/133/1724 1806/133/1725
f 1792/133/1726 973/133/1727 976/133/1717 1795/133/1716
f 1904/133/1728 969/133/1729 978/133/1719 1911/133/1718
f 1794/133/1730 975/133/1731 973/133/1727 1792/133/1726
f 1910/133/1732 977/133/1733 969/133/1729 1904/133/1728
f 1799/133/1707 980/133/1706 985/133/1721 1804/133/1720
f 1903/133/1734 968/133/1735 977/133/1733 1910/133/1732
f 1787/133/1736 1827/133/1737 970/133/1738 967/133/1739
f 1787/133/1736 967/133/1739 975/133/1731 1794/133/1730
f 1899/133/1740 1901/133/1741 966/133/1742 961/133/1743
f 1824/133/1744 1826/133/1745 965/133/1746 963/133/1747
f 1865/133/1748 947/133/1749 968/133/1735 1903/133/1734
f 1773/133/1750 946/133/1751 970/133/1738 1827/133/1737
f 1826/133/1745 1825/133/1752 964/133/1753 965/133/1746
f 1901/133/1741 1900/133/1754 962/133/1755 966/133/1742
f 1857/133/1756 1899/133/1740 961/133/1743 928/133/1757
f 2392/133/1758 1823/133/1759 960/133/1760 4904/133/1761
f 2394/133/1762 1898/133/1763 959/133/1764 2383/133/1765
f 2566/133/1766 1822/133/1767 958/133/1768 2556/133/1769
f 1817/133/1770 1821/133/1771 957/133/1772 940/133/1773
f 2568/133/1774 1897/133/1775 956/133/1776 2557/133/1777
f 1893/133/1778 1896/133/1779 955/133/1780 952/133/1781
f 1900/133/1754 1889/133/1782 948/133/1783 962/133/1755
f 1931/133/1784 1877/133/1785 926/133/1786 1649/133/1787
f 1894/133/1788 1895/133/1789 954/133/1790 953/133/1791
f 2632/133/1792 1894/133/1788 953/133/1791 2620/133/1793
f 1921/133/1686 1893/133/1778 952/133/1781 990/133/1687
f 1898/133/1763 1892/133/1685 951/133/1688 959/133/1764
f 5389/133/1794 5196/133/1795 5419/133/1796 5443/133/1797
f 1889/133/1782 1890/133/1798 949/133/1799 948/133/1783
f 1885/133/1800 943/133/1801 947/133/1749 1865/133/1748
f 1824/133/1744 963/133/1747 946/133/1751 1773/133/1750
f 5284/133/1802 1857/133/1756 928/133/1757 5268/133/1803
f 1886/133/1804 1887/133/1805 945/133/1806 944/133/1807
f 1885/133/1800 1886/133/1804 944/133/1807 943/133/1801
f 1825/133/1752 1813/133/1808 936/133/1809 964/133/1753
f 1850/133/1810 1811/133/288 927/133/1811 1650/133/1812
f 1818/133/1813 1819/133/1814 942/133/1815 941/133/1816
f 2630/133/1817 1818/133/1813 941/133/1816 2621/133/1818
f 1830/133/1682 1817/133/1770 940/133/1773 991/133/1683
f 1823/133/1759 1816/133/1681 939/133/1684 960/133/1760
f 5201/133/1819 1815/133/1820 938/133/1821 5192/133/1822
f 1813/133/1808 1814/133/1823 937/133/1824 936/133/1809
f 5283/133/1825 1878/133/1826 929/133/1827 5269/133/1828
f 1933/133/1829 1856/133/584 927/133/1811 1699/133/1830
f 1883/133/1831 1884/133/1832 935/133/1833 934/133/1834
f 1929/133/1835 1883/133/1831 934/133/1834 1333/133/1836
f 2167/133/1837 1882/133/1838 933/133/1839 2131/133/1840
f 1880/133/1841 1881/133/1842 932/133/1843 931/133/1844
f 1879/133/1845 1880/133/1841 931/133/1844 930/133/1846
f 1878/133/1826 1879/133/1845 930/133/1846 929/133/1827
f 2478/133/1656 1020/133/1655 881/133/1847 2479/133/1848
f 2133/133/1658 1043/133/1653 1069/133/1849 2135/133/1850
f 1025/133/1660 1034/133/1659 1059/133/1851 874/133/1852
f 1334/133/1661 1032/133/1625 1057/133/1853 1336/133/1854
f 1335/133/1665 1044/133/1664 1070/133/1855 1337/133/1856
f 1024/133/1620 1014/133/1627 893/133/1857 875/133/1858
f 1023/133/1618 1025/133/1660 874/133/1852 877/133/1859
f 1046/133/1630 1045/133/1667 1071/133/1860 1072/133/1861
f 1832/133/1678 1047/133/1677 1073/133/1862 1834/133/1863
f 1526/133/1621 1024/133/1620 875/133/1858 1528/133/1864
f 1833/133/1623 1031/133/1622 1056/133/1865 1835/133/1866
f 1014/133/1627 1036/133/1626 1061/133/1867 893/133/1857
f 1701/133/1631 1046/133/1630 1072/133/1861 1703/133/1868
f 1049/133/1619 1023/133/1618 877/133/1859 1075/133/1869
f 1036/133/1626 1048/133/1633 1074/133/1870 1061/133/1867
f 1032/133/1625 1022/133/1624 878/133/1871 1057/133/1853
f 2132/133/1635 1037/133/1634 1062/133/1872 2134/133/1873
f 1956/133/1639 1050/133/1638 1076/133/1874 1958/133/1875
f 1048/133/1633 1030/133/1632 1054/133/1876 1074/133/1870
f 1525/133/1641 1035/133/1640 1060/133/1877 1527/133/1878
f 1700/133/1643 1013/133/1642 894/133/1879 1702/133/1880
f 1955/133/1647 1042/133/1646 1068/133/1881 1957/133/1882
f 1622/133/1649 1033/133/1648 1058/133/1883 1623/133/1884
f 1013/133/1642 1049/133/1619 1075/133/1869 894/133/1879
f 1043/133/1653 1041/133/1652 1067/133/1885 1069/133/1849
f 1030/133/1632 1008/133/1654 904/133/1886 1054/133/1876
f 2337/133/1887 2316/133/1888 1084/133/1889 2137/133/1890
f 2297/133/1891 2308/133/1892 1015/133/1893 1005/133/1894
f 2323/133/1895 2304/133/1896 1011/133/1897 1338/133/1898
f 2322/133/1899 2296/133/1900 1085/133/1901 1339/133/1902
f 2299/133/1903 2300/133/1904 1079/133/1905 1004/133/1906
f 2302/133/1907 2297/133/1891 1005/133/1894 1001/133/1908
f 2301/133/1909 2298/133/1910 1086/133/1911 1087/133/1912
f 2333/133/1913 2310/133/1914 1088/133/1915 1836/133/1916
f 2327/133/1917 2299/133/1903 1004/133/1906 1530/133/1918
f 2332/133/1919 2312/133/1920 1010/133/1921 1837/133/1922
f 2300/133/1904 2303/133/1923 1018/133/1924 1079/133/1905
f 2331/133/1925 2301/133/1909 1087/133/1912 1705/133/1926
f 2315/133/1927 2302/133/1907 1001/133/1908 1090/133/1928
f 2303/133/1923 2307/133/1929 1089/133/1930 1018/133/1924
f 2304/133/1896 2309/133/1931 1000/133/1932 1011/133/1897
f 2336/133/1933 2305/133/1934 1019/133/1935 2136/133/1936
f 2335/133/1937 2306/133/1938 1091/133/1939 1960/133/1940
f 2307/133/1929 2318/133/1941 1009/133/1942 1089/133/1930
f 2326/133/1943 2320/133/1944 1016/133/1945 1529/133/1946
f 2330/133/1947 2314/133/1948 1080/133/1949 1704/133/1950
f 2334/133/1951 2311/133/1952 1040/133/1953 1959/133/1954
f 2329/133/1955 2313/133/1956 1012/133/1957 1624/133/1958
f 2314/133/1948 2315/133/1927 1090/133/1928 1080/133/1949
f 2316/133/1888 2317/133/1959 1039/133/1960 1084/133/1889
f 2318/133/1941 2319/133/1961 1082/133/1962 1009/133/1942
f 2504/133/1963 2321/133/1964 1077/133/1965 2480/133/1966
f 1005/133/1894 1015/133/1893 1100/133/1967 876/133/1968
f 1338/133/1898 1011/133/1897 1098/133/1969 1340/133/1970
f 1339/133/1902 1085/133/1901 1111/133/1971 1341/133/1972
f 1004/133/1906 1079/133/1905 901/133/1973 879/133/1974
f 1001/133/1908 1005/133/1894 876/133/1968 883/133/1975
f 1087/133/1912 1086/133/1911 1112/133/1976 1113/133/1977
f 1836/133/1916 1088/133/1915 1114/133/1978 1838/133/1979
f 1530/133/1918 1004/133/1906 879/133/1974 1532/133/1980
f 1837/133/1922 1010/133/1921 1097/133/1981 1839/133/1982
f 1079/133/1905 1018/133/1924 1102/133/1983 901/133/1973
f 1705/133/1926 1087/133/1912 1113/133/1977 1707/133/1984
f 1090/133/1928 1001/133/1908 883/133/1975 1116/133/1985
f 1018/133/1924 1089/133/1930 1115/133/1986 1102/133/1983
f 1011/133/1897 1000/133/1932 884/133/1987 1098/133/1969
f 2136/133/1936 1019/133/1935 1103/133/1988 2138/133/1989
f 1960/133/1940 1091/133/1939 1117/133/1990 1962/133/1991
f 1089/133/1930 1009/133/1942 1095/133/1992 1115/133/1986
f 1529/133/1946 1016/133/1945 1101/133/1993 1531/133/1994
f 1704/133/1950 1080/133/1949 902/133/1995 1706/133/1996
f 1959/133/1954 1040/133/1953 1109/133/1997 1961/133/1998
f 1624/133/1958 1012/133/1957 1099/133/1999 1625/133/2000
f 1080/133/1949 1090/133/1928 1116/133/1985 902/133/1995
f 1084/133/1889 1039/133/1960 1108/133/2001 1110/133/2002
f 1009/133/1942 1082/133/1962 912/133/2003 1095/133/1992
f 2480/133/1966 1077/133/1965 886/133/2004 2481/133/2005
f 2137/133/1890 1084/133/1889 1110/133/2002 2139/133/2006
f 2254/133/2007 2265/133/2008 1028/133/2009 1007/133/2010
f 2281/133/2011 2261/133/2012 1026/133/2013 1342/133/2014
f 2280/133/2015 2278/133/2016 1123/133/2017 1343/133/2018
f 2256/133/2019 2257/133/2020 1119/133/2021 1006/133/2022
f 2259/133/2023 2254/133/2007 1007/133/2010 1003/133/2024
f 2258/133/2025 2255/133/2026 1124/133/2027 1125/133/2028
f 2291/133/2029 2267/133/2030 1126/133/2031 1840/133/2032
f 2285/133/2033 2256/133/2019 1006/133/2022 1534/133/2034
f 2290/133/2035 2269/133/2036 1021/133/2037 1841/133/2038
f 2257/133/2020 2260/133/2039 1038/133/2040 1119/133/2021
f 2289/133/2041 2258/133/2025 1125/133/2028 1709/133/2042
f 2272/133/2043 2259/133/2023 1003/133/2024 1128/133/2044
f 2260/133/2039 2264/133/2045 1127/133/2046 1038/133/2040
f 2261/133/2012 2266/133/2047 1002/133/2048 1026/133/2013
f 2295/133/2049 2262/133/2050 1078/133/2051 2140/133/2052
f 2293/133/2053 2263/133/2054 1129/133/2055 1964/133/2056
f 2264/133/2045 2274/133/2057 1017/133/2058 1127/133/2046
f 2284/133/2059 2276/133/2060 1029/133/2061 1533/133/2062
f 2288/133/2063 2271/133/2064 1120/133/2065 1708/133/2066
f 2292/133/2067 2268/133/2068 1083/133/2069 1963/133/2070
f 2287/133/2071 2270/133/2072 1027/133/2073 1626/133/2074
f 2271/133/2064 2272/133/2043 1128/133/2044 1120/133/2065
f 2279/133/2075 2273/133/2076 1081/133/2077 1122/133/2078
f 2274/133/2057 2275/133/2079 1121/133/2080 1017/133/2058
f 2502/133/2081 2277/133/2082 1118/133/2083 2482/133/2084
f 2294/133/2085 2279/133/2075 1122/133/2078 2141/133/2086
f 1342/133/2014 1026/133/2013 1136/133/2087 1345/133/2088
f 1343/133/2018 1123/133/2017 1149/133/2089 1347/133/2090
f 1006/133/2022 1119/133/2021 909/133/2091 885/133/2092
f 1003/133/2024 1007/133/2010 882/133/2093 892/133/2094
f 1125/133/2028 1124/133/2027 1150/133/2095 1151/133/2096
f 1840/133/2032 1126/133/2031 1152/133/2097 1846/133/2098
f 1534/133/2034 1006/133/2022 885/133/2092 1537/133/2099
f 1841/133/2038 1021/133/2037 1135/133/2100 1847/133/2101
f 1119/133/2021 1038/133/2040 1140/133/2102 909/133/2091
f 1709/133/2042 1125/133/2028 1151/133/2096 1714/133/2103
f 1128/133/2044 1003/133/2024 892/133/2094 1154/133/2104
f 1038/133/2040 1127/133/2046 1153/133/2105 1140/133/2102
f 1026/133/2013 1002/133/2048 895/133/2106 1136/133/2087
f 2140/133/2052 1078/133/2051 1141/133/2107 2143/133/2108
f 1964/133/2056 1129/133/2055 1155/133/2109 1968/133/2110
f 1127/133/2046 1017/133/2058 1133/133/2111 1153/133/2105
f 1533/133/2062 1029/133/2061 1139/133/2112 1536/133/2113
f 1708/133/2066 1120/133/2065 910/133/2114 1712/133/2115
f 1963/133/2070 1083/133/2069 1147/133/2116 1967/133/2117
f 1626/133/2074 1027/133/2073 1137/133/2118 1627/133/2119
f 1120/133/2065 1128/133/2044 1154/133/2104 910/133/2114
f 1122/133/2078 1081/133/2077 1146/133/2120 1148/133/2121
f 1017/133/2058 1121/133/2080 1052/133/2122 1133/133/2111
f 2482/133/2084 1118/133/2083 898/133/2123 2484/133/2124
f 2141/133/2086 1122/133/2078 1148/133/2121 2145/133/2125
f 1007/133/2010 1028/133/2009 1138/133/2126 882/133/2093
f 2169/133/2127 1937/133/2128 1131/133/1583 2125/133/2129
f 1329/133/2130 1092/133/2131 1055/133/1592 1344/133/1591
f 2127/133/2132 1066/133/2133 1063/133/1587 2142/133/1589
f 1066/133/2133 1065/133/1538 1064/133/1536 1063/133/1587
f 1519/133/2134 1518/133/1558 1065/133/1538 1066/133/2133
f 2159/133/2135 1519/133/2134 1066/133/2133 2127/133/2132
f 1538/133/2136 1520/133/2137 1092/133/2131 1329/133/2130
f 1522/133/1610 1521/133/2138 1093/133/1617 1094/133/1611
f 1589/133/2139 1590/133/1550 1104/133/1549 1105/133/2140
f 2161/133/2141 1589/133/2139 1105/133/2140 2128/133/2142
f 1599/133/2143 1588/133/2144 1106/133/2145 1330/133/2146
f 1586/133/1606 1587/133/2147 1107/133/2148 1096/133/1607
f 1842/133/2149 1809/133/1578 1134/133/1577 1142/133/2150
f 2165/133/2151 1842/133/2149 1142/133/2150 2124/133/2152
f 1848/133/2153 1843/133/2154 1143/133/2155 1326/133/2156
f 1845/133/1602 1844/133/2157 1144/133/2158 1145/133/1603
f 2144/133/2159 866/133/2160 1053/133/1545 2125/133/2129
f 866/133/2160 870/133/1556 869/133/1546 1053/133/1545
f 906/133/1588 907/133/1535 870/133/1556 866/133/2160
f 2126/133/1590 906/133/1588 866/133/2160 2144/133/2159
f 1938/133/1534 1965/133/1555 870/133/1556 907/133/1535
f 1951/133/1572 1966/133/1569 900/133/1570 911/133/1573
f 1328/133/1594 903/133/1593 1130/133/1582 1346/133/1581
f 1694/133/1598 908/133/1597 887/133/1585 1713/133/1584
f 908/133/1597 920/133/1600 905/133/1586 887/133/1585
f 1977/133/2161 1967/133/2117 1147/133/2116 1808/133/2162
f 1157/133/1410 1158/133/1408 773/133/2163 774/133/2164
f 1180/133/1045 1174/133/1074 1192/133/2165 1204/133/2166
f 1162/133/1223 1171/133/1079 561/133/2167 742/133/2168
f 1184/133/1219 1185/133/1406 1211/133/2169 1210/133/2170
f 1179/133/1078 1183/133/1077 1209/133/2171 1203/133/2172
f 1174/133/1074 1157/133/1410 774/133/2164 1192/133/2165
f 1177/133/1041 1176/133/1050 1200/133/2173 1201/133/2174
f 1182/133/1083 1178/133/1046 1202/133/2175 1208/133/2176
f 1176/133/1050 1166/133/1049 626/133/2177 1200/133/2173
f 1172/133/1071 1175/133/1070 1198/133/2178 235/133/2179
f 1717/133/1091 1190/133/1090 1217/133/2180 1719/133/2181
f 1348/133/1122 1159/133/1121 752/133/2182 1315/133/2183
f 1189/133/1042 1177/133/1041 1201/133/2174 1216/133/2184
f 1181/133/1073 1189/133/1042 1216/133/2184 1206/133/2185
f 2146/133/1143 1156/133/1142 777/133/2186 2114/133/2187
f 1171/133/1079 1172/133/1071 235/133/2179 561/133/2167
f 2148/133/1081 1181/133/1073 1206/133/2185 2150/133/2188
f 1715/133/1224 1162/133/1223 742/133/2168 1683/133/2189
f 1183/133/1077 1187/133/1220 1213/133/2190 1209/133/2171
f 1178/133/1046 1180/133/1045 1204/133/2166 1202/133/2175
f 1350/133/1087 1188/133/1086 1214/133/2191 1352/133/2192
f 1158/133/1408 1161/133/1407 747/133/2193 773/133/2163
f 1185/133/1406 1186/133/1411 1212/133/2194 1211/133/2169
f 1190/133/1090 1168/133/1101 584/133/2195 1217/133/2180
f 1159/133/1121 1160/133/1409 750/133/2196 752/133/2182
f 1166/133/1049 1182/133/1083 1208/133/2176 626/133/2177
f 1187/133/1220 1184/133/1219 1210/133/2170 1213/133/2190
f 1175/133/1070 1179/133/1078 1203/133/2172 1198/133/2178
f 774/133/2164 773/133/2163 1223/133/2197 1170/133/2198
f 1315/133/2183 752/133/2182 1221/133/2199 1349/133/2200
f 1210/133/2170 1211/133/2169 1234/133/2201 1233/133/2202
f 1203/133/2172 1209/133/2171 1232/133/2203 1228/133/2204
f 1201/133/2174 1200/133/2173 1225/133/2205 1226/133/2206
f 1208/133/2176 1202/133/2175 1227/133/2207 1231/133/2208
f 561/133/2167 235/133/2179 1167/133/2209 1173/133/2210
f 1200/133/2173 626/133/2177 1163/133/2211 1225/133/2205
f 235/133/2179 1198/133/2178 1224/133/2212 1167/133/2209
f 1719/133/2181 1217/133/2180 1239/133/2213 1720/133/2214
f 752/133/2182 750/133/2196 1219/133/2215 1221/133/2199
f 1216/133/2184 1201/133/2174 1226/133/2206 1238/133/2216
f 1206/133/2185 1216/133/2184 1238/133/2216 1230/133/2217
f 2150/133/2188 1206/133/2185 1230/133/2217 2151/133/2218
f 742/133/2168 561/133/2167 1173/133/2210 1165/133/2219
f 1209/133/2171 1213/133/2190 1236/133/2220 1232/133/2203
f 1202/133/2175 1204/133/2166 1229/133/2221 1227/133/2207
f 1352/133/2192 1214/133/2191 1237/133/2222 1353/133/2223
f 1211/133/2169 1212/133/2194 1235/133/2224 1234/133/2201
f 1683/133/2189 742/133/2168 1165/133/2219 1716/133/2225
f 1217/133/2180 584/133/2195 1164/133/2226 1239/133/2213
f 626/133/2177 1208/133/2176 1231/133/2208 1163/133/2211
f 2114/133/2187 777/133/2186 1222/133/2227 2147/133/2228
f 1213/133/2190 1210/133/2170 1233/133/2202 1236/133/2220
f 1198/133/2178 1203/133/2172 1228/133/2204 1224/133/2212
f 773/133/2163 747/133/2193 1220/133/2229 1223/133/2197
f 1204/133/2166 1192/133/2165 1169/133/2230 1229/133/2221
f 1192/133/2165 774/133/2164 1170/133/2198 1169/133/2230
f 1226/133/2206 1225/133/2205 1249/133/1030 1250/133/1034
f 1173/133/2210 1167/133/2209 565/133/2231 578/133/2232
f 1231/133/2208 1227/133/2207 1251/133/2233 1257/133/1016
f 1349/133/2200 1221/133/2199 1197/133/1036 1351/133/1035
f 1225/133/2205 1163/133/2211 681/133/1018 1249/133/1030
f 1167/133/2209 1224/133/2212 1247/133/2234 565/133/2231
f 1720/133/2214 1239/133/2213 1266/133/2235 1726/133/2236
f 2147/133/2228 1222/133/2227 1218/133/2237 2149/133/2238
f 1238/133/2216 1226/133/2206 1250/133/1034 1265/133/2239
f 1716/133/2225 1165/133/2219 1194/133/2240 1718/133/2241
f 1230/133/2217 1238/133/2216 1265/133/2239 1255/133/2242
f 1223/133/2197 1220/133/2229 1195/133/2243 1205/133/2244
f 2151/133/2218 1230/133/2217 1255/133/2242 2156/133/2245
f 1232/133/2203 1236/133/2220 1262/133/1014 1258/133/595
f 1227/133/2207 1229/133/2221 1253/133/2246 1251/133/2233
f 1221/133/2199 1219/133/2215 1196/133/2247 1197/133/1036
f 1353/133/2223 1237/133/2222 1263/133/2248 1357/133/2249
f 1234/133/2201 1235/133/2224 1261/133/2250 1260/133/2251
f 1239/133/2213 1164/133/2226 652/133/2252 1266/133/2235
f 1163/133/2211 1231/133/2208 1257/133/1016 681/133/1018
f 1165/133/2219 1173/133/2210 578/133/2232 1194/133/2240
f 1236/133/2220 1233/133/2202 1259/133/1027 1262/133/1014
f 1224/133/2212 1228/133/2204 1252/133/594 1247/133/2234
f 1169/133/2230 1170/133/2198 1207/133/2253 1241/133/2254
f 1229/133/2221 1169/133/2230 1241/133/2254 1253/133/2246
f 1233/133/2202 1234/133/2201 1260/133/2251 1259/133/1027
f 1170/133/2198 1223/133/2197 1205/133/2244 1207/133/2253
f 1228/133/2204 1232/133/2203 1258/133/595 1252/133/594
f 1254/133/1004 1243/133/2255 2185/133/2256 2186/133/1005
f 2109/133/1019 2153/133/2257 2177/133/2258 2175/133/2259
f 708/133/2260 1248/133/995 2077/133/998 2076/133/2261
f 1241/133/2254 706/133/2262 708/133/2260 1253/133/2246
f 2149/133/2238 1218/133/2237 1215/133/2263 2106/133/2264
f 1718/133/2241 1194/133/2240 578/133/2232 1677/133/2265
f 1205/133/2244 1195/133/2243 1193/133/2266 1207/133/2253
f 1197/133/1036 1196/133/2247 1191/133/2267 1199/133/1037
f 1241/133/2254 1207/133/2253 1193/133/2266 706/133/2262
f 2108/133/2268 2106/133/2264 1215/133/2263 1240/133/2269
f 1309/133/2270 1307/133/1038 1199/133/1037 232/133/2271
f 232/133/2271 1199/133/1037 1191/133/2267 234/133/2272
f 1679/133/2273 1677/133/2265 578/133/2232 565/133/2231
f 2108/133/2268 1240/133/2269 1245/133/2274 2152/133/2275
f 1309/133/2270 232/133/2271 1254/133/1004 1354/133/1003
f 232/133/2271 234/133/2272 1246/133/1007 1254/133/1004
f 1679/133/2273 565/133/2231 1247/133/2234 1721/133/2276
f 1243/133/2255 1254/133/1004 2195/133/1009 2193/133/2277
f 1721/133/2276 1247/133/2234 1252/133/594 1722/133/593
f 2154/133/1032 753/133/1031 1264/133/2278 2155/133/2279
f 1316/133/1025 775/133/1024 625/133/2280 1356/133/2281
f 775/133/1024 741/133/1026 1267/133/2282 625/133/2280
f 1725/133/1028 1259/133/1027 1260/133/2251 1727/133/2283
f 1250/133/1034 1256/133/1033 1255/133/2242 1265/133/2239
f 2155/133/2279 1264/133/2278 1263/133/2248 2156/133/2245
f 1356/133/2281 625/133/2280 652/133/2252 1357/133/2249
f 625/133/2280 1267/133/2282 1266/133/2235 652/133/2252
f 1727/133/2283 1260/133/2251 1261/133/2250 1726/133/2236
f 1273/133/826 1284/133/2284 1281/133/811 1282/133/810
f 5273/133/2285 1272/133/2286 1279/133/316 5271/133/457
f 1272/133/2286 1269/133/308 1283/133/317 1279/133/316
f 1284/133/2284 1287/133/2287 1280/133/456 1281/133/811
f 1276/133/822 1275/133/821 1286/133/2288 1285/133/2289
f 1285/133/2289 1286/133/2288 1287/133/2287 1284/133/2284
f 1268/133/275 1278/133/808 1270/133/309 1271/133/2290
f 1271/133/2290 1270/133/309 1269/133/308 1272/133/2286
f 5270/133/276 1268/133/275 1271/133/2290 5272/133/2291
f 5272/133/2291 1271/133/2290 1272/133/2286 5273/133/2285
f 1277/133/824 1276/133/822 1285/133/2289 1274/133/825
f 1274/133/825 1285/133/2289 1284/133/2284 1273/133/826
f 424/133/312 286/133/311 1273/133/826 1282/133/810
f 405/133/748 253/133/306 1270/133/309 1278/133/808
f 1264/133/2278 1356/133/2281 1357/133/2249 1263/133/2248
f 753/133/1031 1316/133/1025 1356/133/2281 1264/133/2278
f 1240/133/2269 1309/133/2270 1354/133/1003 1245/133/2274
f 1240/133/2269 1215/133/2263 1307/133/1038 1309/133/2270
f 1244/133/999 1245/133/2274 2180/133/2292 2179/133/2293
f 1164/133/2226 1353/133/2223 1357/133/2249 652/133/2252
f 1222/133/2227 1349/133/2200 1351/133/1035 1218/133/2237
f 584/133/2195 1352/133/2192 1353/133/2223 1164/133/2226
f 777/133/2186 1315/133/2183 1349/133/2200 1222/133/2227
f 1168/133/1101 1350/133/1087 1352/133/2192 584/133/2195
f 1156/133/1142 1348/133/1122 1315/133/2183 777/133/2186
f 920/133/1600 1328/133/1594 1346/133/1581 905/133/1586
f 1844/133/2157 1848/133/2153 1326/133/2156 1144/133/2158
f 1587/133/2147 1599/133/2143 1330/133/2146 1107/133/2148
f 1521/133/2138 1538/133/2136 1329/133/2130 1093/133/1617
f 1093/133/1617 1329/133/2130 1344/133/1591 1051/133/1599
f 1124/133/2027 1343/133/2018 1347/133/2090 1150/133/2095
f 1078/133/2051 1342/133/2014 1345/133/2088 1141/133/2107
f 2255/133/2026 2280/133/2015 1343/133/2018 1124/133/2027
f 2262/133/2050 2281/133/2011 1342/133/2014 1078/133/2051
f 1086/133/1911 1339/133/1902 1341/133/1972 1112/133/1976
f 1019/133/1935 1338/133/1898 1340/133/1970 1103/133/1988
f 2298/133/1910 2322/133/1899 1339/133/1902 1086/133/1911
f 2305/133/1934 2323/133/1895 1338/133/1898 1019/133/1935
f 1045/133/1667 1335/133/1665 1337/133/1856 1071/133/1860
f 1037/133/1634 1334/133/1661 1336/133/1854 1062/133/1872
f 1882/133/1838 1929/133/1835 1333/133/1836 933/133/1839
f 1926/133/1669 1930/133/1670 1332/133/1662 996/133/1666
f 996/133/1666 1332/133/1662 1335/133/1665 1045/133/1667
f 917/133/1440 1331/133/1443 1334/133/1661 1037/133/1634
f 1051/133/1599 1344/133/1591 1328/133/1594 920/133/1600
f 905/133/1586 1346/133/1581 1327/133/1564 1132/133/1563
f 1937/133/2128 1969/133/1561 1327/133/1564 1131/133/1583
f 323/133/390 857/133/395 1325/133/414 1296/133/411
f 593/133/1112 1312/133/1103 1324/133/1123 829/133/1139
f 2236/133/1517 2248/133/1518 1323/133/1154 801/133/1167
f 2231/133/1493 2249/133/1489 1322/133/1402 815/133/1400
f 791/133/1298 1320/133/1467 1321/133/1469 792/133/1299
f 550/133/1302 1308/133/1386 1320/133/1467 791/133/1298
f 2057/133/1439 2047/133/1442 1331/133/1443 917/133/1440
f 815/133/1400 1322/133/1402 1318/133/1374 771/133/1378
f 764/133/1380 1317/133/1383 1308/133/1386 550/133/1302
f 771/133/1378 1318/133/1374 1319/133/1084 710/133/1100
f 801/133/1167 1323/133/1154 1314/133/1096 616/133/1066
f 829/133/1139 1324/133/1123 1313/133/1126 603/133/1140
f 260/133/1067 1289/133/1097 1348/133/1122 1156/133/1142
f 380/133/633 1300/133/608 1312/133/1103 593/133/1112
f 616/133/1066 1314/133/1096 1289/133/1097 260/133/1067
f 710/133/1100 1319/133/1084 1350/133/1087 1168/133/1101
f 1218/133/2237 1351/133/1035 1307/133/1038 1215/133/2263
f 738/133/1020 1311/133/1023 1316/133/1025 753/133/1031
f 583/133/1000 1310/133/1022 1311/133/1023 738/133/1020
f 583/133/1000 1244/133/999 2179/133/2293 2178/133/2294
f 509/133/632 535/133/982 1306/133/985 1304/133/605
f 535/133/982 510/133/495 1305/133/493 1306/133/985
f 2374/133/933 492/133/391 1303/133/410 2384/133/931
f 2547/133/901 469/133/900 1302/133/895 2558/133/894
f 324/133/394 468/133/897 1301/133/893 1297/133/415
f 509/133/632 1304/133/605 1300/133/608 380/133/633
f 510/133/495 320/133/383 1293/133/402 1305/133/493
f 1630/133/461 255/133/304 1288/133/303 1651/133/462
f 325/133/398 326/133/401 1299/133/422 1298/133/419
f 2610/133/399 325/133/398 1298/133/419 2622/133/418
f 857/133/395 324/133/394 1297/133/415 1325/133/414
f 492/133/391 323/133/390 1296/133/411 1303/133/410
f 5180/133/387 322/133/386 1295/133/407 5193/133/406
f 320/133/383 321/133/382 1294/133/403 1293/133/402
f 289/133/279 1292/133/284 1288/133/303 255/133/304
f 1449/133/278 1539/133/281 1292/133/284 289/133/279
f 1545/133/256 1600/133/259 1291/133/262 283/133/257
f 1767/133/238 1849/133/241 1290/133/244 276/133/239
f 2431/133/2295 2486/133/2296 1445/133/2297 1365/133/2298
f 2473/133/2299 2485/133/2300 1444/133/2301 1425/133/2302
f 2472/133/2303 2473/133/2299 1425/133/2302 1424/133/2304
f 2485/133/2300 2474/133/2305 1426/133/2306 1444/133/2301
f 2500/133/2307 2475/133/2308 1427/133/2309 2157/133/2310
f 2475/133/2308 2476/133/2311 1428/133/2312 1427/133/2309
f 1596/133/2313 1440/133/2314 1443/133/2315 1598/133/2316
f 2425/133/2317 1439/133/2318 1442/133/2319 2426/133/2320
f 2286/133/2321 2282/133/2322 1440/133/2314 1596/133/2313
f 2501/133/2323 2283/133/2324 1439/133/2318 2425/133/2317
f 1594/133/2325 1436/133/2326 1438/133/2327 1595/133/2328
f 2423/133/2329 1435/133/2330 1437/133/2331 2424/133/2332
f 2328/133/2333 2324/133/2334 1436/133/2326 1594/133/2325
f 2503/133/2335 2325/133/2336 1435/133/2330 2423/133/2329
f 2421/133/2337 1431/133/2338 1433/133/2339 2422/133/2340
f 1592/133/2341 1432/133/2342 1434/133/2343 1593/133/2344
f 1591/133/2345 1430/133/2346 1432/133/2342 1592/133/2341
f 2420/133/2347 1429/133/2348 1431/133/2338 2421/133/2337
f 2490/133/2349 2472/133/2303 1424/133/2304 1728/133/2350
f 1974/133/2351 1970/133/2352 1441/133/2353 1597/133/2354
f 2493/133/2355 1971/133/2356 1428/133/2312 2476/133/2311
f 1606/133/2357 1620/133/2358 1423/133/2359 1371/133/2360
f 2441/133/2361 2471/133/2362 1422/133/2363 1383/133/2364
f 2497/133/2365 2048/133/2366 1429/133/2348 2420/133/2347
f 1583/133/2367 1420/133/2368 1421/133/2369 1584/133/2370
f 1582/133/2371 1417/133/2372 1420/133/2368 1583/133/2367
f 2417/133/2373 1418/133/2374 1419/133/2375 2418/133/2376
f 2052/133/2377 2049/133/2378 1430/133/2346 1591/133/2345
f 1574/133/2379 1409/133/2380 1417/133/2372 1582/133/2371
f 2455/133/2381 1403/133/2382 1414/133/2383 2465/133/2384
f 1580/133/2385 1415/133/2386 1409/133/2380 1574/133/2379
f 1573/133/2387 1408/133/2388 1415/133/2386 1580/133/2385
f 2463/133/2389 1412/133/2390 1403/133/2382 2455/133/2381
f 1578/133/2391 1413/133/2392 1408/133/2388 1573/133/2387
f 2454/133/2393 1402/133/2394 1412/133/2390 2463/133/2389
f 2462/133/2395 1411/133/2396 1402/133/2394 2454/133/2393
f 1572/133/2397 1407/133/2398 1413/133/2392 1578/133/2391
f 2453/133/2399 1401/133/2400 1411/133/2396 2462/133/2395
f 1570/133/2401 1405/133/2402 1407/133/2398 1572/133/2397
f 1571/133/2403 1406/133/2404 1405/133/2402 1570/133/2401
f 2461/133/2405 1410/133/2406 1401/133/2400 2453/133/2399
f 2467/133/2407 1416/133/2408 1418/133/2374 2417/133/2373
f 2465/133/2384 1414/133/2383 1416/133/2408 2467/133/2407
f 1565/133/2409 1399/133/2410 1406/133/2404 1571/133/2403
f 2452/133/2411 1400/133/2412 1410/133/2406 2461/133/2405
f 1565/133/2409 1617/133/2413 1404/133/2414 1399/133/2410
f 2448/133/2415 2450/133/2416 1398/133/2417 1393/133/2418
f 1614/133/2419 1616/133/2420 1397/133/2421 1395/133/2422
f 1616/133/2420 1615/133/2423 1396/133/2424 1397/133/2421
f 2450/133/2416 2449/133/2425 1394/133/2426 1398/133/2417
f 2401/133/2427 2448/133/2415 1393/133/2418 1360/133/2428
f 2389/133/2429 1613/133/2430 1392/133/2431 2385/133/2432
f 2508/133/2433 2507/133/2434 1391/133/2435 2386/133/2436
f 2563/133/2437 1612/133/2438 1390/133/2439 2559/133/2440
f 1607/133/2441 1611/133/2442 1389/133/2443 1372/133/2444
f 2571/133/2445 2446/133/2446 1388/133/2447 2560/133/2448
f 2442/133/2449 2445/133/2450 1387/133/2451 1384/133/2452
f 2449/133/2425 2438/133/2453 1380/133/2454 1394/133/2426
f 2487/133/2455 2427/133/2456 1358/133/2457 1652/133/2458
f 2443/133/2459 2444/133/2460 1386/133/2461 1385/133/2462
f 2635/133/2463 2443/133/2459 1385/133/2462 2623/133/2464
f 2471/133/2362 2442/133/2449 1384/133/2452 1422/133/2363
f 2447/133/2465 2441/133/2361 1383/133/2364 2398/133/2466
f 3434/133/2467 4381/133/2468 5414/133/2469 5409/133/2470
f 2438/133/2453 2439/133/2471 1381/133/2472 1380/133/2454
f 2409/133/2473 1376/133/2474 1400/133/2412 2452/133/2411
f 1548/133/2475 1375/133/2476 1404/133/2414 1617/133/2413
f 5287/133/2477 2401/133/2427 1360/133/2428 5274/133/2478
f 2436/133/2479 2437/133/2480 1379/133/2481 1378/133/2482
f 2435/133/2483 2436/133/2479 1378/133/2482 1377/133/2484
f 2435/133/2483 1377/133/2484 1376/133/2474 2409/133/2473
f 1614/133/2419 1395/133/2422 1375/133/2476 1548/133/2475
f 1615/133/2423 1603/133/2485 1368/133/2486 1396/133/2424
f 1656/133/2487 1601/133/292 1359/133/2488 1653/133/2489
f 1608/133/2490 1609/133/2491 1374/133/2492 1373/133/2493
f 2627/133/2494 1608/133/2490 1373/133/2493 2624/133/2495
f 1620/133/2358 1607/133/2441 1372/133/2444 1423/133/2359
f 1613/133/2430 1606/133/2357 1371/133/2360 1392/133/2431
f 5198/133/2496 1605/133/2497 1370/133/2498 5195/133/2499
f 1603/133/2485 1604/133/2500 1369/133/2501 1368/133/2486
f 5286/133/2502 2428/133/2503 1361/133/2504 5275/133/2505
f 2489/133/2506 2400/133/581 1359/133/2488 1729/133/2507
f 2432/133/2508 2433/133/2509 1367/133/2510 1366/133/2511
f 2486/133/2296 2432/133/2508 1366/133/2511 1445/133/2297
f 2499/133/2512 2431/133/2295 1365/133/2298 2158/133/2513
f 2430/133/2514 2639/133/2515 1364/133/2516 1363/133/2517
f 2429/133/2518 2430/133/2514 1363/133/2517 1362/133/2519
f 2428/133/2503 2429/133/2518 1362/133/2519 1361/133/2504
f 283/133/257 1291/133/262 1539/133/281 1449/133/278
f 1107/133/2148 1330/133/2146 1538/133/2136 1521/133/2138
f 1096/133/1607 1107/133/2148 1521/133/2138 1522/133/1610
f 1330/133/2146 1106/133/2145 1520/133/2137 1538/133/2136
f 2128/133/2142 1105/133/2140 1519/133/2134 2159/133/2135
f 1105/133/2140 1104/133/1549 1518/133/1558 1519/133/2134
f 1028/133/2009 1533/133/2062 1536/133/2113 1138/133/2126
f 1027/133/2073 1534/133/2034 1537/133/2099 1137/133/2118
f 2265/133/2008 2284/133/2059 1533/133/2062 1028/133/2009
f 2270/133/2072 2285/133/2033 1534/133/2034 1027/133/2073
f 1015/133/1893 1529/133/1946 1531/133/1994 1100/133/1967
f 1012/133/1957 1530/133/1918 1532/133/1980 1099/133/1999
f 2308/133/1892 2326/133/1943 1529/133/1946 1015/133/1893
f 2313/133/1956 2327/133/1917 1530/133/1918 1012/133/1957
f 1034/133/1659 1525/133/1641 1527/133/1878 1059/133/1851
f 1033/133/1648 1526/133/1621 1528/133/1864 1058/133/1883
f 880/133/1432 1523/133/1447 1525/133/1641 1034/133/1659
f 891/133/1525 1524/133/1532 1526/133/1621 1033/133/1648
f 1695/133/1608 1096/133/1607 1522/133/1610 1730/133/1609
f 1941/133/1548 1972/133/1557 1518/133/1558 1104/133/1549
f 1940/133/1540 1973/133/1551 1535/133/1554 922/133/1541
f 344/133/570 860/133/573 1517/133/511 1455/133/508
f 395/133/715 864/133/720 1516/133/739 1467/133/736
f 2065/133/1524 2050/133/1531 1524/133/1532 891/133/1525
f 757/133/1200 1514/133/1462 1515/133/1463 754/133/1454
f 557/133/1194 1510/133/1398 1514/133/1462 757/133/1200
f 713/133/1234 1512/133/1457 1513/133/1459 712/133/1235
f 780/133/1176 1511/133/1391 1512/133/1457 713/133/1234
f 2058/133/1431 2051/133/1444 1523/133/1447 880/133/1432
f 727/133/1193 1509/133/1366 1510/133/1398 557/133/1194
f 636/133/1175 1503/133/1364 1511/133/1391 780/133/1176
f 673/133/1330 1496/133/1352 1509/133/1366 727/133/1193
f 718/133/1332 1508/133/1348 1503/133/1364 636/133/1175
f 638/133/1307 1506/133/1321 1496/133/1352 673/133/1330
f 640/133/1309 1502/133/1306 1508/133/1348 718/133/1332
f 683/133/1303 1495/133/1292 1506/133/1321 638/133/1307
f 679/133/1272 1507/133/1275 1502/133/1306 640/133/1309
f 637/133/1270 1505/133/1248 1495/133/1292 683/133/1303
f 639/133/1246 1501/133/1238 1507/133/1275 679/133/1272
f 553/133/1211 1494/133/1199 1505/133/1248 637/133/1270
f 610/133/1214 1499/133/1222 1501/133/1238 639/133/1246
f 631/133/1132 1500/133/1160 1499/133/1222 610/133/1214
f 647/133/1110 1504/133/1099 1494/133/1199 553/133/1211
f 549/133/1060 1493/133/1055 1500/133/1160 631/133/1132
f 568/133/673 1497/133/951 1504/133/1099 647/133/1110
f 549/133/1060 577/133/963 1498/133/682 1493/133/1055
f 527/133/942 544/133/944 1492/133/947 1487/133/945
f 523/133/636 542/133/966 1491/133/952 1489/133/619
f 542/133/966 524/133/566 1490/133/591 1491/133/952
f 233/133/603 1460/133/624 1497/133/951 568/133/673
f 544/133/944 528/133/775 1488/133/773 1492/133/947
f 271/133/653 527/133/942 1487/133/945 1447/133/656
f 2377/133/919 495/133/571 1486/133/507 2387/133/924
f 2381/133/915 499/133/716 1485/133/735 2388/133/913
f 2550/133/859 475/133/858 1484/133/875 2561/133/874
f 345/133/572 474/133/855 1483/133/872 1456/133/512
f 2554/133/847 483/133/846 1482/133/841 2562/133/840
f 396/133/719 482/133/843 1481/133/839 1468/133/740
f 253/133/306 1479/133/828 1480/133/265 252/133/307
f 405/133/748 1470/133/747 1479/133/828 253/133/306
f 433/133/812 1477/133/807 1478/133/458 432/133/451
f 282/133/254 1448/133/804 1477/133/807 433/133/812
f 1643/133/325 412/133/324 1471/133/795 1654/133/794
f 5257/133/758 414/133/272 1472/133/778 5276/133/789
f 416/133/453 417/133/452 1475/133/459 1474/133/782
f 415/133/271 416/133/453 1474/133/782 1473/133/779
f 414/133/272 415/133/271 1473/133/779 1472/133/778
f 528/133/775 392/133/708 1464/133/727 1488/133/773
f 397/133/723 398/133/726 1470/133/747 1469/133/744
f 2617/133/724 397/133/723 1469/133/744 2625/133/743
f 864/133/720 396/133/719 1468/133/740 1516/133/739
f 499/133/716 395/133/715 1467/133/736 1485/133/735
f 5235/133/2520 5223/133/2521 5425/133/2522 5430/133/2523
f 392/133/708 393/133/707 1465/133/728 1464/133/727
f 373/133/637 1459/133/622 1498/133/682 577/133/963
f 5253/133/654 271/133/653 1447/133/656 5277/133/655
f 376/133/628 377/133/630 1463/133/645 1462/133/643
f 375/133/602 376/133/628 1462/133/643 1461/133/623
f 375/133/602 1461/133/623 1460/133/624 233/133/603
f 523/133/636 1489/133/619 1459/133/622 373/133/637
f 524/133/566 341/133/565 1452/133/499 1490/133/591
f 1633/133/577 267/133/297 1446/133/296 1655/133/578
f 346/133/574 347/133/576 1458/133/519 1457/133/516
f 2613/133/575 346/133/574 1457/133/516 2626/133/515
f 860/133/573 345/133/572 1456/133/512 1517/133/511
f 495/133/571 344/133/570 1455/133/508 1486/133/507
f 5183/133/569 343/133/568 1454/133/504 5197/133/503
f 341/133/565 342/133/567 1453/133/500 1452/133/499
f 432/133/451 1478/133/458 1475/133/459 417/133/452
f 1661/133/294 268/133/293 1446/133/296 1731/133/295
f 284/133/261 285/133/264 1451/133/285 1450/133/282
f 1291/133/262 284/133/261 1450/133/282 1539/133/281
f 2090/133/258 283/133/257 1449/133/278 2160/133/277
f 252/133/307 1480/133/265 1476/133/268 427/133/314
f 348/133/502 349/133/501 1604/133/2500 1603/133/2485
f 5184/133/506 350/133/505 1605/133/2497 5198/133/2496
f 496/133/510 351/133/509 1606/133/2357 1613/133/2430
f 861/133/514 352/133/513 1607/133/2441 1620/133/2358
f 2614/133/518 353/133/517 1608/133/2490 2627/133/2494
f 353/133/517 354/133/520 1609/133/2491 1608/133/2490
f 1634/133/579 268/133/293 1601/133/292 1656/133/2487
f 522/133/592 348/133/502 1603/133/2485 1615/133/2423
f 521/133/620 1614/133/2419 1548/133/2475 362/133/621
f 362/133/621 1548/133/2475 1617/133/2413 576/133/681
f 352/133/513 476/133/873 1611/133/2442 1607/133/2441
f 2551/133/877 477/133/876 1612/133/2438 2563/133/2437
f 2378/133/925 496/133/510 1613/133/2430 2389/133/2429
f 541/133/953 522/133/592 1615/133/2423 1616/133/2420
f 521/133/620 541/133/953 1616/133/2420 1614/133/2419
f 548/133/1056 576/133/681 1617/133/2413 1565/133/2409
f 548/133/1056 1565/133/2409 1571/133/2403 630/133/1159
f 630/133/1159 1571/133/2403 1570/133/2401 612/133/1221
f 612/133/1221 1570/133/2401 1572/133/2397 634/133/1237
f 634/133/1237 1572/133/2397 1578/133/2391 570/133/1274
f 570/133/1274 1578/133/2391 1573/133/2387 693/133/1305
f 693/133/1305 1573/133/2387 1580/133/2385 599/133/1347
f 599/133/1347 1580/133/2385 1574/133/2379 730/133/1363
f 730/133/1363 1574/133/2379 1582/133/2371 715/133/1390
f 2040/133/1445 2052/133/2377 1591/133/2345 872/133/1446
f 715/133/1390 1582/133/2371 1583/133/2367 687/133/1456
f 687/133/1456 1583/133/2367 1584/133/2370 665/133/1458
f 351/133/509 861/133/514 1620/133/2358 1606/133/2357
f 1939/133/1552 1974/133/2351 1597/133/2354 921/133/1553
f 872/133/1446 1591/133/2345 1592/133/2341 1035/133/1640
f 1035/133/1640 1592/133/2341 1593/133/2344 1060/133/1877
f 2320/133/1944 2328/133/2333 1594/133/2325 1016/133/1945
f 1016/133/1945 1594/133/2325 1595/133/2328 1101/133/1993
f 2276/133/2060 2286/133/2321 1596/133/2313 1029/133/2061
f 1029/133/2061 1596/133/2313 1598/133/2316 1139/133/2112
f 1365/133/2298 1445/133/2297 1600/133/259 1545/133/256
f 1425/133/2302 1444/133/2301 1599/133/2143 1587/133/2147
f 1424/133/2304 1425/133/2302 1587/133/2147 1586/133/1606
f 1444/133/2301 1426/133/2306 1588/133/2144 1599/133/2143
f 2157/133/2310 1427/133/2309 1589/133/2139 2161/133/2141
f 1427/133/2309 1428/133/2312 1590/133/1550 1589/133/2139
f 1439/133/2318 1626/133/2074 1627/133/2119 1442/133/2319
f 2283/133/2324 2287/133/2071 1626/133/2074 1439/133/2318
f 1435/133/2330 1624/133/1958 1625/133/2000 1437/133/2331
f 2325/133/2336 2329/133/1955 1624/133/1958 1435/133/2330
f 1431/133/2338 1622/133/1649 1623/133/1884 1433/133/2339
f 1429/133/2348 1621/133/1526 1622/133/1649 1431/133/2338
f 1728/133/2350 1424/133/2304 1586/133/1606 1732/133/1605
f 1971/133/2356 1975/133/1547 1590/133/1550 1428/133/2312
f 1383/133/2364 1422/133/2363 1585/133/717 1555/133/714
f 2048/133/2366 2053/133/1523 1621/133/1526 1429/133/2348
f 1418/133/2374 1618/133/1201 1619/133/1455 1419/133/2375
f 1403/133/2382 1569/133/1331 1579/133/1192 1414/133/2383
f 1412/133/2390 1577/133/1308 1569/133/1331 1403/133/2382
f 1402/133/2394 1568/133/1304 1577/133/1308 1412/133/2390
f 1411/133/2396 1576/133/1271 1568/133/1304 1402/133/2394
f 1401/133/2400 1567/133/1212 1576/133/1271 1411/133/2396
f 1410/133/2406 1575/133/1111 1567/133/1212 1401/133/2400
f 1416/133/2408 1581/133/1195 1618/133/1201 1418/133/2374
f 1414/133/2383 1579/133/1192 1581/133/1195 1416/133/2408
f 1400/133/2412 1566/133/674 1575/133/1111 1410/133/2406
f 1393/133/2418 1398/133/2417 1564/133/943 1562/133/941
f 1398/133/2417 1394/133/2426 1563/133/774 1564/133/943
f 1360/133/2428 1393/133/2418 1562/133/941 1602/133/652
f 2399/133/2524 2398/133/2466 1561/133/713 2390/133/914
f 2560/133/2448 1388/133/2447 1560/133/845 2564/133/844
f 1384/133/2452 1387/133/2451 1559/133/842 1556/133/718
f 1394/133/2426 1380/133/2454 1552/133/705 1563/133/774
f 1652/133/2458 1358/133/2457 1540/133/754 1657/133/753
f 1385/133/2462 1386/133/2461 1558/133/725 1557/133/722
f 2623/133/2464 1385/133/2462 1557/133/722 2628/133/721
f 1422/133/2363 1384/133/2452 1556/133/718 1585/133/717
f 2398/133/2466 1383/133/2364 1555/133/714 1561/133/713
f 1554/133/2525 394/133/2526 5396/133/2527 5401/133/2528
f 1380/133/2454 1381/133/2472 1553/133/706 1552/133/705
f 1376/133/2474 1610/133/604 1566/133/674 1400/133/2412
f 5274/133/2478 1360/133/2428 1602/133/652 5278/133/651
f 1378/133/2482 1379/133/2481 1551/133/629 1550/133/627
f 1377/133/2484 1378/133/2482 1550/133/627 1549/133/601
f 1377/133/2484 1549/133/601 1610/133/604 1376/133/2474
f 5275/133/2505 1361/133/2504 1541/133/247 5279/133/326
f 1729/133/2507 1359/133/2488 1601/133/292 1733/133/291
f 1366/133/2511 1367/133/2510 1547/133/263 1546/133/260
f 1445/133/2297 1366/133/2511 1546/133/260 1600/133/259
f 2158/133/2513 1365/133/2298 1545/133/256 2162/133/255
f 1363/133/2517 1364/133/2516 1544/133/253 1543/133/251
f 1362/133/2519 1363/133/2517 1543/133/251 1542/133/248
f 1361/133/2504 1362/133/2519 1542/133/248 1541/133/247
f 1386/133/2461 1652/133/2458 1657/133/753 1558/133/725
f 354/133/520 1634/133/579 1656/133/2487 1609/133/2491
f 347/133/576 1633/133/577 1655/133/578 1458/133/519
f 426/133/267 1643/133/325 1654/133/794 1476/133/268
f 1609/133/2491 1656/133/2487 1653/133/2489 1374/133/2492
f 2444/133/2460 2487/133/2455 1652/133/2458 1386/133/2461
f 326/133/401 1630/133/461 1651/133/462 1299/133/422
f 1819/133/1814 1850/133/1810 1650/133/1812 942/133/1815
f 1895/133/1789 1931/133/1784 1649/133/1787 954/133/1790
f 229/133/827 1647/133/817 1648/133/322 251/133/266
f 398/133/726 1637/133/756 1647/133/817 229/133/827
f 429/133/819 1645/133/815 1646/133/448 428/133/319
f 254/133/818 1629/133/813 1645/133/815 429/133/819
f 427/133/314 1644/133/797 1638/133/799 407/133/315
f 1476/133/268 1654/133/794 1644/133/797 427/133/314
f 424/133/312 1641/133/793 1642/133/449 425/133/313
f 423/133/809 1640/133/792 1641/133/793 424/133/312
f 422/133/455 1639/133/791 1640/133/792 423/133/809
f 5258/133/454 5280/133/790 1639/133/791 422/133/455
f 1558/133/725 1657/133/753 1637/133/756 398/133/726
f 1780/133/703 1851/133/749 1636/133/752 391/133/704
f 1864/133/563 1932/133/583 4121/133/586 2788/133/564
f 2408/133/541 2488/133/580 1635/133/582 361/133/542
f 1458/133/519 1655/133/578 1634/133/579 354/133/520
f 243/133/469 1628/133/466 1633/133/577 347/133/576
f 1663/133/468 1734/133/465 1628/133/466 243/133/469
f 333/133/423 1631/133/463 1632/133/464 340/133/434
f 1299/133/422 1651/133/462 1631/133/463 333/133/423
f 2098/133/400 2163/133/460 1630/133/461 326/133/401
f 428/133/319 1646/133/448 1642/133/449 411/133/320
f 251/133/266 1648/133/322 1643/133/325 426/133/267
f 340/133/434 1632/133/464 1734/133/465 1663/133/468
f 1367/133/2510 1729/133/2507 1733/133/291 1547/133/263
f 1441/133/2353 1728/133/2350 1732/133/1605 1597/133/2354
f 285/133/264 1661/133/294 1731/133/295 1451/133/285
f 921/133/1553 1695/133/1608 1730/133/1609 1535/133/1554
f 2433/133/2509 2489/133/2506 1729/133/2507 1367/133/2510
f 2483/133/1568 2490/133/2349 1728/133/2350 1441/133/2353
f 1267/133/2282 1727/133/2283 1726/133/2236 1266/133/2235
f 741/133/1026 1725/133/1028 1727/133/2283 1267/133/2282
f 1246/133/1007 1721/133/2276 1722/133/593 1242/133/2529
f 234/133/2272 1679/133/2273 1721/133/2276 1246/133/1007
f 234/133/2272 1191/133/2267 1677/133/2265 1679/133/2273
f 1196/133/2247 1718/133/2241 1677/133/2265 1191/133/2267
f 1219/133/2215 1716/133/2225 1718/133/2241 1196/133/2247
f 1235/133/2224 1720/133/2214 1726/133/2236 1261/133/2250
f 750/133/2196 1683/133/2189 1716/133/2225 1219/133/2215
f 1212/133/2194 1719/133/2181 1720/133/2214 1235/133/2224
f 1160/133/1409 1715/133/1224 1683/133/2189 750/133/2196
f 1186/133/1411 1717/133/1091 1719/133/2181 1212/133/2194
f 919/133/1560 1694/133/1598 1713/133/1584 900/133/1570
f 1002/133/2048 1708/133/2066 1712/133/2115 895/133/2106
f 1083/133/2069 1709/133/2042 1714/133/2103 1147/133/2116
f 2266/133/2047 2288/133/2063 1708/133/2066 1002/133/2048
f 2268/133/2068 2289/133/2041 1709/133/2042 1083/133/2069
f 1000/133/1932 1704/133/1950 1706/133/1996 884/133/1987
f 1040/133/1953 1705/133/1926 1707/133/1984 1109/133/1997
f 2309/133/1931 2330/133/1947 1704/133/1950 1000/133/1932
f 2311/133/1952 2331/133/1925 1705/133/1926 1040/133/1953
f 1022/133/1624 1700/133/1643 1702/133/1880 878/133/1871
f 1042/133/1646 1701/133/1631 1703/133/1868 1068/133/1881
f 1884/133/1832 1933/133/1829 1699/133/1830 935/133/1833
f 1923/133/1616 1934/133/1680 1698/133/1628 993/133/1645
f 868/133/1418 1697/133/1453 1700/133/1643 1022/133/1624
f 993/133/1645 1698/133/1628 1701/133/1631 1042/133/1646
f 922/133/1541 1696/133/1612 1711/133/1595 918/133/1542
f 1535/133/1554 1730/133/1609 1696/133/1612 922/133/1541
f 1597/133/2354 1732/133/1605 1695/133/1608 921/133/1553
f 1808/133/2162 1852/133/1601 1710/133/1604 899/133/1567
f 918/133/1542 1711/133/1595 1694/133/1598 919/133/1560
f 900/133/1570 1713/133/1584 1693/133/1574 911/133/1573
f 1948/133/1579 1976/133/1571 1693/133/1574 897/133/1580
f 337/133/428 859/133/431 1692/133/473 1666/133/478
f 588/133/1117 1680/133/1118 1691/133/1148 826/133/1146
f 2233/133/1514 2250/133/1511 1690/133/1172 798/133/1171
f 2232/133/1370 2251/133/1491 1689/133/1401 816/133/1496
f 649/133/1484 1687/133/1477 1688/133/1479 653/133/1485
f 559/133/1393 1678/133/1389 1687/133/1477 649/133/1484
f 2059/133/1417 2054/133/1450 1697/133/1453 868/133/1418
f 816/133/1496 1689/133/1401 1686/133/1376 772/133/1360
f 761/133/1392 1685/133/1387 1678/133/1389 559/133/1393
f 772/133/1360 1686/133/1376 1684/133/1088 650/133/1361
f 366/133/979 1659/133/975 1715/133/1224 1160/133/1409
f 798/133/1171 1690/133/1172 1682/133/972 613/133/978
f 826/133/1146 1691/133/1148 1681/133/1149 600/133/1147
f 364/133/670 1670/133/640 1680/133/1118 588/133/1117
f 650/133/1361 1684/133/1088 1717/133/1091 1186/133/1411
f 667/133/1012 1724/133/1015 1725/133/1028 741/133/1026
f 581/133/1011 1723/133/596 1724/133/1015 667/133/1012
f 505/133/669 533/133/989 1676/133/992 1674/133/639
f 533/133/989 506/133/492 1675/133/489 1676/133/992
f 613/133/978 1682/133/972 1659/133/975 366/133/979
f 2376/133/930 494/133/429 1673/133/477 2391/133/926
f 2549/133/892 473/133/891 1672/133/880 2565/133/879
f 338/133/430 472/133/888 1671/133/878 1665/133/474
f 505/133/669 1674/133/639 1670/133/640 364/133/670
f 1242/133/2529 1722/133/593 1723/133/596 581/133/1011
f 506/133/492 334/133/425 1669/133/485 1675/133/489
f 334/133/425 335/133/424 1668/133/486 1669/133/485
f 5182/133/427 336/133/426 1667/133/482 5200/133/481
f 494/133/429 337/133/428 1666/133/478 1673/133/477
f 859/133/431 338/133/430 1665/133/474 1692/133/473
f 2612/133/433 339/133/432 1664/133/467 2629/133/471
f 339/133/432 340/133/434 1663/133/468 1664/133/467
f 1632/133/464 257/133/301 1658/133/300 1734/133/465
f 291/133/286 1662/133/298 1658/133/300 257/133/301
f 1451/133/285 1731/133/295 1662/133/298 291/133/286
f 1547/133/263 1733/133/291 1661/133/294 285/133/264
f 1769/133/245 1853/133/287 1660/133/290 278/133/246
f 2010/133/2530 2033/133/2531 1762/133/2532 1743/133/2533
f 2027/133/2534 2032/133/2535 1761/133/2536 1756/133/2537
f 2019/133/2538 2031/133/2539 1760/133/2540 1741/133/2541
f 2009/133/2542 2030/133/2543 1759/133/2544 1740/133/2545
f 2016/133/2546 2029/133/2547 1758/133/2548 1751/133/2549
f 2031/133/2539 2028/133/2550 1757/133/2551 1760/133/2540
f 2496/133/2552 2027/133/2534 1756/133/2537 2491/133/2553
f 2008/133/2554 2026/133/2555 1755/133/2556 1739/133/2557
f 2037/133/2558 2025/133/2559 1754/133/2560 1935/133/2561
f 2035/133/2562 2024/133/2563 1753/133/2564 1854/133/2565
f 2029/133/2547 2023/133/2566 1752/133/2567 1758/133/2548
f 2015/133/2568 2017/133/2569 1735/133/2570 1750/133/2571
f 2014/133/2572 2022/133/2573 1749/133/2574 1748/133/2575
f 2036/133/2576 4526/133/2577 4238/133/2578 1936/133/2579
f 2032/133/2535 2016/133/2546 1751/133/2549 1761/133/2536
f 2011/133/2580 2021/133/2581 1745/133/2582 1744/133/2583
f 2022/133/2573 2011/133/2580 1744/133/2583 1749/133/2574
f 2033/133/2531 2014/133/2572 1748/133/2575 1762/133/2532
f 2023/133/2566 2020/133/2584 1742/133/2585 1752/133/2567
f 2030/133/2543 2019/133/2538 1741/133/2541 1759/133/2544
f 2026/133/2555 2018/133/2586 1738/133/2587 1755/133/2556
f 2170/133/2588 2008/133/2554 1739/133/2557 2164/133/2589
f 2034/133/2590 2012/133/2591 1746/133/2592 1855/133/2593
f 2021/133/2581 2009/133/2542 1740/133/2545 1745/133/2582
f 2007/133/2594 2015/133/2568 1750/133/2571 1737/133/2595
f 2495/133/2596 2013/133/2597 1747/133/2598 2492/133/2599
f 2020/133/2584 2007/133/2594 1737/133/2595 1742/133/2585
f 2018/133/2586 2010/133/2530 1743/133/2533 1738/133/2587
f 2017/133/2569 2006/133/2600 1736/133/2601 1735/133/2570
f 2025/133/2559 2034/133/2590 1855/133/2593 1754/133/2560
f 2013/133/2597 2035/133/2562 1854/133/2565 1747/133/2598
f 935/133/1833 1699/133/1830 1853/133/287 1769/133/245
f 1147/133/2116 1714/133/2103 1852/133/1601 1808/133/2162
f 954/133/1790 1649/133/1787 1851/133/749 1780/133/703
f 361/133/542 1635/133/582 1850/133/1810 1819/133/1814
f 933/133/1839 1333/133/1836 1849/133/241 1767/133/238
f 1150/133/2095 1347/133/2090 1848/133/2153 1844/133/2157
f 1949/133/1566 1977/133/2161 1808/133/2162 899/133/1567
f 1151/133/2096 1150/133/2095 1844/133/2157 1845/133/1602
f 1347/133/2090 1149/133/2089 1843/133/2154 1848/133/2153
f 2145/133/2125 1148/133/2121 1842/133/2149 2165/133/2151
f 1148/133/2121 1146/133/2120 1809/133/1578 1842/133/2149
f 1129/133/2055 1841/133/2038 1847/133/2101 1155/133/2109
f 1118/133/2083 1840/133/2032 1846/133/2098 898/133/2123
f 2263/133/2054 2290/133/2035 1841/133/2038 1129/133/2055
f 2277/133/2082 2291/133/2029 1840/133/2032 1118/133/2083
f 1091/133/1939 1837/133/1922 1839/133/1982 1117/133/1990
f 1077/133/1965 1836/133/1916 1838/133/1979 886/133/2004
f 2306/133/1938 2332/133/1919 1837/133/1922 1091/133/1939
f 2321/133/1964 2333/133/1913 1836/133/1916 1077/133/1965
f 1050/133/1638 1833/133/1623 1835/133/1866 1076/133/1874
f 1020/133/1655 1832/133/1678 1834/133/1863 881/133/1847
f 355/133/524 356/133/523 1814/133/1823 1813/133/1808
f 5185/133/528 357/133/527 1815/133/1820 5201/133/1819
f 497/133/532 358/133/531 1816/133/1681 1823/133/1759
f 862/133/536 359/133/535 1817/133/1770 1830/133/1682
f 2615/133/540 360/133/539 1818/133/1813 2630/133/1817
f 360/133/539 361/133/542 1819/133/1814 1818/133/1813
f 1635/133/582 269/133/289 1811/133/288 1850/133/1810
f 520/133/590 355/133/524 1813/133/1808 1825/133/1752
f 519/133/598 1824/133/1744 1773/133/1750 374/133/599
f 359/133/535 478/133/867 1821/133/1771 1817/133/1770
f 2552/133/871 479/133/870 1822/133/1767 2566/133/1766
f 2379/133/923 497/133/532 1823/133/1759 2392/133/1758
f 540/133/956 520/133/590 1825/133/1752 1826/133/1745
f 374/133/599 1773/133/1750 1827/133/1737 575/133/671
f 519/133/598 540/133/956 1826/133/1745 1824/133/1744
f 547/133/1058 1787/133/1736 1794/133/1730 629/133/1168
f 547/133/1058 575/133/671 1827/133/1737 1787/133/1736
f 725/133/1356 1799/133/1707 1804/133/1720 569/133/1396
f 629/133/1168 1794/133/1730 1792/133/1726 617/133/1225
f 617/133/1225 1792/133/1726 1795/133/1716 633/133/1264
f 555/133/1470 1805/133/1723 1806/133/1725 646/133/1472
f 569/133/1396 1804/133/1720 1805/133/1723 555/133/1470
f 633/133/1264 1795/133/1716 1802/133/1712 571/133/1284
f 571/133/1284 1802/133/1712 1793/133/1708 691/133/1328
f 691/133/1328 1793/133/1708 1801/133/1704 675/133/1354
f 675/133/1354 1801/133/1704 1799/133/1707 725/133/1356
f 2062/133/1425 2066/133/1689 1810/133/1675 867/133/1426
f 358/133/531 862/133/536 1830/133/1682 1816/133/1681
f 867/133/1426 1810/133/1675 1832/133/1678 1020/133/1655
f 999/133/1637 1831/133/1437 1833/133/1623 1050/133/1638
f 1714/133/2103 1151/133/2096 1845/133/1602 1852/133/1601
f 1968/133/2110 1978/133/1575 1809/133/1578 1146/133/2120
f 951/133/1688 990/133/1687 1807/133/695 1777/133/692
f 988/133/1692 1828/133/1481 1829/133/1483 989/133/1693
f 984/133/1696 1803/133/1395 1828/133/1481 988/133/1692
f 2046/133/1698 2067/133/1434 1831/133/1437 999/133/1637
f 981/133/1701 1800/133/1368 1803/133/1395 984/133/1696
f 972/133/1703 1791/133/1339 1800/133/1368 981/133/1701
f 979/133/1711 1798/133/1316 1791/133/1339 972/133/1703
f 971/133/1715 1790/133/1287 1798/133/1316 979/133/1711
f 978/133/1719 1797/133/1251 1790/133/1287 971/133/1715
f 969/133/1729 1789/133/1216 1797/133/1251 978/133/1719
f 977/133/1733 1796/133/1153 1789/133/1216 969/133/1729
f 968/133/1735 1788/133/988 1796/133/1153 977/133/1733
f 961/133/1743 966/133/1742 1786/133/939 1784/133/937
f 947/133/1749 1820/133/668 1788/133/988 968/133/1735
f 966/133/1742 962/133/1755 1785/133/776 1786/133/939
f 928/133/1757 961/133/1743 1784/133/937 1812/133/648
f 2383/133/1765 959/133/1764 1783/133/691 2393/133/916
f 2557/133/1777 956/133/1776 1782/133/851 2567/133/850
f 952/133/1781 955/133/1780 1781/133/848 1778/133/696
f 962/133/1755 948/133/1783 1774/133/683 1785/133/776
f 1649/133/1787 926/133/1786 1763/133/750 1851/133/749
f 953/133/1791 954/133/1790 1780/133/703 1779/133/700
f 2620/133/1793 953/133/1791 1779/133/700 2631/133/699
f 990/133/1687 952/133/1781 1778/133/696 1807/133/695
f 959/133/1764 951/133/1688 1777/133/692 1783/133/691
f 5175/133/2602 5389/133/1794 5443/133/1797 5416/133/2603
f 948/133/1783 949/133/1799 1775/133/684 1774/133/683
f 943/133/1801 1770/133/609 1820/133/668 947/133/1749
f 5268/133/1803 928/133/1757 1812/133/648 5281/133/647
f 944/133/1807 945/133/1806 1772/133/613 1771/133/610
f 943/133/1801 944/133/1807 1771/133/610 1770/133/609
f 5269/133/1828 929/133/1827 1764/133/229 5282/133/328
f 1699/133/1830 927/133/1811 1811/133/288 1853/133/287
f 934/133/1834 935/133/1833 1769/133/245 1768/133/242
f 1333/133/1836 934/133/1834 1768/133/242 1849/133/241
f 2131/133/1840 933/133/1839 1767/133/238 2166/133/237
f 931/133/1844 932/133/1843 2638/133/235 1766/133/233
f 930/133/1846 931/133/1844 1766/133/233 1765/133/230
f 929/133/1827 930/133/1846 1765/133/230 1764/133/229
f 2024/133/2563 2036/133/2576 1936/133/2579 1753/133/2564
f 4509/133/2604 2037/133/2558 1935/133/2561 4224/133/2605
f 3372/133/1615 4185/133/2606 1934/133/1680 1923/133/1616
f 2692/133/2607 4147/133/2608 1933/133/1829 1884/133/1832
f 942/133/1815 1650/133/1812 1932/133/583 1864/133/563
f 2823/133/2609 4122/133/2610 1931/133/1784 1895/133/1789
f 3378/133/2611 3816/133/2612 1930/133/1670 1926/133/1669
f 2690/133/2613 3774/133/2614 1929/133/1835 1882/133/1838
f 2687/133/2615 2688/133/2616 1879/133/1845 1878/133/1826
f 2688/133/2616 2689/133/2617 1880/133/1841 1879/133/1845
f 2689/133/2617 5168/133/2618 1881/133/1842 1880/133/1841
f 4596/133/2619 2690/133/2613 1882/133/1838 2167/133/1837
f 3774/133/2614 2691/133/2620 1883/133/1831 1929/133/1835
f 2691/133/2620 2692/133/2607 1884/133/1832 1883/133/1831
f 4147/133/2608 2682/133/585 1856/133/584 1933/133/1829
f 5243/133/2621 2687/133/2615 1878/133/1826 5283/133/1825
f 2793/133/2622 2794/133/2623 1886/133/1804 1885/133/1800
f 2794/133/2623 2795/133/2624 1887/133/1805 1886/133/1804
f 5251/133/2625 2686/133/2626 1857/133/1756 5284/133/1802
f 2793/133/2622 1885/133/1800 1865/133/1748 2803/133/2627
f 2817/133/2628 2818/133/2629 1890/133/1798 1889/133/1782
f 2659/133/2630 2840/133/2631 5408/133/2632 5405/133/2633
f 2942/133/2634 2820/133/2635 1892/133/1685 1898/133/1763
f 3338/133/2636 2821/133/2637 1893/133/1778 1921/133/1686
f 5146/133/2638 2822/133/2639 1894/133/1788 2632/133/1792
f 2822/133/2639 2823/133/2609 1895/133/1789 1894/133/1788
f 4122/133/2610 2669/133/2640 1877/133/1785 1931/133/1784
f 2979/133/2641 2817/133/2628 1889/133/1782 1900/133/1754
f 2821/133/2637 2921/133/2642 1896/133/1779 1893/133/1778
f 5079/133/2643 2922/133/2644 1897/133/1775 2568/133/1774
f 4900/133/2645 2942/133/2634 1898/133/1763 2394/133/1762
f 2686/133/2626 2978/133/2646 1899/133/1740 1857/133/1756
f 2996/133/2647 2979/133/2641 1900/133/1754 1901/133/1741
f 2803/133/2627 1865/133/1748 1903/133/1734 3011/133/2648
f 2978/133/2646 2996/133/2647 1901/133/1741 1899/133/1740
f 3011/133/2648 1903/133/1734 1910/133/1732 3100/133/2649
f 3100/133/2649 1910/133/1732 1904/133/1728 3023/133/2650
f 3023/133/2650 1904/133/1728 1911/133/1718 3112/133/2651
f 3112/133/2651 1911/133/1718 1905/133/1714 3060/133/2652
f 3060/133/2652 1905/133/1714 1912/133/1710 3123/133/2653
f 3123/133/2653 1912/133/1710 1906/133/1702 3149/133/2654
f 3149/133/2654 1906/133/1702 1914/133/1700 3167/133/2655
f 3167/133/2655 1914/133/1700 1917/133/1695 3144/133/2656
f 4560/133/2657 2068/133/1697 1876/133/1699 3360/133/2658
f 3144/133/2656 1917/133/1695 1873/133/1691 3182/133/2659
f 3182/133/2659 1873/133/1691 1874/133/1694 3188/133/2660
f 2820/133/2635 3338/133/2636 1921/133/1686 1892/133/1685
f 4185/133/2606 3381/133/2661 1927/133/1668 1934/133/1680
f 4443/133/2662 1979/133/1679 1922/133/1674 3349/133/2663
f 3348/133/2664 3349/133/2663 1922/133/1674 1924/133/1673
f 4637/133/2665 3348/133/2664 1924/133/1673 2168/133/1672
f 3816/133/2612 3343/133/2666 1925/133/1671 1930/133/1670
f 3381/133/2661 3378/133/2611 1926/133/1669 1927/133/1668
f 1953/133/1644 1980/133/1613 1923/133/1616 993/133/1645
f 939/133/1684 991/133/1683 1875/133/555 1861/133/552
f 4503/133/2667 2003/133/2668 1987/133/2669 4480/133/2670
f 982/133/1705 1915/133/1341 1913/133/1182 980/133/1706
f 974/133/1709 1907/133/1323 1915/133/1341 982/133/1705
f 983/133/1713 1916/133/1289 1907/133/1323 974/133/1709
f 976/133/1717 1909/133/1254 1916/133/1289 983/133/1713
f 985/133/1721 1918/133/1185 1919/133/1266 986/133/1722
f 986/133/1722 1919/133/1266 1920/133/1269 987/133/1724
f 973/133/1727 4397/133/1232 1909/133/1254 976/133/1717
f 975/133/1731 1908/133/1054 4397/133/1232 973/133/1727
f 980/133/1706 1913/133/1182 1918/133/1185 985/133/1721
f 967/133/1739 970/133/1738 1872/133/984 1902/133/1051
f 967/133/1739 1902/133/1051 1908/133/1054 975/133/1731
f 963/133/1747 965/133/1746 1871/133/961 1869/133/663
f 946/133/1751 1888/133/666 1872/133/984 970/133/1738
f 965/133/1746 964/133/1753 1870/133/587 1871/133/961
f 4904/133/1761 960/133/1760 1868/133/551 4917/133/920
f 2556/133/1769 958/133/1768 1867/133/863 2569/133/862
f 940/133/1773 957/133/1772 1866/133/860 1862/133/556
f 963/133/1747 1869/133/663 1888/133/666 946/133/1751
f 964/133/1753 936/133/1809 1858/133/543 1870/133/587
f 1650/133/1812 927/133/1811 1856/133/584 1932/133/583
f 941/133/1816 942/133/1815 1864/133/563 1863/133/560
f 2621/133/1818 941/133/1816 1863/133/560 2633/133/559
f 991/133/1683 940/133/1773 1862/133/556 1875/133/555
f 960/133/1760 939/133/1684 1861/133/552 1868/133/551
f 5192/133/1822 938/133/1821 1860/133/548 5204/133/547
f 936/133/1809 937/133/1824 1859/133/544 1858/133/543
f 2002/133/2671 2001/133/2672 1985/133/2673 1983/133/2674
f 3360/133/2658 1876/133/1699 1979/133/1679 4443/133/2662
f 1155/133/2109 1847/133/2101 1978/133/1575 1968/133/2110
f 898/133/2123 1846/133/2098 1977/133/2161 1949/133/1566
f 895/133/2106 1712/133/2115 1976/133/1571 1948/133/1579
f 1442/133/2319 1627/133/2119 1975/133/1547 1971/133/2356
f 1139/133/2112 1598/133/2316 1974/133/2351 1939/133/1552
f 1138/133/2126 1536/133/2113 1973/133/1551 1940/133/1540
f 1137/133/2118 1537/133/2099 1972/133/1557 1941/133/1548
f 2426/133/2320 1442/133/2319 1971/133/2356 2493/133/2355
f 1598/133/2316 1443/133/2315 1970/133/2352 1974/133/2351
f 1141/133/2107 1345/133/2088 1969/133/1561 1937/133/2128
f 1846/133/2098 1152/133/2097 1967/133/2117 1977/133/2161
f 910/133/2114 1154/133/2104 1966/133/1569 1951/133/1572
f 1140/133/2102 1153/133/2105 1965/133/1555 1938/133/1534
f 2143/133/2108 1141/133/2107 1937/133/2128 2169/133/2127
f 1126/133/2031 1963/133/2070 1967/133/2117 1152/133/2097
f 1081/133/2077 1964/133/2056 1968/133/2110 1146/133/2120
f 2267/133/2030 2292/133/2067 1963/133/2070 1126/133/2031
f 2273/133/2076 2293/133/2053 1964/133/2056 1081/133/2077
f 1088/133/1915 1959/133/1954 1961/133/1998 1114/133/1978
f 1039/133/1960 1960/133/1940 1962/133/1991 1108/133/2001
f 2310/133/1914 2334/133/1951 1959/133/1954 1088/133/1915
f 2317/133/1959 2335/133/1937 1960/133/1940 1039/133/1960
f 1047/133/1677 1955/133/1647 1957/133/1882 1073/133/1862
f 1041/133/1652 1956/133/1639 1958/133/1875 1067/133/1885
f 1876/133/1699 999/133/1637 1954/133/1636 1979/133/1679
f 998/133/1676 1953/133/1644 1955/133/1647 1047/133/1677
f 992/133/1651 1954/133/1636 1956/133/1639 1041/133/1652
f 2003/133/2668 2004/133/1527 1986/133/1530 1987/133/2669
f 1136/133/2087 895/133/2106 1948/133/1579 1942/133/1562
f 1847/133/2101 1135/133/2100 1943/133/1576 1978/133/1575
f 1712/133/2115 910/133/2114 1951/133/1572 1976/133/1571
f 1154/133/2104 892/133/2094 1947/133/1559 1966/133/1569
f 2484/133/2124 898/133/2123 1949/133/1566 2494/133/1565
f 1345/133/2088 1136/133/2087 1942/133/1562 1969/133/1561
f 892/133/2094 882/133/2093 1945/133/1539 1947/133/1559
f 1537/133/2099 885/133/2092 1946/133/1537 1972/133/1557
f 1153/133/2105 1133/133/2111 1944/133/1543 1965/133/1555
f 1536/133/2113 1139/133/2112 1939/133/1552 1973/133/1551
f 1627/133/2119 1137/133/2118 1941/133/1548 1975/133/1547
f 1133/133/2111 1052/133/2122 1952/133/1544 1944/133/1543
f 882/133/2093 1138/133/2126 1940/133/1540 1945/133/1539
f 885/133/2092 909/133/2091 1950/133/1533 1946/133/1537
f 909/133/2091 1140/133/2102 1938/133/1534 1950/133/1533
f 4885/133/2675 2366/133/2676 1992/133/2677 4487/133/2678
f 2363/133/2679 2357/133/2680 1988/133/2681 2070/133/2682
f 2361/133/2683 2359/133/2684 1928/133/2685 1991/133/2686
f 2366/133/2676 2361/133/2683 1991/133/2686 1992/133/2677
f 2001/133/2672 4508/133/2687 4476/133/2688 1985/133/2673
f 2074/133/2689 2002/133/2671 1983/133/2674 2069/133/2690
f 2071/133/2691 4575/133/2692 3396/133/2693 1989/133/2694
f 2070/133/2682 2071/133/2691 1989/133/2694 1928/133/2685
f 1928/133/2685 1989/133/2694 1992/133/2677 1991/133/2686
f 1989/133/2694 3396/133/2693 4487/133/2678 1992/133/2677
f 2364/133/2695 4876/133/2696 4483/133/2697 1990/133/2698
f 2357/133/2680 2364/133/2695 1990/133/2698 1988/133/2681
f 1983/133/2674 1985/133/2673 1981/133/2699 1984/133/2700
f 1985/133/2673 4476/133/2688 4492/133/2701 1981/133/2699
f 1987/133/2669 1986/133/1530 1995/133/2702 1994/133/2703
f 1986/133/1530 1982/133/1529 1993/133/2704 1995/133/2702
f 2069/133/2690 1983/133/2674 1984/133/2700 2072/133/2705
f 4480/133/2670 1987/133/2669 1994/133/2703 4494/133/2706
f 1984/133/2700 1981/133/2699 1999/133/2707 1996/133/2708
f 1981/133/2699 4492/133/2701 4497/133/2709 1999/133/2707
f 1994/133/2703 1995/133/2702 1998/133/2710 2000/133/2711
f 1995/133/2702 1993/133/2704 1997/133/2712 1998/133/2710
f 2072/133/2705 1984/133/2700 1996/133/2708 2073/133/2713
f 4494/133/2706 1994/133/2703 2000/133/2711 4501/133/2714
f 2045/133/1690 1753/133/2564 2002/133/2671 2074/133/2689
f 1936/133/2579 4238/133/2578 4508/133/2687 2001/133/2672
f 1980/133/1613 1953/133/1644 2004/133/1527 2003/133/2668
f 1753/133/2564 1936/133/2579 2001/133/2672 2002/133/2671
f 4445/133/1614 1980/133/1613 2003/133/2668 4503/133/2667
f 1953/133/1644 998/133/1676 2005/133/1528 2004/133/1527
f 3188/133/2660 1874/133/1694 2037/133/2558 4509/133/2604
f 987/133/1724 1920/133/1269 2036/133/2576 2024/133/2563
f 646/133/1472 1806/133/1725 2035/133/2562 2013/133/2597
f 989/133/1693 1829/133/1483 2034/133/2590 2025/133/2559
f 748/133/1210 789/133/1209 2006/133/2600 2017/133/2569
f 684/133/1468 653/133/1485 2010/133/2530 2018/133/2586
f 783/133/1261 788/133/1277 2007/133/2594 2020/133/2584
f 2470/133/1473 646/133/1472 2013/133/2597 2495/133/2596
f 788/133/1277 848/133/1461 2015/133/2568 2007/133/2594
f 744/133/1236 712/133/1235 2009/133/2542 2021/133/2581
f 1829/133/1483 778/133/1482 2012/133/2591 2034/133/2590
f 2119/133/1300 792/133/1299 2008/133/2554 2170/133/2588
f 1321/133/1469 684/133/1468 2018/133/2586 2026/133/2555
f 1513/133/1459 665/133/1458 2019/133/2538 2030/133/2543
f 736/133/1262 783/133/1261 2020/133/2584 2023/133/2566
f 1688/133/1479 785/133/1478 2014/133/2572 2033/133/2531
f 850/133/1475 661/133/1465 2011/133/2580 2022/133/2573
f 661/133/1465 744/133/1236 2021/133/2581 2011/133/2580
f 1619/133/1455 754/133/1454 2016/133/2546 2032/133/2535
f 1920/133/1269 3256/133/1268 4526/133/2577 2036/133/2576
f 785/133/1478 850/133/1475 2022/133/2573 2014/133/2572
f 848/133/1461 748/133/1210 2017/133/2569 2015/133/2568
f 1515/133/1463 736/133/1262 2023/133/2566 2029/133/2547
f 1806/133/1725 987/133/1724 2024/133/2563 2035/133/2562
f 1874/133/1694 989/133/1693 2025/133/2559 2037/133/2558
f 792/133/1299 1321/133/1469 2026/133/2555 2008/133/2554
f 2418/133/2376 1419/133/2375 2027/133/2534 2496/133/2552
f 1584/133/2370 1421/133/2369 2028/133/2550 2031/133/2539
f 754/133/1454 1515/133/1463 2029/133/2547 2016/133/2546
f 712/133/1235 1513/133/1459 2030/133/2543 2009/133/2542
f 665/133/1458 1584/133/2370 2031/133/2539 2019/133/2538
f 1419/133/2375 1619/133/1455 2032/133/2535 2027/133/2534
f 653/133/1485 1688/133/1479 2033/133/2531 2010/133/2530
f 998/133/1676 2045/133/1690 2074/133/2689 2005/133/1528
f 1993/133/2704 2072/133/2705 2073/133/2713 1997/133/2712
f 1982/133/1529 2069/133/2690 2072/133/2705 1993/133/2704
f 1988/133/2681 1990/133/2698 2071/133/2691 2070/133/2682
f 1990/133/2698 4483/133/2697 4575/133/2692 2071/133/2691
f 2005/133/1528 2074/133/2689 2069/133/2690 1982/133/1529
f 2359/133/2684 2363/133/2679 2070/133/2682 1928/133/2685
f 4224/133/2605 1935/133/2561 2068/133/1697 4560/133/2657
f 1754/133/2560 1855/133/2593 2067/133/1434 2046/133/1698
f 1747/133/2598 1854/133/2565 2066/133/1689 2062/133/1425
f 1743/133/2533 1762/133/2532 2054/133/1450 2059/133/1417
f 1756/133/2537 1761/133/2536 2053/133/1523 2048/133/2366
f 1741/133/2541 1760/133/2540 2052/133/2377 2040/133/1445
f 1740/133/2545 1759/133/2544 2051/133/1444 2058/133/1431
f 1751/133/2549 1758/133/2548 2050/133/1531 2065/133/1524
f 1760/133/2540 1757/133/2551 2049/133/2378 2052/133/2377
f 2491/133/2553 1756/133/2537 2048/133/2366 2497/133/2365
f 1739/133/2557 1755/133/2556 2047/133/1442 2057/133/1439
f 1935/133/2561 1754/133/2560 2046/133/1698 2068/133/1697
f 1854/133/2565 1753/133/2564 2045/133/1690 2066/133/1689
f 1758/133/2548 1752/133/2567 2044/133/1448 2050/133/1531
f 1750/133/2571 1735/133/2570 2038/133/1412 2064/133/1428
f 1748/133/2575 1749/133/2574 2043/133/1519 2063/133/1451
f 1761/133/2536 1751/133/2549 2065/133/1524 2053/133/1523
f 1744/133/2583 1745/133/2582 2042/133/1430 2060/133/1520
f 1749/133/2574 1744/133/2583 2060/133/1520 2043/133/1519
f 1762/133/2532 1748/133/2575 2063/133/1451 2054/133/1450
f 1752/133/2567 1742/133/2585 2041/133/1420 2044/133/1448
f 1759/133/2544 1741/133/2541 2040/133/1445 2051/133/1444
f 1755/133/2556 1738/133/2587 2039/133/1416 2047/133/1442
f 2164/133/2589 1739/133/2557 2057/133/1439 2171/133/1438
f 1855/133/2593 1746/133/2592 2061/133/1435 2067/133/1434
f 1745/133/2582 1740/133/2545 2058/133/1431 2042/133/1430
f 1737/133/2595 1750/133/2571 2064/133/1428 2056/133/1421
f 2492/133/2599 1747/133/2598 2062/133/1425 2498/133/1424
f 1742/133/2585 1737/133/2595 2056/133/1421 2041/133/1420
f 1738/133/2587 1743/133/2533 2059/133/1417 2039/133/1416
f 1735/133/2570 1736/133/2601 2055/133/1413 2038/133/1412
f 2076/133/2261 2077/133/998 2083/133/2715 2082/133/2716
f 2078/133/2717 2079/133/2718 2085/133/2719 2084/133/2720
f 582/133/996 1257/133/1016 2080/133/2721 2075/133/997
f 1251/133/2233 1253/133/2246 2079/133/2718 2078/133/2717
f 1257/133/1016 1251/133/2233 2078/133/2717 2080/133/2721
f 1253/133/2246 708/133/2260 2076/133/2261 2079/133/2718
f 2084/133/2720 2083/133/2715 2081/133/2722 2086/133/2723
f 2085/133/2719 2082/133/2716 2083/133/2715 2084/133/2720
f 2075/133/997 2080/133/2721 2086/133/2723 2081/133/2722
f 2079/133/2718 2076/133/2261 2082/133/2716 2085/133/2719
f 2077/133/998 2075/133/997 2081/133/2722 2083/133/2715
f 2080/133/2721 2078/133/2717 2084/133/2720 2086/133/2723
f 1736/133/2601 2164/133/2589 2171/133/1438 2055/133/1413
f 789/133/1209 2119/133/1300 2170/133/2588 2006/133/2600
f 1052/133/2122 2143/133/2108 2169/133/2127 1952/133/1544
f 3343/133/2666 4637/133/2665 2168/133/1672 1925/133/1671
f 5168/133/2618 4596/133/2619 2167/133/1837 1881/133/1842
f 932/133/1843 2131/133/1840 2166/133/237 2638/133/235
f 1149/133/2089 2145/133/2125 2165/133/2151 1843/133/2154
f 2006/133/2600 2170/133/2588 2164/133/2589 1736/133/2601
f 319/133/379 1629/133/813 2163/133/460 2098/133/400
f 1364/133/2516 2158/133/2513 2162/133/255 1544/133/253
f 1426/133/2306 2157/133/2310 2161/133/2141 1588/133/2144
f 282/133/254 2090/133/258 2160/133/277 1448/133/804
f 1106/133/2145 2128/133/2142 2159/133/2135 1520/133/2137
f 2639/133/2515 2499/133/2512 2158/133/2513 1364/133/2516
f 2474/133/2305 2500/133/2307 2157/133/2310 1426/133/2306
f 1256/133/1033 2155/133/2279 2156/133/2245 1255/133/2242
f 704/133/1029 2154/133/1032 2155/133/2279 1256/133/1033
f 706/133/2262 2108/133/2268 2152/133/2275 708/133/2260
f 706/133/2262 1193/133/2266 2106/133/2264 2108/133/2268
f 1195/133/2243 2149/133/2238 2106/133/2264 1193/133/2266
f 708/133/2260 2152/133/2275 2153/133/2257 1248/133/995
f 1237/133/2222 2151/133/2218 2156/133/2245 1263/133/2248
f 1220/133/2229 2147/133/2228 2149/133/2238 1195/133/2243
f 747/133/2193 2114/133/2187 2147/133/2228 1220/133/2229
f 1214/133/2191 2150/133/2188 2151/133/2218 1237/133/2222
f 1188/133/1086 2148/133/1081 2150/133/2188 1214/133/2191
f 1161/133/1407 2146/133/1143 2114/133/2187 747/133/2193
f 903/133/1593 2126/133/1590 2144/133/2159 1130/133/1582
f 1130/133/1582 2144/133/2159 2125/133/2129 1131/133/1583
f 1843/133/2154 2165/133/2151 2124/133/2152 1143/133/2155
f 1588/133/2144 2161/133/2141 2128/133/2142 1106/133/2145
f 1520/133/2137 2159/133/2135 2127/133/2132 1092/133/2131
f 1092/133/2131 2127/133/2132 2142/133/1589 1055/133/1592
f 1952/133/1544 2169/133/2127 2125/133/2129 1053/133/1545
f 1123/133/2017 2141/133/2086 2145/133/2125 1149/133/2089
f 1121/133/2080 2140/133/2052 2143/133/2108 1052/133/2122
f 2278/133/2016 2294/133/2085 2141/133/2086 1123/133/2017
f 2275/133/2079 2295/133/2049 2140/133/2052 1121/133/2080
f 1085/133/1901 2137/133/1890 2139/133/2006 1111/133/1971
f 1082/133/1962 2136/133/1936 2138/133/1989 912/133/2003
f 2319/133/1961 2336/133/1933 2136/133/1936 1082/133/1962
f 2296/133/1900 2337/133/1887 2137/133/1890 1085/133/1901
f 1008/133/1654 2132/133/1635 2134/133/1873 904/133/1886
f 1044/133/1664 2133/133/1658 2135/133/1850 1070/133/1855
f 1881/133/1842 2167/133/1837 2131/133/1840 932/133/1843
f 1925/133/1671 2168/133/1672 2130/133/1657 995/133/1663
f 995/133/1663 2130/133/1657 2133/133/1658 1044/133/1664
f 916/133/1414 2129/133/1441 2132/133/1635 1008/133/1654
f 1055/133/1592 2142/133/1589 2126/133/1590 903/133/1593
f 316/133/372 856/133/375 2123/133/392 2095/133/389
f 592/133/1120 2111/133/1113 2122/133/1138 823/133/1150
f 2222/133/1508 2252/133/1516 2121/133/1166 795/133/1173
f 2247/133/1490 2253/133/1488 2120/133/1404 820/133/1403
f 2055/133/1413 2171/133/1438 2129/133/1441 916/133/1414
f 820/133/1403 2120/133/1404 2116/133/1373 770/133/1375
f 763/133/1189 2115/133/1379 2107/133/1301 552/133/1190
f 770/133/1375 2116/133/1373 2117/133/1080 641/133/1085
f 552/133/1190 2107/133/1301 2118/133/1297 790/133/1208
f 790/133/1208 2118/133/1297 2119/133/1300 789/133/1209
f 795/133/1173 2121/133/1166 2113/133/1065 621/133/676
f 367/133/677 2088/133/1068 2146/133/1143 1161/133/1407
f 823/133/1150 2122/133/1138 2112/133/1141 608/133/1151
f 363/133/642 2099/133/634 2111/133/1113 592/133/1120
f 641/133/1085 2117/133/1080 2148/133/1081 1188/133/1086
f 621/133/676 2113/133/1065 2088/133/1068 367/133/677
f 700/133/1017 2110/133/1021 2154/133/1032 704/133/1029
f 582/133/996 2109/133/1019 2110/133/1021 700/133/1017
f 1248/133/995 2153/133/2257 2109/133/1019 582/133/996
f 511/133/641 536/133/976 2105/133/981 2103/133/631
f 536/133/976 512/133/497 2104/133/494 2105/133/981
f 2373/133/935 491/133/373 2102/133/388 2395/133/932
f 2546/133/907 467/133/906 2101/133/899 2570/133/898
f 317/133/374 466/133/903 2100/133/896 2096/133/393
f 511/133/641 2103/133/631 2099/133/634 363/133/642
f 512/133/497 313/133/369 2092/133/380 2104/133/494
f 1629/133/813 254/133/818 2087/133/305 2163/133/460
f 318/133/376 319/133/379 2098/133/400 2097/133/397
f 2609/133/377 318/133/376 2097/133/397 2634/133/396
f 856/133/375 317/133/374 2096/133/393 2123/133/392
f 491/133/373 316/133/372 2095/133/389 2102/133/388
f 5179/133/371 315/133/370 2094/133/385 5205/133/384
f 313/133/369 314/133/368 2093/133/381 2092/133/380
f 288/133/805 2091/133/280 2087/133/305 254/133/818
f 1448/133/804 2160/133/277 2091/133/280 288/133/805
f 1544/133/253 2162/133/255 2090/133/258 282/133/254
f 2638/133/235 2166/133/237 2089/133/240 2637/133/236
f 2175/133/2259 2177/133/2258 2201/133/2724 2199/133/2725
f 2181/133/2726 2178/133/2294 2202/133/2727 2205/133/2728
f 1245/133/2274 1244/133/999 2173/133/1002 2174/133/2729
f 583/133/1000 2109/133/1019 2175/133/2259 2172/133/1001
f 2152/133/2275 1245/133/2274 2174/133/2729 2176/133/2730
f 2153/133/2257 2152/133/2275 2176/133/2730 2177/133/2258
f 2177/133/2258 2176/133/2730 2200/133/2731 2201/133/2724
f 2188/133/1006 2186/133/1005 2210/133/2732 2212/133/2733
f 1245/133/2274 1354/133/1003 2182/133/2734 2180/133/2292
f 1310/133/1022 583/133/1000 2178/133/2294 2181/133/2726
f 1355/133/2735 1310/133/1022 2181/133/2726 2183/133/2736
f 1354/133/1003 1355/133/2735 2183/133/2736 2182/133/2734
f 2178/133/2294 2179/133/2293 2203/133/2737 2202/133/2727
f 2184/133/2738 2187/133/2739 2211/133/2740 2208/133/2741
f 1243/133/2255 597/133/1010 2184/133/2738 2185/133/2256
f 1310/133/1022 1355/133/2735 2189/133/2742 2187/133/2739
f 597/133/1010 1310/133/1022 2187/133/2739 2184/133/2738
f 1355/133/2735 1354/133/1003 2188/133/1006 2189/133/2742
f 2194/133/1008 2192/133/2743 2216/133/2744 2218/133/2745
f 2191/133/2746 2193/133/2277 2217/133/2747 2215/133/2748
f 597/133/1010 1243/133/2255 2193/133/2277 2191/133/2746
f 1242/133/2529 581/133/1011 2190/133/2749 2192/133/2743
f 1246/133/1007 1242/133/2529 2192/133/2743 2194/133/1008
f 581/133/1011 597/133/1010 2191/133/2746 2190/133/2749
f 2201/133/2724 2197/133/2750 2196/133/2751 2199/133/2725
f 2200/133/2731 2198/133/2752 2197/133/2750 2201/133/2724
f 2204/133/2753 2206/133/2754 2207/133/2755 2203/133/2737
f 2203/133/2737 2207/133/2755 2205/133/2728 2202/133/2727
f 2213/133/2756 2209/133/2757 2208/133/2741 2211/133/2740
f 2212/133/2733 2210/133/2732 2209/133/2757 2213/133/2756
f 2179/133/2293 2180/133/2292 2204/133/2753 2203/133/2737
f 2189/133/2742 2188/133/1006 2212/133/2733 2213/133/2756
f 2173/133/1002 2172/133/1001 2196/133/2751 2197/133/2750
f 2180/133/2292 2182/133/2734 2206/133/2754 2204/133/2753
f 2187/133/2739 2189/133/2742 2213/133/2756 2211/133/2740
f 2174/133/2729 2173/133/1002 2197/133/2750 2198/133/2752
f 2185/133/2256 2184/133/2738 2208/133/2741 2209/133/2757
f 2172/133/1001 2175/133/2259 2199/133/2725 2196/133/2751
f 2182/133/2734 2183/133/2736 2207/133/2755 2206/133/2754
f 2186/133/1005 2185/133/2256 2209/133/2757 2210/133/2732
f 2176/133/2730 2174/133/2729 2198/133/2752 2200/133/2731
f 2183/133/2736 2181/133/2726 2205/133/2728 2207/133/2755
f 2217/133/2747 2216/133/2744 2214/133/2758 2215/133/2748
f 2219/133/2759 2218/133/2745 2216/133/2744 2217/133/2747
f 2192/133/2743 2190/133/2749 2214/133/2758 2216/133/2744
f 2193/133/2277 2195/133/1009 2219/133/2759 2217/133/2747
f 2195/133/1009 2194/133/1008 2218/133/2745 2219/133/2759
f 2190/133/2749 2191/133/2746 2215/133/2748 2214/133/2758
f 764/133/1380 2115/133/1379 2253/133/1488 2247/133/1490
f 608/133/1151 2112/133/1141 2252/133/1516 2222/133/1508
f 766/133/1369 1685/133/1387 2251/133/1491 2232/133/1370
f 600/133/1147 1681/133/1149 2250/133/1511 2233/133/1514
f 765/133/1384 1317/133/1383 2249/133/1489 2231/133/1493
f 603/133/1140 1313/133/1126 2248/133/1518 2236/133/1517
f 602/133/1093 2235/133/1509 2238/133/1505 659/133/1094
f 1313/133/1126 606/133/1125 2220/133/1513 2248/133/1518
f 601/133/1130 611/133/1129 2224/133/1163 2234/133/1515
f 609/133/1136 604/133/1135 2237/133/1507 2223/133/1510
f 2112/133/1141 603/133/1140 2236/133/1517 2252/133/1516
f 607/133/1145 601/133/1130 2234/133/1515 2221/133/1512
f 606/133/1125 600/133/1147 2233/133/1514 2220/133/1513
f 1681/133/1149 607/133/1145 2221/133/1512 2250/133/1511
f 602/133/1093 609/133/1136 2223/133/1510 2235/133/1509
f 604/133/1135 608/133/1151 2222/133/1508 2237/133/1507
f 659/133/1094 2238/133/1505 2239/133/1503 678/133/1205
f 678/133/1205 2239/133/1503 2240/133/1501 694/133/1257
f 694/133/1257 2240/133/1501 2241/133/1499 711/133/1295
f 711/133/1295 2241/133/1499 2242/133/1497 728/133/1326
f 728/133/1326 2242/133/1497 2243/133/1494 745/133/1345
f 745/133/1345 2243/133/1494 2245/133/1487 762/133/1188
f 761/133/1392 765/133/1384 2231/133/1493 2244/133/1492
f 1685/133/1387 761/133/1392 2244/133/1492 2251/133/1491
f 1317/133/1383 764/133/1380 2247/133/1490 2249/133/1489
f 2115/133/1379 763/133/1189 2246/133/1486 2253/133/1488
f 763/133/1189 762/133/1188 2245/133/1487 2246/133/1486
f 813/133/1495 2230/133/1350 2232/133/1370 816/133/1496
f 811/133/1498 2229/133/1312 2230/133/1350 813/133/1495
f 809/133/1500 2228/133/1279 2229/133/1312 811/133/1498
f 807/133/1502 2227/133/1240 2228/133/1279 809/133/1500
f 805/133/1504 2226/133/1228 2227/133/1240 807/133/1502
f 803/133/1506 2225/133/1165 2226/133/1228 805/133/1504
f 797/133/1157 2224/133/1163 2225/133/1165 803/133/1506
f 912/133/2003 2138/133/1989 2295/133/2049 2275/133/2079
f 1111/133/1971 2139/133/2006 2294/133/2085 2278/133/2016
f 1108/133/2001 1962/133/1991 2293/133/2053 2273/133/2076
f 1114/133/1978 1961/133/1998 2292/133/2067 2267/133/2030
f 886/133/2004 1838/133/1979 2291/133/2029 2277/133/2082
f 1117/133/1990 1839/133/1982 2290/133/2035 2263/133/2054
f 1109/133/1997 1707/133/1984 2289/133/2041 2268/133/2068
f 884/133/1987 1706/133/1996 2288/133/2063 2266/133/2047
f 1437/133/2331 1625/133/2000 2287/133/2071 2283/133/2324
f 1101/133/1993 1595/133/2328 2286/133/2321 2276/133/2060
f 1099/133/1999 1532/133/1980 2285/133/2033 2270/133/2072
f 1100/133/1967 1531/133/1994 2284/133/2059 2265/133/2008
f 2424/133/2332 1437/133/2331 2283/133/2324 2501/133/2323
f 1595/133/2328 1438/133/2327 2282/133/2322 2286/133/2321
f 1103/133/1988 1340/133/1970 2281/133/2011 2262/133/2050
f 1112/133/1976 1341/133/1972 2280/133/2015 2255/133/2026
f 2139/133/2006 1110/133/2002 2279/133/2075 2294/133/2085
f 2481/133/2005 886/133/2004 2277/133/2082 2502/133/2081
f 1095/133/1992 912/133/2003 2275/133/2079 2274/133/2057
f 1110/133/2002 1108/133/2001 2273/133/2076 2279/133/2075
f 902/133/1995 1116/133/1985 2272/133/2043 2271/133/2064
f 1625/133/2000 1099/133/1999 2270/133/2072 2287/133/2071
f 1961/133/1998 1109/133/1997 2268/133/2068 2292/133/2067
f 1706/133/1996 902/133/1995 2271/133/2064 2288/133/2063
f 1531/133/1994 1101/133/1993 2276/133/2060 2284/133/2059
f 1115/133/1986 1095/133/1992 2274/133/2057 2264/133/2045
f 1962/133/1991 1117/133/1990 2263/133/2054 2293/133/2053
f 2138/133/1989 1103/133/1988 2262/133/2050 2295/133/2049
f 1098/133/1969 884/133/1987 2266/133/2047 2261/133/2012
f 1102/133/1983 1115/133/1986 2264/133/2045 2260/133/2039
f 1116/133/1985 883/133/1975 2259/133/2023 2272/133/2043
f 1707/133/1984 1113/133/1977 2258/133/2025 2289/133/2041
f 901/133/1973 1102/133/1983 2260/133/2039 2257/133/2020
f 1839/133/1982 1097/133/1981 2269/133/2036 2290/133/2035
f 1532/133/1980 879/133/1974 2256/133/2019 2285/133/2033
f 1838/133/1979 1114/133/1978 2267/133/2030 2291/133/2029
f 1113/133/1977 1112/133/1976 2255/133/2026 2258/133/2025
f 883/133/1975 876/133/1968 2254/133/2007 2259/133/2023
f 879/133/1974 901/133/1973 2257/133/2020 2256/133/2019
f 1341/133/1972 1111/133/1971 2278/133/2016 2280/133/2015
f 1340/133/1970 1098/133/1969 2261/133/2012 2281/133/2011
f 876/133/1968 1100/133/1967 2265/133/2008 2254/133/2007
f 1070/133/1855 2135/133/1850 2337/133/1887 2296/133/1900
f 904/133/1886 2134/133/1873 2336/133/1933 2319/133/1961
f 1067/133/1885 1958/133/1875 2335/133/1937 2317/133/1959
f 1073/133/1862 1957/133/1882 2334/133/1951 2310/133/1914
f 881/133/1847 1834/133/1863 2333/133/1913 2321/133/1964
f 1076/133/1874 1835/133/1866 2332/133/1919 2306/133/1938
f 1068/133/1881 1703/133/1868 2331/133/1925 2311/133/1952
f 878/133/1871 1702/133/1880 2330/133/1947 2309/133/1931
f 1433/133/2339 1623/133/1884 2329/133/1955 2325/133/2336
f 1060/133/1877 1593/133/2344 2328/133/2333 2320/133/1944
f 1058/133/1883 1528/133/1864 2327/133/1917 2313/133/1956
f 1059/133/1851 1527/133/1878 2326/133/1943 2308/133/1892
f 2422/133/2340 1433/133/2339 2325/133/2336 2503/133/2335
f 1593/133/2344 1434/133/2343 2324/133/2334 2328/133/2333
f 1062/133/1872 1336/133/1854 2323/133/1895 2305/133/1934
f 1071/133/1860 1337/133/1856 2322/133/1899 2298/133/1910
f 2479/133/1848 881/133/1847 2321/133/1964 2504/133/1963
f 1054/133/1876 904/133/1886 2319/133/1961 2318/133/1941
f 1069/133/1849 1067/133/1885 2317/133/1959 2316/133/1888
f 894/133/1879 1075/133/1869 2315/133/1927 2314/133/1948
f 1623/133/1884 1058/133/1883 2313/133/1956 2329/133/1955
f 1957/133/1882 1068/133/1881 2311/133/1952 2334/133/1951
f 1702/133/1880 894/133/1879 2314/133/1948 2330/133/1947
f 1527/133/1878 1060/133/1877 2320/133/1944 2326/133/1943
f 1074/133/1870 1054/133/1876 2318/133/1941 2307/133/1929
f 1958/133/1875 1076/133/1874 2306/133/1938 2335/133/1937
f 2134/133/1873 1062/133/1872 2305/133/1934 2336/133/1933
f 1057/133/1853 878/133/1871 2309/133/1931 2304/133/1896
f 1061/133/1867 1074/133/1870 2307/133/1929 2303/133/1923
f 1075/133/1869 877/133/1859 2302/133/1907 2315/133/1927
f 1703/133/1868 1072/133/1861 2301/133/1909 2331/133/1925
f 893/133/1857 1061/133/1867 2303/133/1923 2300/133/1904
f 1835/133/1866 1056/133/1865 2312/133/1920 2332/133/1919
f 1528/133/1864 875/133/1858 2299/133/1903 2327/133/1917
f 1834/133/1863 1073/133/1862 2310/133/1914 2333/133/1913
f 1072/133/1861 1071/133/1860 2298/133/1910 2301/133/1909
f 877/133/1859 874/133/1852 2297/133/1891 2302/133/1907
f 875/133/1858 893/133/1857 2300/133/1904 2299/133/1903
f 1337/133/1856 1070/133/1855 2296/133/1900 2322/133/1899
f 1336/133/1854 1057/133/1853 2304/133/1896 2323/133/1895
f 874/133/1852 1059/133/1851 2308/133/1892 2297/133/1891
f 2135/133/1850 1069/133/1849 2316/133/1888 2337/133/1887
f 1997/133/2712 2073/133/2713 2353/133/2760 2341/133/2761
f 2341/133/2761 2353/133/2760 2354/133/2762 2342/133/2763
f 2342/133/2763 2354/133/2762 2355/133/2764 2343/133/2765
f 1996/133/2708 1999/133/2707 2349/133/2766 2338/133/2767
f 2338/133/2767 2349/133/2766 2348/133/2768 2339/133/2769
f 2339/133/2769 2348/133/2768 2347/133/2770 2340/133/2771
f 1999/133/2707 4497/133/2709 4853/133/2772 2349/133/2766
f 2349/133/2766 4853/133/2772 4854/133/2773 2348/133/2768
f 2348/133/2768 4854/133/2773 4855/133/2774 2347/133/2770
f 2000/133/2711 1998/133/2710 2344/133/2775 2352/133/2776
f 2352/133/2776 2344/133/2775 2345/133/2777 2351/133/2778
f 2351/133/2778 2345/133/2777 2346/133/2779 2350/133/2780
f 1998/133/2710 1997/133/2712 2341/133/2761 2344/133/2775
f 2344/133/2775 2341/133/2761 2342/133/2763 2345/133/2777
f 2345/133/2777 2342/133/2763 2343/133/2765 2346/133/2779
f 2073/133/2713 1996/133/2708 2338/133/2767 2353/133/2760
f 2353/133/2760 2338/133/2767 2339/133/2769 2354/133/2762
f 2354/133/2762 2339/133/2769 2340/133/2771 2355/133/2764
f 4501/133/2714 2000/133/2711 2352/133/2776 4867/133/2781
f 4867/133/2781 2352/133/2776 2351/133/2778 4866/133/2782
f 4866/133/2782 2351/133/2778 2350/133/2780 4865/133/2783
f 2343/133/2765 2355/133/2764 2362/133/2784 2358/133/2785
f 2358/133/2785 2362/133/2784 2363/133/2679 2359/133/2684
f 2340/133/2771 2347/133/2770 2365/133/2786 2356/133/2787
f 2356/133/2787 2365/133/2786 2364/133/2695 2357/133/2680
f 2347/133/2770 4855/133/2774 4875/133/2788 2365/133/2786
f 2365/133/2786 4875/133/2788 4876/133/2696 2364/133/2695
f 2350/133/2780 2346/133/2779 2360/133/2789 2367/133/2790
f 2367/133/2790 2360/133/2789 2361/133/2683 2366/133/2676
f 2346/133/2779 2343/133/2765 2358/133/2785 2360/133/2789
f 2360/133/2789 2358/133/2785 2359/133/2684 2361/133/2683
f 2355/133/2764 2340/133/2771 2356/133/2787 2362/133/2784
f 2362/133/2784 2356/133/2787 2357/133/2680 2363/133/2679
f 4865/133/2783 2350/133/2780 2367/133/2790 4886/133/2791
f 4886/133/2791 2367/133/2790 2366/133/2676 4885/133/2675
f 315/133/370 2373/133/935 2395/133/932 2094/133/385
f 938/133/1821 4904/133/1761 4917/133/2792 1860/133/548
f 2819/133/2793 4900/133/2645 2394/133/1762 5351/133/2794
f 5352/133/2795 2383/133/1765 2393/133/916 5344/133/2796
f 357/133/527 2379/133/923 2392/133/1758 1815/133/1820
f 336/133/426 2376/133/930 2391/133/926 1667/133/482
f 5354/133/2797 2399/133/2524 2390/133/914 5346/133/2798
f 350/133/505 2378/133/925 2389/133/2429 1605/133/2497
f 5347/133/2799 2381/133/915 2388/133/913 5348/133/2800
f 343/133/568 2377/133/919 2387/133/924 1454/133/504
f 5353/133/2801 2505/133/2802 2399/133/2524 5354/133/2797
f 1605/133/2497 2389/133/2429 2385/133/2432 1370/133/2498
f 322/133/386 2374/133/933 2384/133/931 1295/133/407
f 5351/133/2794 2394/133/1762 2383/133/1765 5352/133/2795
f 1815/133/1820 2392/133/1758 4904/133/1761 938/133/1821
f 294/133/335 2370/133/928 2371/133/936 301/133/336
f 301/133/336 2371/133/936 2372/133/934 308/133/356
f 308/133/356 2372/133/934 2373/133/935 315/133/370
f 2094/133/385 2395/133/932 2374/133/933 322/133/386
f 1295/133/407 2384/133/931 2375/133/929 329/133/408
f 329/133/408 2375/133/929 2376/133/930 336/133/426
f 5391/133/440 5285/133/927 2370/133/928 294/133/335
f 1667/133/482 2391/133/926 2369/133/918 239/133/483
f 1454/133/504 2387/133/924 2378/133/925 350/133/505
f 2404/133/526 2506/133/922 2379/133/923 357/133/527
f 1860/133/548 4917/133/2792 4899/133/2803 2784/133/549
f 239/133/483 2369/133/918 2377/133/919 343/133/568
f 5344/133/2796 2393/133/916 2396/133/917 5345/133/2804
f 5346/133/2798 2390/133/914 2381/133/915 5347/133/2799
f 5348/133/2800 2388/133/913 2382/133/911 5349/133/2805
f 5349/133/2805 2382/133/911 2368/133/912 5350/133/2806
f 498/133/2807 2380/133/2808 2396/133/917 2397/133/694
f 2507/133/2434 498/133/2807 2397/133/694 2447/133/2465
f 2386/133/2436 1391/133/2435 2398/133/2466 2399/133/2524
f 2508/133/2433 2386/133/2436 2399/133/2524 2505/133/2802
f 2380/133/2808 2508/133/2433 2505/133/2802 2396/133/917
f 1391/133/2435 2507/133/2434 2447/133/2465 2398/133/2466
f 1370/133/2498 2385/133/2432 2506/133/922 2404/133/526
f 5345/133/2804 2396/133/917 2505/133/2802 5353/133/2801
f 1434/133/2343 2479/133/1848 2504/133/1963 2324/133/2334
f 1056/133/1865 2422/133/2340 2503/133/2335 2312/133/1920
f 1438/133/2327 2481/133/2005 2502/133/2081 2282/133/2322
f 1097/133/1981 2424/133/2332 2501/133/2323 2269/133/2036
f 1143/133/2155 2124/133/2152 2500/133/2307 2474/133/2305
f 2637/133/236 2089/133/240 2499/133/2512 2639/133/2515
f 1757/133/2551 2492/133/2599 2498/133/1424 2049/133/2378
f 1746/133/2592 2491/133/2553 2497/133/2365 2061/133/1435
f 778/133/1482 2418/133/2376 2496/133/2552 2012/133/2591
f 1421/133/2369 2470/133/1473 2495/133/2596 2028/133/2550
f 1443/133/2315 2484/133/2124 2494/133/1565 1970/133/2352
f 1135/133/2100 2426/133/2320 2493/133/2355 1943/133/1576
f 2028/133/2550 2495/133/2596 2492/133/2599 1757/133/2551
f 2012/133/2591 2496/133/2552 2491/133/2553 1746/133/2592
f 899/133/1567 1710/133/1604 2490/133/2349 2483/133/1568
f 278/133/246 1660/133/290 2489/133/2506 2433/133/2509
f 1374/133/2492 1653/133/2489 2488/133/580 2408/133/541
f 391/133/704 1636/133/752 2487/133/2455 2444/133/2460
f 273/133/232 274/133/231 2429/133/2518 2428/133/2503
f 274/133/231 275/133/234 2430/133/2514 2429/133/2518
f 275/133/234 2637/133/236 2639/133/2515 2430/133/2514
f 2089/133/240 276/133/239 2431/133/2295 2499/133/2512
f 1290/133/244 277/133/243 2432/133/2508 2486/133/2296
f 277/133/243 278/133/246 2433/133/2509 2432/133/2508
f 1660/133/290 269/133/289 2400/133/581 2489/133/2506
f 5242/133/329 273/133/232 2428/133/2503 5286/133/2502
f 370/133/612 2435/133/2483 2409/133/2473 369/133/667
f 370/133/612 371/133/611 2436/133/2479 2435/133/2483
f 371/133/611 372/133/614 2437/133/2480 2436/133/2479
f 5252/133/650 272/133/649 2401/133/2427 5287/133/2477
f 369/133/667 2409/133/2473 2452/133/2411 563/133/987
f 385/133/686 386/133/685 2439/133/2471 2438/133/2453
f 5238/133/2809 5226/133/2810 5426/133/2811 5431/133/2812
f 2397/133/694 388/133/693 2441/133/2361 2447/133/2465
f 863/133/698 389/133/697 2442/133/2449 2471/133/2362
f 2616/133/702 390/133/701 2443/133/2459 2635/133/2463
f 390/133/701 391/133/704 2444/133/2460 2443/133/2459
f 1636/133/752 258/133/751 2427/133/2456 2487/133/2455
f 530/133/777 385/133/686 2438/133/2453 2449/133/2425
f 389/133/697 480/133/849 2445/133/2450 2442/133/2449
f 2553/133/853 481/133/852 2446/133/2446 2571/133/2445
f 2380/133/2808 498/133/2807 2507/133/2434 2508/133/2433
f 272/133/649 529/133/938 2448/133/2415 2401/133/2427
f 545/133/940 530/133/777 2449/133/2425 2450/133/2416
f 529/133/938 545/133/940 2450/133/2416 2448/133/2415
f 563/133/987 2452/133/2411 2461/133/2405 642/133/1152
f 732/133/1367 2465/133/2384 2467/133/2407 702/133/1394
f 702/133/1394 2467/133/2407 2417/133/2373 776/133/1480
f 642/133/1152 2461/133/2405 2453/133/2399 564/133/1215
f 564/133/1215 2453/133/2399 2462/133/2395 657/133/1250
f 657/133/1250 2462/133/2395 2454/133/2393 566/133/1286
f 566/133/1286 2454/133/2393 2463/133/2389 696/133/1315
f 696/133/1315 2463/133/2389 2455/133/2381 567/133/1338
f 567/133/1338 2455/133/2381 2465/133/2384 732/133/1367
f 776/133/1480 2417/133/2373 2418/133/2376 778/133/1482
f 2061/133/1435 2497/133/2365 2420/133/2347 896/133/1436
f 388/133/693 863/133/698 2471/133/2362 2441/133/2361
f 1943/133/1576 2493/133/2355 2476/133/2311 1134/133/1577
f 1710/133/1604 1145/133/1603 2472/133/2303 2490/133/2349
f 896/133/1436 2420/133/2347 2421/133/2337 1031/133/1622
f 1031/133/1622 2421/133/2337 2422/133/2340 1056/133/1865
f 2312/133/1920 2503/133/2335 2423/133/2329 1010/133/1921
f 1010/133/1921 2423/133/2329 2424/133/2332 1097/133/1981
f 2269/133/2036 2501/133/2323 2425/133/2317 1021/133/2037
f 1021/133/2037 2425/133/2317 2426/133/2320 1135/133/2100
f 1142/133/2150 1134/133/1577 2476/133/2311 2475/133/2308
f 2124/133/2152 1142/133/2150 2475/133/2308 2500/133/2307
f 1326/133/2156 1143/133/2155 2474/133/2305 2485/133/2300
f 1145/133/1603 1144/133/2158 2473/133/2299 2472/133/2303
f 1144/133/2158 1326/133/2156 2485/133/2300 2473/133/2299
f 276/133/239 1290/133/244 2486/133/2296 2431/133/2295
f 1440/133/2314 2482/133/2084 2484/133/2124 1443/133/2315
f 2282/133/2322 2502/133/2081 2482/133/2084 1440/133/2314
f 1436/133/2326 2480/133/1966 2481/133/2005 1438/133/2327
f 2324/133/2334 2504/133/1963 2480/133/1966 1436/133/2326
f 1432/133/2342 2478/133/1656 2479/133/1848 1434/133/2343
f 1430/133/2346 2477/133/1427 2478/133/1656 1432/133/2342
f 1970/133/2352 2494/133/1565 2483/133/1568 1441/133/2353
f 1371/133/2360 1423/133/2359 2419/133/533 2405/133/530
f 1420/133/2368 2469/133/1471 2470/133/1473 1421/133/2369
f 1417/133/2372 2468/133/1397 2469/133/1471 1420/133/2368
f 2049/133/2378 2498/133/1424 2477/133/1427 1430/133/2346
f 1409/133/2380 2460/133/1357 2468/133/1397 1417/133/2372
f 1415/133/2386 2466/133/1355 2460/133/1357 1409/133/2380
f 1408/133/2388 2459/133/1329 2466/133/1355 1415/133/2386
f 1413/133/2392 2464/133/1285 2459/133/1329 1408/133/2388
f 1407/133/2398 2458/133/1265 2464/133/1285 1413/133/2392
f 1405/133/2402 2456/133/1226 2458/133/1265 1407/133/2398
f 1406/133/2404 2457/133/1169 2456/133/1226 1405/133/2402
f 1399/133/2410 2451/133/1057 2457/133/1169 1406/133/2404
f 1399/133/2410 1404/133/2414 2416/133/672 2451/133/1057
f 1395/133/2422 1397/133/2421 2415/133/955 2413/133/597
f 1397/133/2421 1396/133/2424 2414/133/589 2415/133/955
f 2385/133/2432 1392/133/2431 2412/133/529 2506/133/922
f 2559/133/2440 1390/133/2439 2411/133/869 2572/133/868
f 1372/133/2444 1389/133/2443 2410/133/866 2406/133/534
f 1375/133/2476 2434/133/600 2416/133/672 1404/133/2414
f 1395/133/2422 2413/133/597 2434/133/600 1375/133/2476
f 1396/133/2424 1368/133/2486 2402/133/521 2414/133/589
f 1653/133/2489 1359/133/2488 2400/133/581 2488/133/580
f 1373/133/2493 1374/133/2492 2408/133/541 2407/133/538
f 2624/133/2495 1373/133/2493 2407/133/538 2636/133/537
f 1423/133/2359 1372/133/2444 2406/133/534 2419/133/533
f 1392/133/2431 1371/133/2360 2405/133/530 2412/133/529
f 5195/133/2499 1370/133/2498 2404/133/526 5207/133/525
f 1368/133/2486 1369/133/2501 2403/133/522 2402/133/521
f 2578/133/2813 2528/133/2814 2540/133/2815 2590/133/2816
f 2602/133/2817 2520/133/2818 2539/133/2819 2589/133/2820
f 2595/133/2821 2513/133/2822 2538/133/2823 2588/133/2824
f 2575/133/2825 2525/133/2826 2537/133/2827 2587/133/2828
f 5130/133/2829 5044/133/2829 2536/133/2830 2586/133/2831
f 2574/133/2832 2524/133/2833 2535/133/2834 2585/133/2835
f 2601/133/2836 2519/133/2837 2534/133/2838 2584/133/2839
f 2598/133/2840 2516/133/2841 2533/133/2842 2583/133/2843
f 2577/133/2844 2527/133/2845 2532/133/2846 2582/133/2847
f 2600/133/2848 2518/133/2849 2531/133/2850 2581/133/2851
f 2599/133/2852 2517/133/2853 2530/133/2854 2580/133/2855
f 2603/133/2856 2521/133/2857 2529/133/2858 2579/133/2859
f 2581/133/2851 2531/133/2850 2528/133/2814 2578/133/2813
f 2589/133/2820 2539/133/2819 2527/133/2845 2577/133/2844
f 2596/133/2860 2514/133/2861 2526/133/2862 2576/133/2863
f 2584/133/2839 2534/133/2838 2525/133/2826 2575/133/2825
f 2586/133/2831 2536/133/2830 2524/133/2833 2574/133/2832
f 2604/133/2864 2522/133/2865 2523/133/2866 2573/133/2867
f 2579/133/2859 2529/133/2858 2522/133/2865 2604/133/2864
f 2582/133/2847 2532/133/2846 2521/133/2857 2603/133/2856
f 2585/133/2835 2535/133/2834 2520/133/2818 2602/133/2817
f 2591/133/2868 2509/133/2869 2517/133/2853 2599/133/2852
f 2587/133/2828 2537/133/2827 5043/133/2870 5129/133/2871
f 2590/133/2816 2540/133/2815 2519/133/2837 2601/133/2836
f 2580/133/2855 2530/133/2854 2518/133/2849 2600/133/2848
f 2583/133/2843 2533/133/2842 2509/133/2869 2591/133/2868
f 5290/133/2872 5288/133/2873 2510/133/2874 2592/133/2875
f 2597/133/2876 2515/133/2877 2516/133/2841 2598/133/2840
f 2576/133/2863 2526/133/2862 2515/133/2877 2597/133/2876
f 2588/133/2824 2538/133/2823 2514/133/2861 2596/133/2860
f 2594/133/2878 2512/133/2879 2513/133/2822 2595/133/2821
f 2593/133/2880 2511/133/2881 2512/133/2879 2594/133/2878
f 2592/133/2875 2510/133/2874 2511/133/2881 2593/133/2880
f 1389/133/2443 2559/133/2440 2572/133/868 2410/133/866
f 480/133/849 2553/133/853 2571/133/2445 2445/133/2450
f 466/133/903 2546/133/907 2570/133/898 2100/133/896
f 957/133/1772 2556/133/1769 2569/133/862 1866/133/860
f 2921/133/2642 5079/133/2643 2568/133/1774 1896/133/1779
f 955/133/1780 2557/133/1777 2567/133/850 1781/133/848
f 478/133/867 2552/133/871 2566/133/1766 1821/133/1771
f 472/133/888 2549/133/892 2565/133/879 1671/133/878
f 1387/133/2451 2560/133/2448 2564/133/844 1559/133/842
f 476/133/873 2551/133/877 2563/133/2437 1611/133/2442
f 482/133/843 2554/133/847 2562/133/840 1481/133/839
f 474/133/855 2550/133/859 2561/133/874 1483/133/872
f 2445/133/2450 2571/133/2445 2560/133/2448 1387/133/2451
f 1611/133/2442 2563/133/2437 2559/133/2440 1389/133/2443
f 468/133/897 2547/133/901 2558/133/894 1301/133/893
f 1896/133/1779 2568/133/1774 2557/133/1777 955/133/1780
f 1821/133/1771 2566/133/1766 2556/133/1769 957/133/1772
f 460/133/882 2543/133/886 2544/133/909 462/133/908
f 462/133/908 2544/133/909 2545/133/904 464/133/902
f 464/133/902 2545/133/904 2546/133/907 466/133/903
f 2100/133/896 2570/133/898 2547/133/901 468/133/897
f 1301/133/893 2558/133/894 2548/133/889 470/133/887
f 470/133/887 2548/133/889 2549/133/892 472/133/888
f 5261/133/881 5289/133/883 2543/133/886 460/133/882
f 1671/133/878 2565/133/879 2541/133/856 456/133/854
f 1483/133/872 2561/133/874 2551/133/877 476/133/873
f 2410/133/866 2572/133/868 2552/133/871 478/133/867
f 1866/133/860 2569/133/862 5078/133/865 2919/133/861
f 456/133/854 2541/133/856 2550/133/859 474/133/855
f 1781/133/848 2567/133/850 2553/133/853 480/133/849
f 1559/133/842 2564/133/844 2554/133/847 482/133/843
f 1481/133/839 2562/133/840 2555/133/835 484/133/833
f 484/133/833 2555/133/835 2542/133/838 459/133/834
f 461/133/885 2592/133/2875 2593/133/2880 463/133/910
f 463/133/910 2593/133/2880 2594/133/2878 465/133/905
f 465/133/905 2594/133/2878 2595/133/2821 467/133/906
f 2101/133/899 2588/133/2824 2596/133/2860 469/133/900
f 1302/133/895 2576/133/2863 2597/133/2876 471/133/890
f 471/133/890 2597/133/2876 2598/133/2840 473/133/891
f 5262/133/884 5290/133/2872 2592/133/2875 461/133/885
f 1672/133/880 2583/133/2843 2591/133/2868 457/133/857
f 1484/133/875 2580/133/2855 2600/133/2848 477/133/876
f 2411/133/869 2590/133/2816 2601/133/2836 479/133/870
f 1867/133/863 2587/133/2828 5129/133/2871 2920/133/864
f 457/133/857 2591/133/2868 2599/133/2852 475/133/858
f 1782/133/851 2585/133/2835 2602/133/2817 481/133/852
f 1560/133/845 2582/133/2847 2603/133/2856 483/133/846
f 1482/133/841 2579/133/2859 2604/133/2864 485/133/836
f 485/133/836 2604/133/2864 2573/133/2867 458/133/837
f 1897/133/1775 2586/133/2831 2574/133/2832 956/133/1776
f 1822/133/1767 2584/133/2839 2575/133/2825 958/133/1768
f 469/133/900 2596/133/2860 2576/133/2863 1302/133/895
f 2446/133/2446 2589/133/2820 2577/133/2844 1388/133/2447
f 1612/133/2438 2581/133/2851 2578/133/2813 1390/133/2439
f 483/133/846 2603/133/2856 2579/133/2859 1482/133/841
f 475/133/858 2599/133/2852 2580/133/2855 1484/133/875
f 477/133/876 2600/133/2848 2581/133/2851 1612/133/2438
f 1388/133/2447 2577/133/2844 2582/133/2847 1560/133/845
f 473/133/891 2598/133/2840 2583/133/2843 1672/133/880
f 479/133/870 2601/133/2836 2584/133/2839 1822/133/1767
f 956/133/1776 2574/133/2832 2585/133/2835 1782/133/851
f 2922/133/2644 5130/133/2829 2586/133/2831 1897/133/1775
f 958/133/1768 2575/133/2825 2587/133/2828 1867/133/863
f 467/133/906 2595/133/2821 2588/133/2824 2101/133/899
f 481/133/852 2602/133/2817 2589/133/2820 2446/133/2446
f 1390/133/2439 2578/133/2813 2590/133/2816 2411/133/869
f 2528/133/2814 2624/133/2495 2636/133/537 2540/133/2815
f 2520/133/2818 2616/133/702 2635/133/2463 2539/133/2819
f 2513/133/2822 2609/133/377 2634/133/396 2538/133/2823
f 2525/133/2826 2621/133/1818 2633/133/559 2537/133/2827
f 5044/133/2829 5146/133/2638 2632/133/1792 2536/133/2830
f 2524/133/2833 2620/133/1793 2631/133/699 2535/133/2834
f 2519/133/2837 2615/133/540 2630/133/1817 2534/133/2838
f 2516/133/2841 2612/133/433 2629/133/471 2533/133/2842
f 2527/133/2845 2623/133/2464 2628/133/721 2532/133/2846
f 2518/133/2849 2614/133/518 2627/133/2494 2531/133/2850
f 2517/133/2853 2613/133/575 2626/133/515 2530/133/2854
f 2521/133/2857 2617/133/724 2625/133/743 2529/133/2858
f 2531/133/2850 2627/133/2494 2624/133/2495 2528/133/2814
f 2539/133/2819 2635/133/2463 2623/133/2464 2527/133/2845
f 2514/133/2861 2610/133/399 2622/133/418 2526/133/2862
f 2534/133/2838 2630/133/1817 2621/133/1818 2525/133/2826
f 2536/133/2830 2632/133/1792 2620/133/1793 2524/133/2833
f 2522/133/2865 2618/133/746 2619/133/760 2523/133/2866
f 2529/133/2858 2625/133/743 2618/133/746 2522/133/2865
f 2532/133/2846 2628/133/721 2617/133/724 2521/133/2857
f 2535/133/2834 2631/133/699 2616/133/702 2520/133/2818
f 2509/133/2869 2605/133/472 2613/133/575 2517/133/2853
f 2537/133/2827 2633/133/559 5145/133/562 5043/133/2870
f 2540/133/2815 2636/133/537 2615/133/540 2519/133/2837
f 2530/133/2854 2626/133/515 2614/133/518 2518/133/2849
f 2533/133/2842 2629/133/471 2605/133/472 2509/133/2869
f 5288/133/2873 5291/133/445 2606/133/346 2510/133/2874
f 2515/133/2877 2611/133/421 2612/133/433 2516/133/2841
f 2526/133/2862 2622/133/418 2611/133/421 2515/133/2877
f 2538/133/2823 2634/133/396 2610/133/399 2514/133/2861
f 2512/133/2879 2608/133/363 2609/133/377 2513/133/2822
f 2511/133/2881 2607/133/349 2608/133/363 2512/133/2879
f 2510/133/2874 2606/133/346 2607/133/349 2511/133/2881
f 4255/133/2882 2693/133/2883 2694/133/2884 4256/133/2885
f 4256/133/2885 2694/133/2884 2695/133/2886 4257/133/2887
f 4257/133/2887 2695/133/2886 5169/133/2888 5171/133/2889
f 4675/133/2890 4597/133/2891 2696/133/2892 4258/133/2893
f 4340/133/2894 3775/133/2895 2697/133/2896 4259/133/2897
f 4259/133/2897 2697/133/2896 2698/133/2898 4260/133/2899
f 4027/133/2900 2699/133/2901 2700/133/2902 4028/133/2903
f 4028/133/2903 2700/133/2902 2701/133/2904 4029/133/2905
f 4029/133/2905 2701/133/2904 2702/133/2906 5170/133/2907
f 4671/133/2908 4598/133/2909 2703/133/2910 4030/133/2911
f 4085/133/2912 3776/133/2913 2704/133/2914 4031/133/2915
f 4031/133/2915 2704/133/2914 2705/133/2916 4032/133/2917
f 3966/133/2918 3962/133/2919 2865/133/2920 2662/133/2921
f 2878/133/2922 2853/133/2923 2854/133/2924 2879/133/2925
f 5301/133/2926 5320/133/2927 3752/133/2928 2655/133/2929
f 4669/133/2930 4599/133/2931 2709/133/2932 3935/133/2933
f 4025/133/2934 3777/133/2935 2710/133/2936 3936/133/2937
f 3936/133/2937 2710/133/2936 2711/133/2938 3937/133/2939
f 4344/133/2940 4148/133/2941 2681/133/2942 4302/133/2943
f 4222/133/2944 4149/133/2945 2680/133/2946 4086/133/2947
f 4220/133/2948 4150/133/2949 2679/133/2950 3932/133/2951
f 4150/133/2949 4145/133/2952 2642/133/2953 2679/133/2950
f 2710/133/2936 2667/133/2954 2668/133/2955 2711/133/2938
f 3777/133/2935 3772/133/2956 2667/133/2954 2710/133/2936
f 4599/133/2931 4594/133/2957 2666/133/2958 2709/133/2932
f 2664/133/2959 3754/133/2960 3753/133/2961 2663/133/2962
f 2870/133/2963 2864/133/2964 2863/133/2965 2706/133/2966
f 2866/133/2967 3767/133/2968 3763/133/2969 2846/133/2970
f 2874/133/2971 2860/133/2972 2850/133/2973 2867/133/2974
f 4135/133/2975 4130/133/2976 2851/133/2977 2875/133/2978
f 5329/133/2979 5293/133/2980 2699/133/2901 4027/133/2900
f 5332/133/2981 5294/133/2982 2693/133/2883 4255/133/2882
f 2712/133/2983 2719/133/2984 2720/133/2985 2713/133/2986
f 5210/133/2987 5211/133/2988 2721/133/2989 2714/133/2990
f 2931/133/2991 2932/133/2992 2722/133/2993 2715/133/2994
f 3327/133/2995 3328/133/2996 2723/133/2997 2716/133/2998
f 5135/133/2999 5136/133/3000 2724/133/3001 2717/133/3002
f 2892/133/3003 2887/133/3004 2885/133/3005 2891/133/3006
f 2719/133/2984 2726/133/3007 2727/133/3008 2720/133/2985
f 5211/133/2988 5212/133/3009 2728/133/3010 2721/133/2989
f 2932/133/2992 2933/133/3011 2729/133/3012 2722/133/2993
f 3328/133/2996 3329/133/3013 2730/133/3014 2723/133/2997
f 5136/133/3000 5137/133/3015 2731/133/3016 2724/133/3001
f 2890/133/3017 2884/133/3018 2886/133/3019 2889/133/3020
f 2726/133/3007 2733/133/3021 2734/133/3022 2727/133/3008
f 5212/133/3009 5213/133/3023 2735/133/3024 2728/133/3010
f 2933/133/3011 2934/133/3025 2736/133/3026 2729/133/3012
f 3329/133/3013 3330/133/3027 2737/133/3028 2730/133/3014
f 5137/133/3015 5138/133/3029 2738/133/3030 2731/133/3016
f 2731/133/3016 2738/133/3030 2739/133/3031 2732/133/3032
f 4600/133/3033 2740/133/3034 2741/133/3035 4601/133/3036
f 5237/133/3037 5214/133/3038 2742/133/3039 4602/133/3040
f 4610/133/3041 2935/133/3042 2743/133/3043 4603/133/3044
f 4631/133/3045 3331/133/3046 2744/133/3047 4604/133/3048
f 5165/133/3049 5139/133/3050 2745/133/3051 4605/133/3052
f 4605/133/3052 2745/133/3051 2746/133/3053 4606/133/3054
f 3778/133/3055 2747/133/3056 2748/133/3057 3779/133/3058
f 5225/133/3059 5215/133/3060 2749/133/3061 3780/133/3062
f 3788/133/3063 2936/133/3064 2750/133/3065 3781/133/3066
f 3810/133/3067 3332/133/3068 2751/133/3069 3782/133/3070
f 5153/133/3071 5140/133/3072 2752/133/3073 3783/133/3074
f 3783/133/3074 2752/133/3073 2753/133/3075 3784/133/3076
f 2747/133/3056 2754/133/3077 2755/133/3078 2748/133/3057
f 5215/133/3060 5216/133/3079 2756/133/3080 2749/133/3061
f 2936/133/3064 2937/133/3081 2757/133/3082 2750/133/3065
f 3332/133/3068 3333/133/3083 2758/133/3084 2751/133/3069
f 5140/133/3072 5141/133/3085 2759/133/3086 2752/133/3073
f 2752/133/3073 2759/133/3086 2760/133/3087 2753/133/3075
f 5315/133/3088 2963/133/3089 2712/133/2983 5295/133/3090
f 5295/133/3090 2712/133/2983 2713/133/2986 5296/133/3091
f 5379/133/3092 5210/133/2987 2714/133/2990 5392/133/3093
f 5313/133/3094 2931/133/2991 2715/133/2994 5298/133/3095
f 5317/133/3096 3327/133/2995 2716/133/2998 5299/133/3097
f 5341/133/3098 5135/133/2999 2717/133/3002 5300/133/3099
f 5300/133/3099 2717/133/3002 2718/133/3100 5301/133/2926
f 4133/133/3101 4129/133/3102 2864/133/2964 2870/133/2963
f 2882/133/3103 2855/133/3104 2856/133/3105 2871/133/3106
f 5308/133/3107 5321/133/3108 3764/133/3109 2861/133/3110
f 3964/133/3111 3961/133/3112 2860/133/2972 2874/133/2971
f 4672/133/3113 4115/133/3114 2666/133/2958 4594/133/2957
f 4138/133/3115 4116/133/3116 2667/133/2954 3772/133/2956
f 4116/133/3116 4117/133/3117 2668/133/2955 2667/133/2954
f 4223/133/3118 4113/133/3119 2642/133/2953 4145/133/2952
f 4152/133/3120 2653/133/3121 2654/133/3122 4151/133/3123
f 5160/133/3124 5134/133/3125 2653/133/3121 4152/133/3120
f 4180/133/3126 3325/133/3127 2652/133/3128 4153/133/3129
f 4161/133/3130 2929/133/3131 2651/133/3132 4154/133/3133
f 5232/133/3134 5208/133/3135 2650/133/3136 4155/133/3137
f 4157/133/3138 2648/133/3139 2649/133/3140 4156/133/3141
f 4163/133/3142 2947/133/3143 2648/133/3139 4157/133/3138
f 2953/133/3144 2951/133/3145 2754/133/3077 2747/133/3056
f 3790/133/3146 2953/133/3144 2747/133/3056 3778/133/3055
f 4612/133/3147 2955/133/3148 2740/133/3034 4600/133/3033
f 2959/133/3149 2957/133/3150 2733/133/3021 2726/133/3007
f 2961/133/3151 2959/133/3149 2726/133/3007 2719/133/2984
f 2963/133/3089 2961/133/3151 2719/133/2984 2712/133/2983
f 3938/133/3152 2768/133/3153 2769/133/3154 3939/133/3155
f 5229/133/3156 5218/133/3157 2770/133/3158 3940/133/3159
f 3972/133/3160 2939/133/3161 2771/133/3162 3941/133/3163
f 4003/133/3164 3335/133/3165 2772/133/3166 3942/133/3167
f 5157/133/3168 5143/133/3169 2773/133/3170 3943/133/3171
f 3943/133/3171 2773/133/3170 2774/133/3172 3944/133/3173
f 4925/133/3174 2775/133/3175 2776/133/3176 4926/133/3177
f 5239/133/3178 5219/133/3179 2777/133/3180 4927/133/3181
f 4935/133/3182 2940/133/3183 2778/133/3184 4928/133/3185
f 4942/133/3186 3336/133/3187 2779/133/3188 4929/133/3189
f 5167/133/3190 5144/133/3191 2780/133/3192 4930/133/3193
f 4930/133/3193 2780/133/3192 2781/133/3194 4931/133/3195
f 4349/133/3196 2782/133/546 2783/133/545 4350/133/3197
f 5236/133/3198 5186/133/550 2784/133/549 4351/133/3199
f 4359/133/3200 2941/133/554 2785/133/553 4352/133/3201
f 4366/133/3202 3337/133/558 2786/133/557 4353/133/3203
f 5164/133/3204 5145/133/562 2787/133/561 4354/133/3205
f 4354/133/3205 2787/133/561 2788/133/564 4355/133/3206
f 2947/133/3143 2971/133/3207 2761/133/3208 2648/133/3139
f 2648/133/3139 2761/133/3208 2762/133/3209 2649/133/3140
f 5208/133/3135 5217/133/3210 2763/133/3211 2650/133/3136
f 2929/133/3131 2938/133/3212 2764/133/3213 2651/133/3132
f 3325/133/3127 3334/133/3214 2765/133/3215 2652/133/3128
f 5134/133/3125 5142/133/3216 2766/133/3217 2653/133/3121
f 2653/133/3121 2766/133/3217 2767/133/3218 2654/133/3122
f 4113/133/3119 4118/133/3219 2679/133/2950 2642/133/2953
f 4142/133/3220 4119/133/3221 2680/133/2946 3932/133/2951
f 5011/133/3222 4120/133/3223 2681/133/2942 4923/133/3224
f 4423/133/3225 4121/133/586 2682/133/585 4347/133/3226
f 4361/133/3227 2965/133/588 2782/133/546 4349/133/3196
f 4937/133/3228 2967/133/3229 2775/133/3175 4925/133/3174
f 3976/133/3230 2969/133/3231 2768/133/3153 3938/133/3152
f 4211/133/3232 4212/133/3233 3742/133/3234 3736/133/3235
f 4936/133/3236 4957/133/3237 2806/133/3238 2966/133/3239
f 4034/133/3240 4095/133/3241 2644/133/3242 2807/133/3243
f 3789/133/3244 3785/133/3245 2798/133/3246 2952/133/3247
f 4261/133/3248 2800/133/3249 2801/133/3250 4262/133/3251
f 4262/133/3251 2801/133/3250 2802/133/3252 4263/133/3253
f 2814/133/3254 2792/133/3255 2813/133/3256 2676/133/3257
f 3975/133/3258 3945/133/3259 2789/133/3260 2968/133/3261
f 3947/133/3262 3946/133/3263 2792/133/3255 2814/133/3254
f 2676/133/3257 2813/133/3256 2810/133/3264 2958/133/3265
f 4034/133/3240 2807/133/3243 2808/133/3266 4035/133/3267
f 4035/133/3267 2808/133/3266 2809/133/3268 4036/133/3269
f 4611/133/3270 4607/133/3271 2812/133/3272 2954/133/3273
f 2946/133/3274 2811/133/3275 2804/133/3276 2970/133/3277
f 4162/133/3278 4158/133/3279 2811/133/3275 2946/133/3274
f 2958/133/3265 2810/133/3264 2790/133/3280 2956/133/3281
f 3947/133/3262 2814/133/3254 2815/133/3282 3948/133/3283
f 3948/133/3283 2815/133/3282 2816/133/3284 3949/133/3285
f 5331/133/3286 5302/133/3287 2685/133/3288 4303/133/3289
f 5328/133/3290 5303/133/3291 2684/133/3292 4087/133/3293
f 5327/133/3294 5304/133/3295 2683/133/3296 3933/133/3297
f 5304/133/3295 5292/133/3298 2641/133/3299 2683/133/3296
f 2815/133/3282 2677/133/3300 2678/133/3301 2816/133/3284
f 2814/133/3254 2676/133/3257 2677/133/3300 2815/133/3282
f 4360/133/3302 4378/133/3303 2805/133/665 2964/133/664
f 4261/133/3248 4311/133/3304 2799/133/3305 2800/133/3249
f 2952/133/3247 2798/133/3246 2791/133/3306 2950/133/3307
f 4957/133/3237 4939/133/3308 3030/133/3309 2806/133/3238
f 4095/133/3241 4051/133/3310 3021/133/3311 2644/133/3242
f 3075/133/3312 2674/133/3313 2797/133/3314 3079/133/3315
f 2792/133/3255 3026/133/3316 3006/133/3317 2813/133/3256
f 3945/133/3259 3984/133/3318 3031/133/3319 2789/133/3260
f 4265/133/3320 2824/133/3321 2825/133/3322 4266/133/3323
f 1776/133/3324 387/133/3325 5395/133/3326 5402/133/3327
f 4274/133/3328 4920/133/3329 2827/133/3330 4268/133/3331
f 4298/133/3332 3339/133/3333 2828/133/3334 4269/133/3335
f 5162/133/3336 5147/133/3337 2829/133/3338 4270/133/3339
f 4270/133/3339 2829/133/3338 2830/133/3340 4271/133/3341
f 4037/133/3342 2831/133/3343 2832/133/3344 4038/133/3345
f 5191/133/3346 5203/133/3347 5422/133/3348 5417/133/3349
f 4046/133/3350 2944/133/3351 2834/133/3352 4040/133/3353
f 4070/133/3354 3340/133/3355 2835/133/3356 4041/133/3357
f 5159/133/3358 5148/133/3359 2836/133/3360 4042/133/3361
f 4042/133/3361 2836/133/3360 2837/133/3362 4043/133/3363
f 3950/133/3364 2838/133/3365 2839/133/3366 3951/133/3367
f 2840/133/2631 3952/133/3368 5411/133/3369 5408/133/2632
f 3971/133/3370 2945/133/3371 2841/133/3372 3953/133/3373
f 4002/133/3374 3341/133/3375 2842/133/3376 3954/133/3377
f 5156/133/3378 5149/133/3379 2843/133/3380 3955/133/3381
f 3955/133/3381 2843/133/3380 2844/133/3382 3956/133/3383
f 4342/133/3384 4123/133/3385 2670/133/3386 4254/133/3387
f 4144/133/3388 4124/133/3389 2671/133/3390 4026/133/3391
f 5310/133/3392 5307/133/3393 2853/133/2923 2878/133/2922
f 2879/133/2925 2854/133/2924 2855/133/3104 2882/133/3103
f 2843/133/3380 2656/133/3394 2655/133/2929 2844/133/3382
f 5149/133/3379 5150/133/3395 2656/133/3394 2843/133/3380
f 3341/133/3375 3326/133/3396 2657/133/3397 2842/133/3376
f 2945/133/3371 2930/133/3398 2658/133/3399 2841/133/3372
f 5376/133/3400 5228/133/3401 5427/133/3402 5439/133/3403
f 2838/133/3365 2661/133/3404 2660/133/3405 2839/133/3366
f 2973/133/3406 2948/133/3407 2661/133/3404 2838/133/3365
f 3974/133/3408 2973/133/3406 2838/133/3365 3950/133/3364
f 4048/133/3409 2975/133/3410 2831/133/3343 4037/133/3342
f 4276/133/3411 2977/133/3412 2824/133/3321 4265/133/3320
f 3958/133/3413 2857/133/3414 2858/133/3415 3959/133/3416
f 3959/133/3416 2858/133/3415 2859/133/3417 3960/133/3418
f 3960/133/3418 2859/133/3417 2860/133/2972 3961/133/3112
f 2859/133/3417 2849/133/3419 2850/133/2973 2860/133/2972
f 2858/133/3415 2848/133/3420 2849/133/3419 2859/133/3417
f 2857/133/3414 2847/133/3421 2848/133/3420 2858/133/3415
f 5306/133/3422 5305/133/3423 2847/133/3421 2857/133/3414
f 5326/133/3424 5306/133/3422 2857/133/3414 3958/133/3413
f 5330/133/3425 4126/133/3426 2847/133/3421 5305/133/3423
f 4126/133/3426 4127/133/3427 2848/133/3420 2847/133/3421
f 4127/133/3427 4128/133/3428 2849/133/3419 2848/133/3420
f 4128/133/3428 4129/133/3102 2850/133/2973 2849/133/3419
f 4141/133/3429 4131/133/3430 2852/133/3431 3957/133/3432
f 4131/133/3430 4125/133/3433 2845/133/3434 2852/133/3431
f 2700/133/2902 2880/133/3435 2881/133/3436 2701/133/2904
f 2880/133/3435 2879/133/2925 2882/133/3103 2881/133/3436
f 5293/133/2980 5309/133/3437 2877/133/3438 2699/133/2901
f 5309/133/3437 5310/133/3392 2878/133/2922 2877/133/3438
f 3934/133/3439 3963/133/3440 2873/133/3441 2708/133/3442
f 3963/133/3440 3964/133/3111 2874/133/2971 2873/133/3441
f 2655/133/2929 3752/133/2928 3762/133/3443 2844/133/3382
f 2862/133/3444 3765/133/3445 3766/133/3446 2863/133/2965
f 2701/133/2904 2881/133/3436 2872/133/3447 2702/133/2906
f 2881/133/3436 2882/133/3103 2871/133/3106 2872/133/3447
f 4114/133/3448 4132/133/3449 2869/133/3450 2739/133/3031
f 4132/133/3449 4133/133/3101 2870/133/2963 2869/133/3450
f 4124/133/3389 4134/133/3451 2876/133/3452 2671/133/3390
f 4134/133/3451 4135/133/2975 2875/133/2978 2876/133/3452
f 2708/133/3442 2873/133/3441 2868/133/3453 2665/133/3454
f 2873/133/3441 2874/133/2971 2867/133/2974 2868/133/3453
f 2725/133/3455 3760/133/3456 3759/133/3457 2718/133/3100
f 2707/133/3458 3758/133/3459 3761/133/3460 2732/133/3032
f 2739/133/3031 2869/133/3450 2707/133/3458 2732/133/3032
f 2869/133/3450 2870/133/2963 2706/133/2966 2707/133/3458
f 2861/133/3110 3764/133/3109 3765/133/3445 2862/133/3444
f 2663/133/2962 3753/133/2961 3767/133/2968 2866/133/2967
f 2706/133/2966 3757/133/3461 3758/133/3459 2707/133/3458
f 2732/133/3032 3761/133/3460 3760/133/3456 2725/133/3455
f 2699/133/2901 2877/133/3438 2880/133/3435 2700/133/2902
f 2877/133/3438 2878/133/2922 2879/133/2925 2880/133/3435
f 3956/133/3383 3965/133/3462 2640/133/3463 2837/133/3362
f 3965/133/3462 3966/133/2918 2662/133/2921 2640/133/3463
f 2883/133/3464 2885/133/3005 2886/133/3019 2884/133/3018
f 2885/133/3005 2887/133/3004 2888/133/3465 2886/133/3019
f 2891/133/3006 2885/133/3005 2883/133/3464 2893/133/3466
f 2894/133/3467 2888/133/3465 2887/133/3004 2892/133/3003
f 2893/133/3466 2883/133/3464 2884/133/3018 2890/133/3017
f 2889/133/3020 2886/133/3019 2888/133/3465 2894/133/3467
f 2725/133/3455 2889/133/3020 2894/133/3467 2732/133/3032
f 2717/133/3002 2893/133/3466 2890/133/3017 2718/133/3100
f 2732/133/3032 2894/133/3467 2892/133/3003 2731/133/3016
f 2724/133/3001 2891/133/3006 2893/133/3466 2717/133/3002
f 2718/133/3100 2890/133/3017 2889/133/3020 2725/133/3455
f 2731/133/3016 2892/133/3003 2891/133/3006 2724/133/3001
f 2842/133/3376 2657/133/3397 2898/133/3468 2927/133/3469
f 5082/133/3470 5067/133/3471 2897/133/3472 2928/133/3473
f 3954/133/3377 2842/133/3376 2927/133/3469 3967/133/3474
f 5089/133/3475 5082/133/3470 2928/133/3473 3968/133/3476
f 4041/133/3357 2835/133/3356 2925/133/3477 4044/133/3478
f 5091/133/3479 5081/133/3480 2926/133/3481 4045/133/3482
f 4269/133/3335 2828/133/3334 2923/133/3483 4272/133/3484
f 5094/133/3485 5080/133/3486 2924/133/3487 4273/133/3488
f 2652/133/3128 2765/133/3215 2913/133/3489 2895/133/3490
f 5066/133/3491 5075/133/3492 2914/133/3493 2896/133/3494
f 4353/133/3203 2786/133/557 2919/133/861 4357/133/3495
f 5096/133/3496 5078/133/865 2920/133/864 4358/133/3497
f 4929/133/3189 2779/133/3188 2917/133/3498 4933/133/3499
f 5099/133/3500 5077/133/3501 2918/133/3502 4934/133/3503
f 3942/133/3167 2772/133/3166 2915/133/3504 3969/133/3505
f 5088/133/3506 5076/133/3507 2916/133/3508 3970/133/3509
f 4153/133/3129 2652/133/3128 2895/133/3490 4159/133/3510
f 5092/133/3511 5066/133/3491 2896/133/3494 4160/133/3512
f 5299/133/3097 2716/133/2998 2899/133/3513 5311/133/3514
f 5339/133/3515 5068/133/3516 2900/133/3517 5312/133/3518
f 2751/133/3069 2758/133/3084 2911/133/3519 2909/133/3520
f 5073/133/3521 5074/133/3522 2912/133/3523 2910/133/3524
f 3782/133/3070 2751/133/3069 2909/133/3520 3786/133/3525
f 5085/133/3526 5073/133/3521 2910/133/3524 3787/133/3527
f 4604/133/3048 2744/133/3047 2907/133/3528 4608/133/3529
f 5097/133/3530 5072/133/3531 2908/133/3532 4609/133/3533
f 2730/133/3014 2737/133/3028 2905/133/3534 2903/133/3535
f 5070/133/3536 5071/133/3537 2906/133/3538 2904/133/3539
f 2723/133/2997 2730/133/3014 2903/133/3535 2901/133/3540
f 5069/133/3541 5070/133/3536 2904/133/3539 2902/133/3542
f 2716/133/2998 2723/133/2997 2901/133/3540 2899/133/3513
f 5068/133/3516 5069/133/3541 2902/133/3542 2900/133/3517
f 4903/133/3543 4887/133/3544 2930/133/3398 2945/133/3371
f 4910/133/3545 4903/133/3543 2945/133/3371 3971/133/3370
f 4912/133/3546 4902/133/3547 2944/133/3351 4046/133/3350
f 4915/133/3548 4919/133/3549 4920/133/3329 4274/133/3328
f 4888/133/3550 4896/133/3551 2938/133/3212 2929/133/3131
f 4917/133/3552 4899/133/921 2941/133/554 4359/133/3200
f 5029/133/3553 4898/133/3554 2940/133/3183 4935/133/3182
f 4909/133/3555 4897/133/3556 2939/133/3161 3972/133/3160
f 4913/133/3557 4888/133/3550 2929/133/3131 4161/133/3130
f 5335/133/3558 4889/133/3559 2931/133/2991 5313/133/3094
f 4894/133/3560 4895/133/3561 2937/133/3081 2936/133/3064
f 4906/133/3562 4894/133/3560 2936/133/3064 3788/133/3063
f 4918/133/3563 4893/133/3564 2935/133/3042 4610/133/3041
f 4891/133/3565 4892/133/3566 2934/133/3025 2933/133/3011
f 4890/133/3567 4891/133/3565 2933/133/3011 2932/133/2992
f 4889/133/3559 4890/133/3567 2932/133/2992 2931/133/2991
f 4303/133/3289 2685/133/3288 2976/133/3568 4275/133/3569
f 4277/133/3570 2995/133/3571 2977/133/3412 4276/133/3411
f 4087/133/3293 2684/133/3292 2974/133/3572 4047/133/3573
f 4049/133/3574 2994/133/3575 2975/133/3410 4048/133/3409
f 3933/133/3297 2683/133/3296 2972/133/3576 3973/133/3577
f 3978/133/3578 2993/133/3579 2973/133/3406 3974/133/3408
f 2683/133/3296 2641/133/3299 2949/133/3580 2972/133/3576
f 2993/133/3579 2981/133/3581 2948/133/3407 2973/133/3406
f 3946/133/3263 3983/133/3582 3026/133/3316 2792/133/3255
f 3977/133/3583 2991/133/3584 2969/133/3231 3976/133/3230
f 2813/133/3256 3006/133/3317 3028/133/3585 2810/133/3264
f 4938/133/3586 2990/133/3587 2967/133/3229 4937/133/3228
f 3072/133/3588 3034/133/3589 3040/133/3590 3080/133/3591
f 4362/133/3592 2989/133/962 2965/133/588 4361/133/3227
f 2811/133/3275 3027/133/3593 3032/133/3594 2804/133/3276
f 2980/133/3595 2992/133/3596 2971/133/3207 2947/133/3143
f 2678/133/3301 2677/133/3300 2960/133/3597 2962/133/3598
f 2988/133/3599 2987/133/3600 2961/133/3151 2963/133/3089
f 2677/133/3300 2676/133/3257 2958/133/3265 2960/133/3597
f 2987/133/3600 2986/133/3601 2959/133/3149 2961/133/3151
f 4170/133/3602 4146/133/3603 2673/133/3604 3078/133/3605
f 2986/133/3601 2985/133/3606 2957/133/3150 2959/133/3149
f 3077/133/3607 2675/133/3608 2796/133/3609 3070/133/3610
f 4613/133/3611 2984/133/3612 2955/133/3148 4612/133/3147
f 4378/133/3303 4363/133/3613 3029/133/983 2805/133/665
f 3791/133/3614 2983/133/3615 2953/133/3144 3790/133/3146
f 4311/133/3304 4279/133/3616 3016/133/3617 2799/133/3305
f 2983/133/3615 2982/133/3618 2951/133/3145 2953/133/3144
f 3078/133/3605 2673/133/3604 3035/133/3619 3071/133/3620
f 4164/133/3621 2980/133/3595 2947/133/3143 4163/133/3142
f 5292/133/3298 2678/133/3301 2962/133/3598 5314/133/3622
f 5316/133/3623 2988/133/3599 2963/133/3089 5315/133/3088
f 5314/133/3622 2962/133/3598 2988/133/3599 5316/133/3623
f 4162/133/3278 2946/133/3274 2980/133/3595 4164/133/3621
f 2952/133/3247 2950/133/3307 2982/133/3618 2983/133/3615
f 3789/133/3244 2952/133/3247 2983/133/3615 3791/133/3614
f 4611/133/3270 2954/133/3273 2984/133/3612 4613/133/3611
f 2958/133/3265 2956/133/3281 2985/133/3606 2986/133/3601
f 2960/133/3597 2958/133/3265 2986/133/3601 2987/133/3600
f 2962/133/3598 2960/133/3597 2987/133/3600 2988/133/3599
f 2946/133/3274 2970/133/3277 2992/133/3596 2980/133/3595
f 4360/133/3302 2964/133/664 2989/133/962 4362/133/3592
f 4936/133/3236 2966/133/3239 2990/133/3587 4938/133/3586
f 3975/133/3258 2968/133/3261 2991/133/3584 3977/133/3583
f 2972/133/3576 2949/133/3580 2981/133/3581 2993/133/3579
f 3973/133/3577 2972/133/3576 2993/133/3579 3978/133/3578
f 4047/133/3573 2974/133/3572 2994/133/3575 4049/133/3574
f 4275/133/3569 2976/133/3568 2995/133/3571 4277/133/3570
f 3732/133/3624 4584/133/3625 4582/133/3626 3037/133/3627
f 3728/133/3628 4682/133/3629 4681/133/3630 3038/133/3631
f 3840/133/3632 4697/133/3633 4695/133/3634 3738/133/3635
f 3738/133/3635 4704/133/3636 4703/133/3637 3730/133/3638
f 3053/133/3639 3135/133/3640 3131/133/3641 3036/133/3642
f 4212/133/3233 4213/133/3643 3746/133/3644 3742/133/3234
f 3741/133/3645 3147/133/3646 3169/133/3647 3037/133/3627
f 4617/133/3648 4618/133/3649 3210/133/3650 3038/133/3631
f 3795/133/3651 3796/133/3652 3135/133/3640 3053/133/3639
f 3796/133/3652 3801/133/3653 3247/133/3654 3135/133/3640
f 3135/133/3640 3247/133/3654 3213/133/3655 3131/133/3641
f 4213/133/3643 4214/133/3656 3743/133/3657 3746/133/3644
f 3147/133/3646 3733/133/3658 3173/133/3659 3169/133/3647
f 4618/133/3649 4663/133/3660 3225/133/3661 3210/133/3650
f 3733/133/3658 3734/133/3662 3740/133/3663 3173/133/3659
f 3837/133/3664 3792/133/3665 3683/133/3666 3681/133/3667
f 3230/133/3668 3673/133/3669 3661/133/3670 3209/133/3671
f 3134/133/3672 3662/133/3673 3664/133/3674 3187/133/3675
f 3193/133/3676 3660/133/3677 3650/133/3678 3015/133/3679
f 4392/133/3680 4399/133/3681 3088/133/1053 2998/133/1052
f 3979/133/3682 3000/133/3683 3031/133/3319 3984/133/3318
f 4974/133/3684 2999/133/3685 3030/133/3309 4939/133/3308
f 4392/133/3680 2998/133/1052 3029/133/983 4363/133/3613
f 2997/133/3686 3001/133/3687 3032/133/3594 3027/133/3593
f 2647/133/3688 3086/133/3689 3130/133/3690 3082/133/3691
f 4621/133/3692 4595/133/3693 2672/133/3694 3073/133/3695
f 3072/133/3588 3126/133/3696 3187/133/3675 3034/133/3589
f 3080/133/3591 3040/133/3590 2674/133/3313 3075/133/3312
f 2647/133/3688 3656/133/3697 3659/133/3698 3086/133/3689
f 3251/133/3699 3665/133/3700 3673/133/3669 3230/133/3668
f 3187/133/3675 3664/133/3674 3658/133/3701 3034/133/3589
f 3008/133/3702 3663/133/3703 3667/133/3704 3128/133/3705
f 3035/133/3619 3655/133/3706 3656/133/3697 2647/133/3688
f 4625/133/3707 4657/133/3708 3665/133/3700 3251/133/3699
f 3155/133/3709 3666/133/3710 3662/133/3673 3134/133/3672
f 3804/133/3711 3836/133/3712 3672/133/3713 3103/133/3714
f 3086/133/3689 3659/133/3698 3663/133/3703 3008/133/3702
f 4172/133/3715 4206/133/3716 3674/133/3717 3105/133/3718
f 3302/133/3719 3307/133/3720 3122/133/3721 3058/133/3722
f 3071/133/3620 3035/133/3619 2647/133/3688 3082/133/3691
f 3799/133/3723 3773/133/3724 2675/133/3608 3077/133/3607
f 3983/133/3582 3990/133/3725 3114/133/3726 3026/133/3316
f 3105/133/3718 3674/133/3717 3652/133/3727 3179/133/3728
f 3785/133/3245 3797/133/3729 3042/133/3730 2798/133/3246
f 3027/133/3593 3045/133/3731 3054/133/3732 2997/133/3686
f 3209/133/3671 3661/133/3670 3660/133/3677 3193/133/3676
f 3274/133/3733 3278/133/3734 3126/133/3696 3072/133/3588
f 3028/133/3585 3050/133/3735 3051/133/3736 2810/133/3264
f 4051/133/3310 4060/133/3737 3109/133/3738 3021/133/3311
f 4607/133/3271 4619/133/3739 3048/133/3740 2812/133/3272
f 3054/133/3732 3121/133/3741 3087/133/3742 2997/133/3686
f 2811/133/3275 3044/133/3743 3045/133/3731 3027/133/3593
f 2798/133/3246 3042/133/3730 3043/133/3744 2791/133/3306
f 4158/133/3279 4168/133/3745 3044/133/3743 2811/133/3275
f 3006/133/3317 3046/133/3746 3050/133/3735 3028/133/3585
f 2810/133/3264 3051/133/3736 3047/133/3747 2790/133/3280
f 3773/133/3724 3834/133/3748 3643/133/3749 2675/133/3608
f 3809/133/3750 3798/133/3751 3063/133/3752 3295/133/3753
f 3301/133/3754 3057/133/3755 3068/133/3756 3299/133/3757
f 3026/133/3316 3114/133/3726 3096/133/3758 3006/133/3317
f 2997/133/3686 3087/133/3742 3091/133/3759 3001/133/3687
f 3298/133/3760 3066/133/3761 3061/133/3762 3304/133/3763
f 3299/133/3757 3306/133/3764 3121/133/3741 3054/133/3732
f 4630/133/3765 4620/133/3766 3059/133/3767 3303/133/3768
f 4595/133/3693 4655/133/3769 3640/133/3770 2672/133/3694
f 3296/133/3771 3064/133/3772 3057/133/3755 3301/133/3754
f 3295/133/3753 3063/133/3752 3056/133/3773 3300/133/3774
f 4179/133/3775 4169/133/3776 3064/133/3772 3296/133/3771
f 3302/133/3719 3058/133/3722 3066/133/3761 3298/133/3760
f 3304/133/3763 3061/133/3762 3065/133/3777 3297/133/3778
f 4279/133/3616 4287/133/3779 3104/133/3780 3016/133/3617
f 3808/133/3781 3799/133/3723 3077/133/3607 3267/133/3782
f 3273/133/3783 3071/133/3620 3082/133/3691 3271/133/3784
f 3006/133/3317 3096/133/3758 3118/133/3785 3046/133/3746
f 3979/133/3682 3986/133/3786 3090/133/3787 3000/133/3683
f 3270/133/3788 3080/133/3591 3075/133/3312 3276/133/3789
f 4733/133/3790 4734/133/3791 3124/133/3792 3068/133/3756
f 4629/133/3793 4621/133/3692 3073/133/3695 3275/133/3794
f 4974/133/3684 4980/133/3795 3089/133/3796 2999/133/3685
f 3268/133/3797 3078/133/3605 3071/133/3620 3273/133/3783
f 3267/133/3782 3077/133/3607 3070/133/3610 3272/133/3798
f 4178/133/3799 4170/133/3602 3078/133/3605 3268/133/3797
f 3274/133/3733 3072/133/3588 3080/133/3591 3270/133/3788
f 3276/133/3789 3075/133/3312 3079/133/3315 3269/133/3800
f 3196/133/3801 3062/133/3802 3252/133/3803 3097/133/3804
f 3163/133/3805 3206/133/3806 3127/133/3807 3231/133/3808
f 4404/133/3809 4409/133/3810 3084/133/1184 3195/133/1183
f 3232/133/3811 3107/133/3812 3062/133/3802 3196/133/3801
f 3234/133/3813 3010/133/3814 3004/133/3815 3235/133/3816
f 4064/133/3817 4066/133/3818 3009/133/3819 3199/133/3820
f 3121/133/3741 3140/133/3821 3081/133/3822 3087/133/3742
f 3990/133/3725 3980/133/3823 3132/133/3824 3114/133/3726
f 4066/133/3818 4103/133/3825 3229/133/3826 3009/133/3819
f 3306/133/3764 3309/133/3827 3140/133/3821 3121/133/3741
f 3126/133/3696 3148/133/3828 3134/133/3672 3187/133/3675
f 3086/133/3689 3008/133/3702 3152/133/3829 3130/133/3690
f 3307/133/3720 3310/133/3830 3142/133/3831 3122/133/3721
f 3218/133/3832 3220/133/3833 3263/133/3834 3264/133/3835
f 4060/133/3737 4052/133/3836 3005/133/3837 3109/133/3738
f 3010/133/3814 3218/133/3832 3264/133/3835 3004/133/3815
f 3114/133/3726 3132/133/3824 3052/133/3838 3096/133/3758
f 3087/133/3742 3081/133/3822 3067/133/3839 3091/133/3759
f 4287/133/3779 4280/133/3840 3017/133/3841 3104/133/3780
f 3003/133/3842 3671/133/3843 3668/133/3844 3110/133/3845
f 3986/133/3786 3985/133/3846 3069/133/3847 3090/133/3787
f 4146/133/3603 4204/133/3848 3646/133/3849 2673/133/3604
f 4980/133/3795 4979/133/3850 3074/133/3851 3089/133/3796
f 4734/133/3791 4735/133/3852 3146/133/3853 3124/133/3792
f 3096/133/3758 3052/133/3838 3136/133/3854 3118/133/3785
f 3278/133/3734 3280/133/3855 3148/133/3828 3126/133/3696
f 4399/133/3681 4397/133/3856 3076/133/1231 3088/133/1053
f 3212/133/3857 3216/133/3858 3181/133/3859 3183/133/3860
f 3985/133/3846 3987/133/3861 3095/133/3862 3069/133/3847
f 4735/133/3852 4736/133/3863 3165/133/3864 3146/133/3853
f 3132/133/3824 3153/133/3865 3106/133/3866 3052/133/3838
f 3052/133/3838 3106/133/3866 3156/133/3867 3136/133/3854
f 3280/133/3855 3282/133/3868 3166/133/3869 3148/133/3828
f 3081/133/3822 3092/133/3870 3101/133/3871 3067/133/3839
f 3980/133/3823 3991/133/3872 3153/133/3865 3132/133/3824
f 3140/133/3821 3160/133/3873 3092/133/3870 3081/133/3822
f 4280/133/3840 4288/133/3874 3120/133/3875 3017/133/3841
f 3062/133/3802 3212/133/3857 3183/133/3860 3252/133/3803
f 4397/133/3856 4400/133/3876 3093/133/1253 3076/133/1252
f 3309/133/3827 3311/133/3877 3160/133/3873 3140/133/3821
f 3148/133/3828 3166/133/3869 3155/133/3709 3134/133/3672
f 3008/133/3702 3128/133/3705 3168/133/3878 3152/133/3829
f 3310/133/3830 3312/133/3879 3162/133/3880 3142/133/3831
f 3192/133/3881 3208/133/3882 3257/133/3883 3258/133/3884
f 3133/133/3885 3192/133/3881 3258/133/3884 3206/133/3806
f 4979/133/3850 4981/133/3886 3094/133/3887 3074/133/3851
f 4410/133/3888 4411/133/3889 3256/133/1268 3255/133/1267
f 4052/133/3836 4061/133/3890 3098/133/3891 3005/133/3837
f 3092/133/3870 3041/133/3892 3145/133/3893 3101/133/3871
f 4409/133/3810 4410/133/3888 3255/133/1267 3084/133/1184
f 3987/133/3861 3993/133/3894 3024/133/3895 3095/133/3862
f 3258/133/3884 3257/133/3883 3262/133/3896 3261/133/3897
f 4736/133/3863 4737/133/3898 3184/133/3899 3165/133/3864
f 3106/133/3866 3138/133/3900 3174/133/3901 3156/133/3867
f 3282/133/3868 3284/133/3902 3186/133/3903 3166/133/3869
f 4981/133/3886 4987/133/3904 3025/133/3905 3094/133/3887
f 4288/133/3874 4281/133/3906 3019/133/3907 3120/133/3875
f 4400/133/3876 4407/133/3908 3049/133/1288 3093/133/1253
f 3160/133/3873 3178/133/3909 3041/133/3892 3092/133/3870
f 3991/133/3872 3981/133/3910 3170/133/3911 3153/133/3865
f 3206/133/3806 3258/133/3884 3261/133/3897 3127/133/3807
f 3311/133/3877 3313/133/3912 3178/133/3909 3160/133/3873
f 3153/133/3865 3170/133/3911 3138/133/3900 3106/133/3866
f 3166/133/3869 3186/133/3903 3015/133/3679 3155/133/3709
f 3128/133/3705 3003/133/3842 3190/133/3913 3168/133/3878
f 3312/133/3879 3314/133/3914 3180/133/3915 3162/133/3880
f 4626/133/3916 4627/133/3917 3266/133/3918 3265/133/3919
f 4615/133/3920 4626/133/3916 3265/133/3919 3002/133/3921
f 4061/133/3890 4053/133/3922 3150/133/3923 3098/133/3891
f 3993/133/3894 3988/133/3924 3161/133/3925 3024/133/3895
f 4053/133/3922 4062/133/3926 3099/133/3927 3150/133/3923
f 3041/133/3892 3158/133/3928 3102/133/3929 3145/133/3893
f 4737/133/3898 4738/133/3930 3201/133/3931 3184/133/3899
f 3138/133/3900 3119/133/3932 3194/133/3933 3174/133/3901
f 4281/133/3906 4289/133/3934 3164/133/3935 3019/133/3907
f 3284/133/3902 3286/133/3936 3203/133/3937 3186/133/3903
f 3170/133/3911 3191/133/3938 3119/133/3932 3138/133/3900
f 3178/133/3909 3198/133/3939 3158/133/3928 3041/133/3892
f 3981/133/3910 3992/133/3940 3191/133/3938 3170/133/3911
f 4407/133/3908 4398/133/3941 3157/133/1322 3049/133/1288
f 3313/133/3912 3315/133/3942 3198/133/3939 3178/133/3909
f 3186/133/3903 3203/133/3937 3193/133/3676 3015/133/3679
f 3003/133/3842 3110/133/3845 3205/133/3943 3190/133/3913
f 3314/133/3914 3316/133/3944 3200/133/3945 3180/133/3915
f 4987/133/3904 4982/133/3946 3159/133/3947 3025/133/3905
f 4062/133/3926 4054/133/3948 3137/133/3949 3099/133/3927
f 3158/133/3928 3141/133/3950 3189/133/3951 3102/133/3929
f 3315/133/3942 3317/133/3952 3215/133/3953 3198/133/3939
f 3191/133/3938 3207/133/3954 3176/133/3955 3119/133/3932
f 4289/133/3934 4282/133/3956 3020/133/3957 3164/133/3935
f 4398/133/3941 4406/133/3958 3143/133/1340 3157/133/1322
f 3203/133/3937 3223/133/3959 3209/133/3671 3193/133/3676
f 3110/133/3845 3013/133/3960 3227/133/3961 3205/133/3943
f 3316/133/3944 3318/133/3962 3217/133/3963 3200/133/3945
f 3988/133/3924 3994/133/3964 3055/133/3965 3161/133/3925
f 4738/133/3930 4739/133/3966 3221/133/3967 3201/133/3931
f 3119/133/3932 3176/133/3955 3211/133/3968 3194/133/3933
f 3992/133/3940 3982/133/3969 3207/133/3954 3191/133/3938
f 3286/133/3936 3288/133/3970 3223/133/3959 3203/133/3937
f 4982/133/3946 4989/133/3971 3139/133/3972 3159/133/3947
f 3198/133/3939 3215/133/3953 3141/133/3950 3158/133/3928
f 3215/133/3953 3232/133/3811 3196/133/3801 3141/133/3950
f 4406/133/3958 4404/133/3809 3195/133/1183 3143/133/1340
f 4989/133/3971 4983/133/3973 3197/133/3974 3139/133/3972
f 3317/133/3952 3319/133/3975 3232/133/3811 3215/133/3953
f 3223/133/3959 3240/133/3976 3230/133/3668 3209/133/3671
f 3013/133/3960 3113/133/3977 3244/133/3978 3227/133/3961
f 3318/133/3962 3320/133/3979 3234/133/3813 3217/133/3963
f 3994/133/3964 3989/133/3980 3202/133/3981 3055/133/3965
f 3982/133/3969 3995/133/3982 3228/133/3983 3207/133/3954
f 3141/133/3950 3196/133/3801 3097/133/3804 3189/133/3951
f 3207/133/3954 3228/133/3983 3163/133/3805 3176/133/3955
f 4282/133/3956 4291/133/3984 3204/133/3985 3020/133/3957
f 4739/133/3966 4741/133/3986 3238/133/3987 3221/133/3967
f 4054/133/3948 4064/133/3817 3199/133/3820 3137/133/3949
f 3176/133/3955 3163/133/3805 3231/133/3808 3211/133/3968
f 3288/133/3970 3292/133/3988 3240/133/3976 3223/133/3959
f 3228/133/3983 3133/133/3885 3206/133/3806 3163/133/3805
f 3241/133/3989 3251/133/3699 3230/133/3668 3240/133/3976
f 4624/133/3990 4625/133/3707 3251/133/3699 3241/133/3989
f 3803/133/3991 3804/133/3711 3103/133/3714 3242/133/3992
f 4174/133/3993 4172/133/3715 3105/133/3718 3239/133/3994
f 3239/133/3994 3105/133/3718 3179/133/3728 3243/133/3995
f 4623/133/3996 4615/133/3920 3002/133/3921 3236/133/3997
f 3319/133/3975 3308/133/3998 3107/133/3812 3232/133/3811
f 3320/133/3979 3305/133/3999 3010/133/3814 3234/133/3813
f 3802/133/4000 3793/133/4001 3253/133/4002 3237/133/4003
f 4173/133/4004 4166/133/4005 3254/133/4006 3238/133/3987
f 3989/133/3980 3997/133/4007 3185/133/4008 3202/133/3981
f 3237/133/4003 3253/133/4002 3012/133/4009 3233/133/4010
f 4291/133/3984 4294/133/4011 3171/133/4012 3204/133/3985
f 4983/133/3973 4991/133/4013 3022/133/4014 3197/133/3974
f 3995/133/3982 3996/133/4015 3133/133/3885 3228/133/3983
f 3291/133/4016 3239/133/3994 3243/133/3995 3289/133/4017
f 4177/133/4018 4174/133/3993 3239/133/3994 3291/133/4016
f 3807/133/4019 3803/133/3991 3242/133/3992 3294/133/4020
f 4628/133/4021 4624/133/3990 3241/133/3989 3293/133/4022
f 3293/133/4022 3241/133/3989 3240/133/3976 3292/133/3988
f 3110/133/3845 3668/133/3844 3669/133/4023 3013/133/3960
f 2673/133/3604 3646/133/3849 3655/133/3706 3035/133/3619
f 2674/133/3313 3642/133/4024 3645/133/4025 2797/133/3314
f 3128/133/3705 3667/133/3704 3671/133/3843 3003/133/3842
f 2675/133/3608 3643/133/3749 3644/133/4026 2796/133/3609
f 3034/133/3589 3658/133/3701 3641/133/4027 3040/133/3590
f 3013/133/3960 3669/133/4023 3670/133/4028 3113/133/3977
f 3015/133/3679 3650/133/3678 3666/133/3710 3155/133/3709
f 3040/133/3590 3641/133/4027 3642/133/4024 2674/133/3313
f 4543/133/4029 3370/133/4030 3400/133/4031 4561/133/4032
f 4544/133/4033 3352/133/4034 3345/133/4035 4565/133/4036
f 4546/133/4037 3397/133/4038 3399/133/4039 4562/133/4040
f 5021/133/4041 5000/133/4042 3344/133/4043 4568/133/4044
f 4562/133/4040 3399/133/4039 3408/133/4045 4570/133/4046
f 4547/133/4047 3369/133/4048 3359/133/4049 4564/133/4050
f 4573/133/4051 4322/133/4052 3377/133/4053 4567/133/4054
f 4680/133/4055 4638/133/4056 3401/133/4057 4563/133/4058
f 4552/133/4059 3817/133/4060 3352/133/4034 4544/133/4033
f 4556/133/4061 4009/133/4062 3351/133/4063 4545/133/4064
f 4549/133/4065 3368/133/4066 3397/133/4038 4546/133/4037
f 4559/133/4067 4186/133/4068 3398/133/4069 4569/133/4070
f 4103/133/3825 4104/133/4071 3226/133/4072 3229/133/3826
f 3997/133/4007 3998/133/4073 3154/133/4074 3185/133/4008
f 3998/133/4073 3999/133/4075 3129/133/4076 3154/133/4074
f 3305/133/3999 3321/133/4077 3218/133/3832 3010/133/3814
f 3321/133/4077 3322/133/4078 3220/133/3833 3218/133/3832
f 3996/133/4015 4000/133/4079 3192/133/3881 3133/133/3885
f 4000/133/4079 4001/133/4080 3208/133/3882 3192/133/3881
f 3107/133/3812 3117/133/4081 3212/133/3857 3062/133/3802
f 3117/133/4081 3125/133/4082 3216/133/3858 3212/133/3857
f 3793/133/4001 3805/133/4083 3172/133/4084 3253/133/4002
f 3805/133/4083 3806/133/4085 3151/133/4086 3172/133/4084
f 4991/133/4013 4992/133/4087 3007/133/4088 3022/133/4014
f 4992/133/4087 4993/133/4089 3108/133/4090 3007/133/4088
f 3308/133/3998 3323/133/4091 3117/133/4081 3107/133/3812
f 3323/133/4091 3324/133/4092 3125/133/4082 3117/133/4081
f 4166/133/4005 4175/133/4093 3260/133/4094 3254/133/4006
f 4175/133/4093 4176/133/4095 3259/133/4096 3260/133/4094
f 4294/133/4011 4319/133/4097 3248/133/4098 3171/133/4012
f 4319/133/4097 4320/133/4099 3250/133/4100 3248/133/4098
f 3253/133/4002 3172/133/4084 3111/133/4101 3012/133/4009
f 3172/133/4084 3151/133/4086 3116/133/4102 3111/133/4101
f 4755/133/4103 3293/133/4022 3292/133/3988 4754/133/4104
f 4762/133/4105 4628/133/4021 3293/133/4022 4755/133/4103
f 4758/133/4106 3807/133/4019 3294/133/4020 4756/133/4107
f 4760/133/4108 4177/133/4018 3291/133/4016 4753/133/4109
f 4753/133/4109 3291/133/4016 3289/133/4017 4740/133/4110
f 4752/133/4111 4754/133/4104 3292/133/3988 3288/133/3970
f 3227/133/3961 3244/133/3978 3290/133/4112 3287/133/4113
f 4751/133/4114 4752/133/4111 3288/133/3970 3286/133/3936
f 3205/133/3943 3227/133/3961 3287/133/4113 3285/133/4115
f 4750/133/4116 4751/133/4114 3286/133/3936 3284/133/3902
f 3190/133/3913 3205/133/3943 3285/133/4115 3283/133/4117
f 4749/133/4118 4750/133/4116 3284/133/3902 3282/133/3868
f 3168/133/3878 3190/133/3913 3283/133/4117 3281/133/4119
f 4748/133/4120 4749/133/4118 3282/133/3868 3280/133/3855
f 3152/133/3829 3168/133/3878 3281/133/4119 3279/133/4121
f 4747/133/4122 4748/133/4120 3280/133/3855 3278/133/3734
f 3130/133/3690 3152/133/3829 3279/133/4121 3277/133/4123
f 4746/133/4124 3276/133/3789 3269/133/3800 4731/133/4125
f 4744/133/4126 3274/133/3733 3270/133/3788 4732/133/4127
f 4759/133/4128 4178/133/3799 3268/133/3797 4730/133/4129
f 4729/133/4130 3267/133/3782 3272/133/3798 4742/133/4131
f 4730/133/4129 3268/133/3797 3273/133/3783 4743/133/4132
f 4761/133/4133 4629/133/3793 3275/133/3794 4745/133/4134
f 3082/133/3691 3130/133/3690 3277/133/4123 3271/133/3784
f 4732/133/4127 3270/133/3788 3276/133/3789 4746/133/4124
f 4743/133/4132 3273/133/3783 3271/133/3784 4733/133/3790
f 4757/133/4135 3808/133/3781 3267/133/3782 4729/133/4130
f 4744/133/4126 4747/133/4122 3278/133/3734 3274/133/3733
f 3260/133/4094 3259/133/4096 3324/133/4092 3323/133/4091
f 3254/133/4006 3260/133/4094 3323/133/4091 3308/133/3998
f 3261/133/3897 3262/133/3896 3322/133/4078 3321/133/4077
f 3127/133/3807 3261/133/3897 3321/133/4077 3305/133/3999
f 4548/133/4136 3409/133/4137 3350/133/4138 4566/133/4139
f 4566/133/4139 3350/133/4138 3369/133/4048 4547/133/4047
f 3231/133/3808 3127/133/3807 3305/133/3999 3320/133/3979
f 3238/133/3987 3254/133/4006 3308/133/3998 3319/133/3975
f 3211/133/3968 3231/133/3808 3320/133/3979 3318/133/3962
f 3221/133/3967 3238/133/3987 3319/133/3975 3317/133/3952
f 4558/133/4140 4106/133/4141 3371/133/4142 4571/133/4143
f 3194/133/3933 3211/133/3968 3318/133/3962 3316/133/3944
f 3201/133/3931 3221/133/3967 3317/133/3952 3315/133/3942
f 3174/133/3901 3194/133/3933 3316/133/3944 3314/133/3914
f 3184/133/3899 3201/133/3931 3315/133/3942 3313/133/3912
f 4506/133/4144 4481/133/4145 4475/133/4146 4507/133/4147
f 3156/133/3867 3174/133/3901 3314/133/3914 3312/133/3879
f 3165/133/3864 3184/133/3899 3313/133/3912 3311/133/3877
f 3136/133/3854 3156/133/3867 3312/133/3879 3310/133/3830
f 3146/133/3853 3165/133/3864 3311/133/3877 3309/133/3827
f 3118/133/3785 3136/133/3854 3310/133/3830 3307/133/3720
f 3124/133/3792 3146/133/3853 3309/133/3827 3306/133/3764
f 4569/133/4070 3398/133/4069 3409/133/4137 4548/133/4136
f 4570/133/4046 3408/133/4045 3370/133/4030 4543/133/4029
f 4555/133/4148 4010/133/4149 3368/133/4066 4549/133/4065
f 3051/133/3736 3304/133/3763 3297/133/3778 3047/133/3747
f 3046/133/3746 3302/133/3719 3298/133/3760 3050/133/3735
f 4168/133/3745 4179/133/3775 3296/133/3771 3044/133/3743
f 3042/133/3730 3295/133/3753 3300/133/3774 3043/133/3744
f 3044/133/3743 3296/133/3771 3301/133/3754 3045/133/3731
f 4619/133/3739 4630/133/3765 3303/133/3768 3048/133/3740
f 3068/133/3756 3124/133/3792 3306/133/3764 3299/133/3757
f 3050/133/3735 3298/133/3760 3304/133/3763 3051/133/3736
f 3045/133/3731 3301/133/3754 3299/133/3757 3054/133/3732
f 3797/133/3729 3809/133/3750 3295/133/3753 3042/133/3730
f 3046/133/3746 3118/133/3785 3307/133/3720 3302/133/3719
f 2841/133/3372 2658/133/3399 3326/133/3396 3341/133/3375
f 3953/133/3373 2841/133/3372 3341/133/3375 4002/133/3374
f 4040/133/3353 2834/133/3352 3340/133/3355 4070/133/3354
f 4268/133/3331 2827/133/3330 3339/133/3333 4298/133/3332
f 2651/133/3132 2764/133/3213 3334/133/3214 3325/133/3127
f 4352/133/3201 2785/133/553 3337/133/558 4366/133/3202
f 4928/133/3185 2778/133/3184 3336/133/3187 4942/133/3186
f 3941/133/3163 2771/133/3162 3335/133/3165 4003/133/3164
f 4154/133/3133 2651/133/3132 3325/133/3127 4180/133/3126
f 5298/133/3095 2715/133/2994 3327/133/2995 5317/133/3096
f 2750/133/3065 2757/133/3082 3333/133/3083 3332/133/3068
f 3781/133/3066 2750/133/3065 3332/133/3068 3810/133/3067
f 4603/133/3044 2743/133/3043 3331/133/3046 4631/133/3045
f 2729/133/3012 2736/133/3026 3330/133/3027 3329/133/3013
f 2722/133/2993 2729/133/3012 3329/133/3013 3328/133/2996
f 2715/133/2994 2722/133/2993 3328/133/2996 3327/133/2995
f 4441/133/4150 3548/133/4151 3390/133/4152 4429/133/4153
f 4437/133/4154 3549/133/4155 3548/133/4151 4441/133/4150
f 4436/133/4156 3402/133/4157 3406/133/4158 4431/133/4159
f 4435/133/4160 3346/133/4161 3537/133/4162 4444/133/4163
f 4468/133/4164 4075/133/4165 3588/133/4166 4432/133/4167
f 4466/133/4168 4021/133/4169 3405/133/4170 4430/133/4171
f 4458/133/4172 3347/133/4173 3346/133/4161 4435/133/4160
f 4465/133/4174 4004/133/4175 3549/133/4155 4437/133/4154
f 4438/133/4176 3403/133/4177 3402/133/4157 4436/133/4156
f 4462/133/4178 3812/133/4179 3616/133/4180 4433/133/4181
f 5017/133/4182 5006/133/4183 3382/133/4184 4440/133/4185
f 4459/133/4186 3383/133/4187 3403/133/4177 4438/133/4176
f 4469/133/4188 4181/133/4189 3394/133/4190 4442/133/4191
f 4471/133/4192 4300/133/4193 3618/133/4194 4434/133/4195
f 4433/133/4181 3616/133/4180 3379/133/4196 4439/133/4197
f 3832/133/4198 3812/133/4179 3615/133/4199 3614/133/4200
f 4202/133/4201 4181/133/4189 3379/133/4196 3367/133/4202
f 3367/133/4202 3379/133/4196 3616/133/4180 3388/133/4203
f 3547/133/4204 3389/133/4205 3390/133/4152 3548/133/4151
f 4651/133/4206 4634/133/4207 3389/133/4205 3547/133/4204
f 3830/133/4208 3813/133/4209 3386/133/4210 3539/133/4211
f 4200/133/4212 4182/133/4213 3391/133/4214 3407/133/4215
f 3407/133/4215 3391/133/4214 3404/133/4216 3535/133/4217
f 4343/133/4218 4199/133/4219 3629/133/4220 4336/133/4221
f 4221/133/4222 4183/133/4223 3580/133/4224 4071/133/4225
f 4219/133/4226 4184/133/4227 3578/133/4228 4008/133/4229
f 4184/133/4227 4200/133/4212 3407/133/4215 3578/133/4228
f 4473/133/4230 4414/133/4231 3372/133/1615 4445/133/1614
f 3578/133/4228 3407/133/4215 3535/133/4217 3577/133/4232
f 3409/133/4137 3533/133/4233 3507/133/4234 3350/133/4138
f 4010/133/4149 4012/133/4235 3508/133/4236 3368/133/4066
f 4322/133/4052 4324/133/4237 3515/133/4238 3377/133/4053
f 3352/133/4034 3516/133/4239 3506/133/4240 3345/133/4035
f 3397/133/4038 3498/133/4241 3520/133/4242 3399/133/4039
f 4187/133/4243 4190/133/4244 3530/133/4245 3481/133/4246
f 3408/133/4045 3532/133/4247 3514/133/4248 3370/133/4030
f 3399/133/4039 3520/133/4242 3532/133/4247 3408/133/4045
f 4638/133/4056 4641/133/4249 3521/133/4250 3401/133/4057
f 4447/133/4251 4449/133/4252 3534/133/4253 3483/133/4254
f 4009/133/4062 4011/133/4255 3519/133/4256 3351/133/4063
f 4186/133/4068 4189/133/4257 3497/133/4258 3398/133/4069
f 4446/133/4259 4448/133/4260 3526/133/4261 3477/133/4262
f 4106/133/4141 4107/133/4263 3517/133/4264 3371/133/4142
f 3398/133/4069 3497/133/4258 3533/133/4233 3409/133/4137
f 3478/133/4265 3527/133/4266 3525/133/4267 3476/133/4268
f 3370/133/4030 3514/133/4248 3492/133/4269 3400/133/4031
f 5000/133/4042 5001/133/4270 3504/133/4271 3344/133/4043
f 4639/133/4272 4642/133/4273 3527/133/4266 3478/133/4265
f 3369/133/4048 3509/133/4274 3518/133/4275 3359/133/4049
f 3817/133/4060 3820/133/4276 3516/133/4239 3352/133/4034
f 3818/133/4277 3821/133/4278 3528/133/4279 3479/133/4280
f 3368/133/4066 3508/133/4236 3498/133/4241 3397/133/4038
f 3350/133/4138 3507/133/4234 3509/133/4274 3369/133/4048
f 3481/133/4246 3530/133/4245 3529/133/4281 3480/133/4282
f 4418/133/4283 3481/133/4246 3480/133/4282 4417/133/4284
f 4421/133/4285 3818/133/4277 3479/133/4280 4416/133/4286
f 4677/133/4287 4639/133/4272 3478/133/4265 4415/133/4288
f 4415/133/4288 3478/133/4265 3476/133/4268 4413/133/4289
f 4301/133/4290 4323/133/4291 3531/133/4292 3482/133/4293
f 4472/133/4294 4413/133/4289 3476/133/4268 4447/133/4251
f 4425/133/4295 4187/133/4243 3481/133/4246 4418/133/4283
f 4307/133/4296 3423/133/4297 3475/133/4298 4321/133/4299
f 4382/133/4300 3435/133/4301 3474/133/4302 4412/133/4303
f 4572/133/4304 4301/133/4290 3482/133/4293 4550/133/4305
f 4364/133/4306 4365/133/4307 3473/133/4308 3472/133/4309
f 4408/133/4310 4364/133/4306 3472/133/4309 3468/133/4311
f 4574/133/4312 4367/133/4313 3483/133/4254 4551/133/4314
f 4405/133/4315 4408/133/4310 3468/133/4311 3465/133/4316
f 4396/133/4317 4405/133/4315 3465/133/4316 3456/133/4318
f 4292/133/4319 4290/133/4320 3464/133/4321 3466/133/4322
f 4284/133/4323 4292/133/4319 3466/133/4322 3458/133/4324
f 4403/133/4325 4396/133/4317 3456/133/4318 3463/133/4326
f 4293/133/4327 4284/133/4323 3458/133/4324 3467/133/4328
f 4395/133/4329 4403/133/4325 3463/133/4326 3455/133/4330
f 4286/133/4331 4293/133/4327 3467/133/4328 3460/133/4332
f 4402/133/4333 4395/133/4329 3455/133/4330 3462/133/4334
f 4295/133/4335 4296/133/4336 3470/133/4337 3469/133/4338
f 4296/133/4336 4297/133/4339 3471/133/4340 3470/133/4337
f 4283/133/4341 4286/133/4331 3460/133/4332 3457/133/4342
f 4394/133/4343 4402/133/4333 3462/133/4334 3453/133/4344
f 4285/133/4345 4283/133/4341 3457/133/4342 3459/133/4346
f 4401/133/4347 4394/133/4343 3453/133/4344 3461/133/4348
f 4290/133/4320 4295/133/4335 3469/133/4338 3464/133/4321
f 4393/133/4349 4401/133/4347 3461/133/4348 3452/133/4350
f 4278/133/4351 3451/133/4352 3454/133/4353 4318/133/4354
f 4278/133/4351 4285/133/4345 3459/133/4346 3451/133/4352
f 4389/133/4355 3445/133/4356 3450/133/4357 4391/133/4358
f 4315/133/4359 3447/133/4360 3449/133/4361 4317/133/4362
f 4356/133/4363 4393/133/4349 3452/133/4350 3431/133/4364
f 4264/133/4365 4318/133/4354 3454/133/4353 3430/133/4366
f 4317/133/4362 3449/133/4361 3448/133/4367 4316/133/4368
f 4391/133/4358 3450/133/4357 3446/133/4369 4390/133/4370
f 4348/133/4371 3412/133/4372 3445/133/4356 4389/133/4355
f 4914/133/4373 4904/133/4374 3444/133/4375 4314/133/4376
f 4916/133/4377 4905/133/4378 3443/133/4379 4388/133/4380
f 5093/133/4381 5083/133/4382 3442/133/4383 4313/133/4384
f 4308/133/4385 3424/133/4386 3441/133/4387 4312/133/4388
f 5095/133/4389 5084/133/4390 3440/133/4391 4387/133/4392
f 4383/133/4393 3436/133/4394 3439/133/4395 4386/133/4396
f 4390/133/4370 3446/133/4369 3432/133/4397 4379/133/4398
f 4422/133/4399 4136/133/4400 3410/133/4401 4368/133/4402
f 4384/133/4403 3437/133/4404 3438/133/4405 4385/133/4406
f 5163/133/4407 5151/133/4408 3437/133/4404 4384/133/4403
f 4412/133/4303 3474/133/4302 3436/133/4394 4383/133/4393
f 4388/133/4380 3443/133/4379 3435/133/4301 4382/133/4300
f 5194/133/4409 5206/133/4410 5423/133/4411 5418/133/4412
f 4379/133/4398 3432/133/4397 3433/133/4413 4380/133/4414
f 4375/133/4415 4356/133/4363 3431/133/4364 3427/133/4416
f 4315/133/4359 4264/133/4365 3430/133/4366 3447/133/4360
f 5334/133/4417 5318/133/4418 3412/133/4372 4348/133/4371
f 4376/133/4419 3428/133/4420 3429/133/4421 4377/133/4422
f 4375/133/4415 3427/133/4416 3428/133/4420 4376/133/4419
f 4316/133/4368 3448/133/4367 3420/133/4423 4304/133/4424
f 4341/133/4425 4137/133/4426 3411/133/4427 4302/133/2943
f 4309/133/4428 3425/133/4429 3426/133/4430 4310/133/4431
f 5161/133/4432 5152/133/4433 3425/133/4429 4309/133/4428
f 4321/133/4299 3475/133/4298 3424/133/4386 4308/133/4385
f 4314/133/4376 3444/133/4375 3423/133/4297 4307/133/4296
f 5233/133/4434 5224/133/4435 3422/133/4436 4306/133/4437
f 4304/133/4424 3420/133/4423 3421/133/4438 4305/133/4439
f 5333/133/4440 5319/133/4441 3413/133/4442 4369/133/4443
f 4424/133/4444 4188/133/4445 3411/133/4427 4347/133/3226
f 4373/133/4446 3418/133/4447 3419/133/4448 4374/133/4449
f 4420/133/4450 3819/133/4451 3418/133/4447 4373/133/4446
f 4676/133/4452 4640/133/4453 3417/133/4454 4372/133/4455
f 4371/133/4456 3415/133/4457 3416/133/4458 5172/133/4459
f 4370/133/4460 3414/133/4461 3415/133/4457 4371/133/4456
f 4369/133/4443 3413/133/4442 3414/133/4461 4370/133/4460
f 5001/133/4270 5002/133/4462 3361/133/4463 3504/133/4271
f 4642/133/4273 4644/133/4464 3553/133/4465 3527/133/4266
f 3509/133/4274 3353/133/4466 3543/133/4467 3518/133/4275
f 3820/133/4276 3822/133/4468 3541/133/4469 3516/133/4239
f 3821/133/4278 3823/133/4470 3554/133/4471 3528/133/4279
f 3508/133/4236 3354/133/4472 3374/133/4473 3498/133/4241
f 3507/133/4234 3356/133/4474 3353/133/4466 3509/133/4274
f 3530/133/4245 3556/133/4475 3555/133/4476 3529/133/4281
f 4323/133/4291 4325/133/4477 3557/133/4478 3531/133/4292
f 4012/133/4235 4014/133/4479 3354/133/4472 3508/133/4236
f 4324/133/4237 4326/133/4480 3540/133/4481 3515/133/4238
f 3498/133/4241 3374/133/4473 3545/133/4482 3520/133/4242
f 4190/133/4244 4192/133/4483 3556/133/4475 3530/133/4245
f 3533/133/4233 3559/133/4484 3356/133/4474 3507/133/4234
f 3520/133/4242 3545/133/4482 3558/133/4485 3532/133/4247
f 3516/133/4239 3541/133/4469 3357/133/4486 3506/133/4240
f 4641/133/4249 4643/133/4487 3546/133/4488 3521/133/4250
f 4449/133/4252 4451/133/4489 3560/133/4490 3534/133/4253
f 3532/133/4247 3558/133/4485 3538/133/4491 3514/133/4248
f 4011/133/4255 4013/133/4492 3544/133/4493 3519/133/4256
f 4189/133/4257 4191/133/4494 3375/133/4495 3497/133/4258
f 4448/133/4260 4450/133/4496 3552/133/4497 3526/133/4261
f 4107/133/4263 4108/133/4498 3542/133/4499 3517/133/4264
f 3497/133/4258 3375/133/4495 3559/133/4484 3533/133/4233
f 3527/133/4266 3553/133/4465 3551/133/4500 3525/133/4267
f 3514/133/4248 3538/133/4491 3387/133/4501 3492/133/4269
f 4846/133/4502 4646/133/4503 3568/133/4504 4825/133/4505
f 4806/133/4506 3489/133/4507 3499/133/4508 4817/133/4509
f 4832/133/4510 3824/133/4511 3495/133/4512 4813/133/4513
f 4831/133/4514 3825/133/4515 3569/133/4516 4805/133/4517
f 4808/133/4518 3488/133/4519 3563/133/4520 4809/133/4521
f 4811/133/4522 3485/133/4523 3489/133/4507 4806/133/4506
f 4810/133/4524 3571/133/4525 3570/133/4526 4807/133/4527
f 4842/133/4528 4327/133/4529 3572/133/4530 4819/133/4531
f 4836/133/4532 4016/133/4533 3488/133/4519 4808/133/4518
f 4841/133/4534 4328/133/4535 3494/133/4536 4821/133/4537
f 4809/133/4521 3563/133/4520 3502/133/4538 4812/133/4539
f 4840/133/4540 4194/133/4541 3571/133/4525 4810/133/4524
f 4824/133/4542 3574/133/4543 3485/133/4523 4811/133/4522
f 4812/133/4539 3502/133/4538 3573/133/4544 4816/133/4545
f 4813/133/4513 3495/133/4512 3484/133/4546 4818/133/4547
f 4845/133/4548 4645/133/4549 3503/133/4550 4814/133/4551
f 4844/133/4552 4453/133/4553 3575/133/4554 4815/133/4555
f 4816/133/4545 3573/133/4544 3493/133/4556 4827/133/4557
f 4835/133/4558 4015/133/4559 3500/133/4560 4829/133/4561
f 4839/133/4562 4193/133/4563 3564/133/4564 4823/133/4565
f 4843/133/4566 4452/133/4567 3524/133/4568 4820/133/4569
f 4838/133/4570 4109/133/4571 3496/133/4572 4822/133/4573
f 4823/133/4565 3564/133/4564 3574/133/4543 4824/133/4542
f 4825/133/4505 3568/133/4504 3523/133/4574 4826/133/4575
f 4827/133/4557 3493/133/4556 3566/133/4576 4828/133/4577
f 5027/133/4578 5003/133/4579 3561/133/4580 4830/133/4581
f 3489/133/4507 3355/133/4582 3584/133/4583 3499/133/4508
f 3824/133/4511 3826/133/4584 3582/133/4585 3495/133/4512
f 3825/133/4515 3827/133/4586 3595/133/4587 3569/133/4516
f 3488/133/4519 3358/133/4588 3384/133/4589 3563/133/4520
f 3485/133/4523 3363/133/4590 3355/133/4582 3489/133/4507
f 3571/133/4525 3597/133/4591 3596/133/4592 3570/133/4526
f 4327/133/4529 4329/133/4593 3598/133/4594 3572/133/4530
f 4016/133/4533 4018/133/4595 3358/133/4588 3488/133/4519
f 4328/133/4535 4330/133/4596 3581/133/4597 3494/133/4536
f 3563/133/4520 3384/133/4589 3586/133/4598 3502/133/4538
f 4194/133/4541 4196/133/4599 3597/133/4591 3571/133/4525
f 3574/133/4543 3600/133/4600 3363/133/4590 3485/133/4523
f 3502/133/4538 3586/133/4598 3599/133/4601 3573/133/4544
f 3495/133/4512 3582/133/4585 3364/133/4602 3484/133/4546
f 4645/133/4549 4647/133/4603 3587/133/4604 3503/133/4550
f 4453/133/4553 4455/133/4605 3601/133/4606 3575/133/4554
f 3573/133/4544 3599/133/4601 3579/133/4607 3493/133/4556
f 4015/133/4559 4017/133/4608 3585/133/4609 3500/133/4560
f 4193/133/4563 4195/133/4610 3385/133/4611 3564/133/4564
f 4452/133/4567 4454/133/4612 3593/133/4613 3524/133/4568
f 4109/133/4571 4110/133/4614 3583/133/4615 3496/133/4572
f 3564/133/4564 3385/133/4611 3600/133/4600 3574/133/4543
f 3568/133/4504 3594/133/4616 3592/133/4617 3523/133/4574
f 3493/133/4556 3579/133/4607 3395/133/4618 3566/133/4576
f 5003/133/4579 5004/133/4619 3366/133/4620 3561/133/4580
f 4646/133/4503 4648/133/4621 3594/133/4616 3568/133/4504
f 4763/133/4622 3491/133/4623 3512/133/4624 4774/133/4625
f 4790/133/4626 3828/133/4627 3510/133/4628 4770/133/4629
f 4789/133/4630 3829/133/4631 3607/133/4632 4787/133/4633
f 4765/133/4634 3490/133/4635 3603/133/4636 4766/133/4637
f 4768/133/4638 3487/133/4639 3491/133/4623 4763/133/4622
f 4767/133/4640 3609/133/4641 3608/133/4642 4764/133/4643
f 4800/133/4644 4331/133/4645 3610/133/4646 4776/133/4647
f 4794/133/4648 4020/133/4649 3490/133/4635 4765/133/4634
f 4799/133/4650 4332/133/4651 3505/133/4652 4778/133/4653
f 4766/133/4637 3603/133/4636 3522/133/4654 4769/133/4655
f 4798/133/4656 4198/133/4657 3609/133/4641 4767/133/4640
f 4781/133/4658 3612/133/4659 3487/133/4639 4768/133/4638
f 4769/133/4655 3522/133/4654 3611/133/4660 4773/133/4661
f 4770/133/4629 3510/133/4628 3486/133/4662 4775/133/4663
f 4804/133/4664 4649/133/4665 3562/133/4666 4771/133/4667
f 4802/133/4668 4457/133/4669 3613/133/4670 4772/133/4671
f 4773/133/4661 3611/133/4660 3501/133/4672 4783/133/4673
f 4793/133/4674 4019/133/4675 3513/133/4676 4785/133/4677
f 4797/133/4678 4197/133/4679 3604/133/4680 4780/133/4681
f 4801/133/4682 4456/133/4683 3567/133/4684 4777/133/4685
f 4796/133/4686 4111/133/4687 3511/133/4688 4779/133/4689
f 4780/133/4681 3604/133/4680 3612/133/4659 4781/133/4658
f 4788/133/4690 3606/133/4691 3565/133/4692 4782/133/4693
f 4783/133/4673 3501/133/4672 3605/133/4694 4784/133/4695
f 5025/133/4696 5005/133/4697 3602/133/4698 4786/133/4699
f 4803/133/4700 4650/133/4701 3606/133/4691 4788/133/4690
f 3828/133/4627 3831/133/4702 3620/133/4703 3510/133/4628
f 3829/133/4631 3833/133/4704 3633/133/4705 3607/133/4632
f 3490/133/4635 3365/133/4706 3392/133/4707 3603/133/4636
f 3487/133/4639 3373/133/4708 3362/133/4709 3491/133/4623
f 3609/133/4641 3635/133/4710 3634/133/4711 3608/133/4642
f 4331/133/4645 4337/133/4712 3636/133/4713 3610/133/4646
f 4020/133/4649 4023/133/4714 3365/133/4706 3490/133/4635
f 4332/133/4651 4338/133/4715 3619/133/4716 3505/133/4652
f 3603/133/4636 3392/133/4707 3624/133/4717 3522/133/4654
f 4198/133/4657 4203/133/4718 3635/133/4710 3609/133/4641
f 3612/133/4659 3638/133/4719 3373/133/4708 3487/133/4639
f 3522/133/4654 3624/133/4717 3637/133/4720 3611/133/4660
f 3510/133/4628 3620/133/4703 3376/133/4721 3486/133/4662
f 4649/133/4665 4652/133/4722 3625/133/4723 3562/133/4666
f 4457/133/4669 4461/133/4724 3639/133/4725 3613/133/4670
f 3611/133/4660 3637/133/4720 3617/133/4726 3501/133/4672
f 4019/133/4675 4022/133/4727 3623/133/4728 3513/133/4676
f 4197/133/4679 4201/133/4729 3393/133/4730 3604/133/4680
f 4456/133/4683 4460/133/4731 3631/133/4732 3567/133/4684
f 4111/133/4687 4112/133/4733 3621/133/4734 3511/133/4688
f 3604/133/4680 3393/133/4730 3638/133/4719 3612/133/4659
f 3606/133/4691 3632/133/4735 3630/133/4736 3565/133/4692
f 3501/133/4672 3617/133/4726 3536/133/4737 3605/133/4694
f 5005/133/4697 5007/133/4738 3380/133/4739 3602/133/4698
f 4650/133/4701 4654/133/4740 3632/133/4735 3606/133/4691
f 3491/133/4623 3362/133/4709 3622/133/4741 3512/133/4624
f 4678/133/4742 4633/133/4743 3615/133/4199 4428/133/4744
f 3814/133/4745 3830/133/4208 3539/133/4211 3576/133/4746
f 4635/133/4747 4651/133/4206 3547/133/4204 3550/133/4748
f 3550/133/4748 3547/133/4204 3548/133/4151 3549/133/4155
f 4005/133/4749 3550/133/4748 3549/133/4155 4004/133/4175
f 4668/133/4750 4635/133/4747 3550/133/4748 4005/133/4749
f 4024/133/4751 3814/133/4745 3576/133/4746 4006/133/4752
f 4008/133/4229 3578/133/4228 3577/133/4232 4007/133/4753
f 4074/133/4754 3589/133/4755 3588/133/4166 4075/133/4165
f 4670/133/4756 4636/133/4757 3589/133/4755 4074/133/4754
f 4084/133/4758 3815/133/4759 3590/133/4760 4073/133/4761
f 4071/133/4225 3580/133/4224 3591/133/4762 4072/133/4763
f 4333/133/4764 3626/133/4765 3618/133/4194 4300/133/4193
f 4674/133/4766 4632/133/4767 3626/133/4765 4333/133/4764
f 4339/133/4768 3811/133/4769 3627/133/4770 4334/133/4771
f 4336/133/4221 3629/133/4220 3628/133/4772 4335/133/4773
f 4653/133/4774 4633/133/4743 3537/133/4162 3342/133/4775
f 3342/133/4775 3537/133/4162 3346/133/4161 3347/133/4173
f 3389/133/4205 3342/133/4775 3347/133/4173 3390/133/4152
f 4634/133/4207 4653/133/4774 3342/133/4775 3389/133/4205
f 4429/133/4153 3390/133/4152 3347/133/4173 4458/133/4172
f 4442/133/4191 3394/133/4190 3383/133/4187 4459/133/4186
f 3813/133/4209 3832/133/4198 3614/133/4200 3386/133/4210
f 4182/133/4213 4202/133/4201 3367/133/4202 3391/133/4214
f 3391/133/4214 3367/133/4202 3388/133/4203 3404/133/4216
f 4470/133/4776 4299/133/4777 3631/133/4732 4460/133/4731
f 3641/133/4027 3246/133/4778 3245/133/4779 3642/133/4024
f 3664/133/3674 3688/133/4780 3676/133/4781 3658/133/3701
f 3646/133/3849 3214/133/4782 3014/133/4783 3655/133/3706
f 3668/133/3844 3694/133/4784 3695/133/4785 3669/133/4023
f 3663/133/3703 3687/133/4786 3693/133/4787 3667/133/3704
f 3658/133/3701 3676/133/4781 3246/133/4778 3641/133/4027
f 3661/133/3670 3685/133/4788 3684/133/4789 3660/133/3677
f 3666/133/3710 3692/133/4790 3686/133/4791 3662/133/3673
f 3660/133/3677 3684/133/4789 3085/133/4792 3650/133/3678
f 3656/133/3697 2646/133/4793 3682/133/4794 3659/133/3698
f 4206/133/3716 4208/133/4795 3701/133/4796 3674/133/3717
f 3834/133/3748 3800/133/4797 3224/133/4798 3643/133/3749
f 3673/133/3669 3700/133/4799 3685/133/4788 3661/133/3670
f 3665/133/3700 3690/133/4800 3700/133/4799 3673/133/3669
f 4655/133/3769 4622/133/4801 3249/133/4802 3640/133/3770
f 3655/133/3706 3014/133/4783 2646/133/4793 3656/133/3697
f 4657/133/3708 4659/133/4803 3690/133/4800 3665/133/3700
f 4204/133/3848 4171/133/4804 3214/133/4782 3646/133/3849
f 3667/133/3704 3693/133/4787 3697/133/4805 3671/133/3843
f 3662/133/3673 3686/133/4791 3688/133/4780 3664/133/3674
f 3836/133/3712 3838/133/4806 3698/133/4807 3672/133/3713
f 3642/133/4024 3245/133/4779 3219/133/4808 3645/133/4025
f 3669/133/4023 3695/133/4785 3696/133/4809 3670/133/4028
f 3674/133/3717 3701/133/4796 3039/133/4810 3652/133/3727
f 3643/133/3749 3224/133/4798 3222/133/4811 3644/133/4026
f 3650/133/3678 3085/133/4792 3692/133/4790 3666/133/3710
f 3671/133/3843 3697/133/4805 3694/133/4784 3668/133/3844
f 3659/133/3698 3682/133/4794 3687/133/4786 3663/133/3703
f 3246/133/4778 3654/133/4812 3707/133/4813 3245/133/4779
f 3800/133/4797 3835/133/4814 3705/133/4815 3224/133/4798
f 3694/133/4784 3717/133/4816 3718/133/4817 3695/133/4785
f 3687/133/4786 3712/133/4818 3716/133/4819 3693/133/4787
f 3685/133/4788 3710/133/4820 3709/133/4821 3684/133/4789
f 3692/133/4790 3715/133/4822 3711/133/4823 3686/133/4791
f 3014/133/4783 3657/133/4824 3651/133/4825 2646/133/4793
f 3684/133/4789 3709/133/4821 3647/133/4826 3085/133/4792
f 2646/133/4793 3651/133/4825 3708/133/4827 3682/133/4794
f 4208/133/4795 4209/133/4828 3723/133/4829 3701/133/4796
f 3224/133/4798 3705/133/4815 3703/133/4830 3222/133/4811
f 3700/133/4799 3722/133/4831 3710/133/4820 3685/133/4788
f 3690/133/4800 3714/133/4832 3722/133/4831 3700/133/4799
f 4659/133/4803 4660/133/4833 3714/133/4832 3690/133/4800
f 3214/133/4782 3649/133/4834 3657/133/4824 3014/133/4783
f 3693/133/4787 3716/133/4819 3720/133/4835 3697/133/4805
f 3686/133/4791 3711/133/4823 3713/133/4836 3688/133/4780
f 3838/133/4806 3839/133/4837 3721/133/4838 3698/133/4807
f 3695/133/4785 3718/133/4817 3719/133/4839 3696/133/4809
f 4171/133/4804 4205/133/4840 3649/133/4834 3214/133/4782
f 3701/133/4796 3723/133/4829 3648/133/4841 3039/133/4810
f 3085/133/4792 3647/133/4826 3715/133/4822 3692/133/4790
f 4622/133/4801 4656/133/4842 3706/133/4843 3249/133/4802
f 3697/133/4805 3720/133/4835 3717/133/4816 3694/133/4784
f 3682/133/4794 3708/133/4827 3712/133/4818 3687/133/4786
f 3245/133/4779 3707/133/4813 3704/133/4844 3219/133/4808
f 3688/133/4780 3713/133/4836 3653/133/4845 3676/133/4781
f 3676/133/4781 3653/133/4845 3654/133/4812 3246/133/4778
f 3710/133/4820 3734/133/3662 3733/133/3658 3709/133/4821
f 3657/133/4824 3033/133/4846 3018/133/4847 3651/133/4825
f 3715/133/4822 3741/133/3645 3735/133/4848 3711/133/4823
f 3835/133/4814 3837/133/3664 3681/133/3667 3705/133/4815
f 3709/133/4821 3733/133/3658 3147/133/3646 3647/133/4826
f 3651/133/4825 3018/133/4847 3731/133/4849 3708/133/4827
f 4209/133/4828 4215/133/4850 3750/133/4851 3723/133/4829
f 4656/133/4842 4658/133/4852 3702/133/4853 3706/133/4843
f 3722/133/4831 3749/133/4854 3734/133/3662 3710/133/4820
f 4205/133/4840 4207/133/4855 3678/133/4856 3649/133/4834
f 3714/133/4832 3739/133/4857 3749/133/4854 3722/133/4831
f 3707/133/4813 3689/133/4858 3679/133/4859 3704/133/4844
f 4660/133/4833 4665/133/4860 3739/133/4857 3714/133/4832
f 3716/133/4819 3742/133/3234 3746/133/3644 3720/133/4835
f 3711/133/4823 3735/133/4848 3737/133/4861 3713/133/4836
f 3705/133/4815 3681/133/3667 3680/133/4862 3703/133/4830
f 3839/133/4837 3843/133/4863 3747/133/4864 3721/133/4838
f 3718/133/4817 3744/133/4865 3745/133/4866 3719/133/4839
f 3723/133/4829 3750/133/4851 3115/133/4867 3648/133/4841
f 3647/133/4826 3147/133/3646 3741/133/3645 3715/133/4822
f 3649/133/4834 3678/133/4856 3033/133/4846 3657/133/4824
f 3720/133/4835 3746/133/3644 3743/133/3657 3717/133/4816
f 3708/133/4827 3731/133/4849 3736/133/3235 3712/133/4818
f 3653/133/4845 3725/133/4868 3691/133/4869 3654/133/4812
f 3713/133/4836 3737/133/4861 3725/133/4868 3653/133/4845
f 3717/133/4816 3743/133/3657 3744/133/4865 3718/133/4817
f 3654/133/4812 3691/133/4869 3689/133/4858 3707/133/4813
f 3712/133/4818 3736/133/3235 3742/133/3234 3716/133/4819
f 3738/133/3635 4695/133/3634 4694/133/4870 3727/133/4871
f 4617/133/3648 4684/133/4872 4686/133/4873 4662/133/4874
f 3177/133/4875 4583/133/4876 4584/133/3625 3732/133/3624
f 3725/133/4868 3737/133/4861 3177/133/4875 3175/133/4877
f 4658/133/4852 4614/133/4878 3699/133/4879 3702/133/4853
f 4207/133/4855 4165/133/4880 3033/133/4846 3678/133/4856
f 3689/133/4858 3691/133/4869 3677/133/4881 3679/133/4859
f 3681/133/3667 3683/133/3666 3675/133/4882 3680/133/4862
f 3725/133/4868 3175/133/4877 3677/133/4881 3691/133/4869
f 4616/133/4883 3724/133/4884 3699/133/4879 4614/133/4878
f 3794/133/4885 2643/133/4886 3683/133/3666 3792/133/3665
f 2643/133/4886 2645/133/4887 3675/133/4882 3683/133/3666
f 4167/133/4888 3018/133/4847 3033/133/4846 4165/133/4880
f 4616/133/4883 4661/133/4889 3729/133/4890 3724/133/4884
f 3794/133/4885 3840/133/3632 3738/133/3635 2643/133/4886
f 2643/133/4886 3738/133/3635 3730/133/3638 2645/133/4887
f 4167/133/4888 4210/133/4891 3731/133/4849 3018/133/4847
f 3727/133/4871 4702/133/4892 4704/133/3636 3738/133/3635
f 4210/133/4891 4211/133/3232 3736/133/3235 3731/133/4849
f 4663/133/3660 4664/133/4893 3748/133/4894 3225/133/3661
f 3801/133/3653 3842/133/4895 3083/133/4896 3247/133/3654
f 3247/133/3654 3083/133/4896 3751/133/4897 3213/133/3655
f 4214/133/3656 4216/133/4898 3744/133/4865 3743/133/3657
f 3734/133/3662 3749/133/4854 3739/133/4857 3740/133/3663
f 4664/133/4893 4665/133/4860 3747/133/4864 3748/133/4894
f 3842/133/4895 3843/133/4863 3115/133/4867 3083/133/4896
f 3083/133/4896 3115/133/4867 3750/133/4851 3751/133/4897
f 4216/133/4898 4215/133/4850 3745/133/4866 3744/133/4865
f 3757/133/3461 3766/133/3446 3765/133/3445 3768/133/4899
f 5323/133/4900 5321/133/3108 3763/133/2969 3756/133/4901
f 3756/133/4901 3763/133/2969 3767/133/2968 3753/133/2961
f 3768/133/4899 3765/133/3445 3764/133/3109 3771/133/4902
f 3760/133/3456 3769/133/4903 3770/133/4904 3759/133/3457
f 3769/133/4903 3768/133/4899 3771/133/4902 3770/133/4904
f 3752/133/2928 3755/133/4905 3754/133/2960 3762/133/3443
f 3755/133/4905 3756/133/4901 3753/133/2961 3754/133/2960
f 5320/133/2927 5322/133/4906 3755/133/4905 3752/133/2928
f 5322/133/4906 5323/133/4900 3756/133/4901 3755/133/4905
f 3761/133/3460 3758/133/3459 3769/133/4903 3760/133/3456
f 3758/133/3459 3757/133/3461 3768/133/4899 3769/133/4903
f 2863/133/2965 3766/133/3446 3757/133/3461 2706/133/2966
f 2844/133/3382 3762/133/3443 3754/133/2960 2664/133/2959
f 3748/133/4894 3747/133/4864 3843/133/4863 3842/133/4895
f 3225/133/3661 3748/133/4894 3842/133/4895 3801/133/3653
f 3724/133/4884 3729/133/4890 3840/133/3632 3794/133/4885
f 3724/133/4884 3794/133/4885 3792/133/3665 3699/133/4879
f 3728/133/3628 4688/133/4907 4689/133/4908 3729/133/4890
f 3648/133/4841 3115/133/4867 3843/133/4863 3839/133/4837
f 3706/133/4843 3702/133/4853 3837/133/3664 3835/133/4814
f 3039/133/4810 3648/133/4841 3839/133/4837 3838/133/4806
f 3249/133/4802 3706/133/4843 3835/133/4814 3800/133/4797
f 3652/133/3727 3039/133/4810 3838/133/4806 3836/133/3712
f 3640/133/3770 3249/133/4802 3800/133/4797 3834/133/3748
f 3404/133/4216 3388/133/4203 3832/133/4198 3813/133/4209
f 4335/133/4773 3628/133/4772 3811/133/4769 4339/133/4768
f 4072/133/4763 3591/133/4762 3815/133/4759 4084/133/4758
f 4007/133/4753 3577/133/4232 3814/133/4745 4024/133/4751
f 3577/133/4232 3535/133/4217 3830/133/4208 3814/133/4745
f 3608/133/4642 3634/133/4711 3833/133/4704 3829/133/4631
f 3562/133/4666 3625/133/4723 3831/133/4702 3828/133/4627
f 4764/133/4643 3608/133/4642 3829/133/4631 4789/133/4630
f 4771/133/4667 3562/133/4666 3828/133/4627 4790/133/4626
f 3570/133/4526 3596/133/4592 3827/133/4586 3825/133/4515
f 3503/133/4550 3587/133/4604 3826/133/4584 3824/133/4511
f 4807/133/4527 3570/133/4526 3825/133/4515 4831/133/4514
f 4814/133/4551 3503/133/4550 3824/133/4511 4832/133/4510
f 3529/133/4281 3555/133/4476 3823/133/4470 3821/133/4278
f 3521/133/4250 3546/133/4488 3822/133/4468 3820/133/4276
f 4372/133/4455 3417/133/4454 3819/133/4451 4420/133/4450
f 4417/133/4284 3480/133/4282 3818/133/4277 4421/133/4285
f 3480/133/4282 3529/133/4281 3821/133/4278 3818/133/4277
f 3401/133/4057 3521/133/4250 3820/133/4276 3817/133/4060
f 3535/133/4217 3404/133/4216 3813/133/4209 3830/133/4208
f 3388/133/4203 3616/133/4180 3812/133/4179 3832/133/4198
f 4428/133/4744 3615/133/4199 3812/133/4179 4462/133/4178
f 2743/133/3043 3781/133/3066 3810/133/3067 3331/133/3046
f 3048/133/3740 3303/133/3768 3809/133/3750 3797/133/3729
f 4745/133/4134 3275/133/3794 3808/133/3781 4757/133/4135
f 4740/133/4110 3289/133/4017 3807/133/4019 4758/133/4106
f 3265/133/3919 3266/133/3918 3806/133/4085 3805/133/4083
f 3002/133/3921 3265/133/3919 3805/133/4083 3793/133/4001
f 4563/133/4058 3401/133/4057 3817/133/4060 4552/133/4059
f 3289/133/4017 3243/133/3995 3803/133/3991 3807/133/4019
f 3236/133/3997 3002/133/3921 3793/133/4001 3802/133/4000
f 3243/133/3995 3179/133/3728 3804/133/3711 3803/133/3991
f 3275/133/3794 3073/133/3695 3799/133/3723 3808/133/3781
f 3303/133/3768 3059/133/3767 3798/133/3751 3809/133/3750
f 2672/133/3694 3640/133/3770 3834/133/3748 3773/133/3724
f 2812/133/3272 3048/133/3740 3797/133/3729 3785/133/3245
f 3073/133/3695 2672/133/3694 3773/133/3724 3799/133/3723
f 3179/133/3728 3652/133/3727 3836/133/3712 3804/133/3711
f 3702/133/4853 3699/133/4879 3792/133/3665 3837/133/3664
f 3210/133/3650 3225/133/3661 3801/133/3653 3796/133/3652
f 3038/133/3631 3210/133/3650 3796/133/3652 3795/133/3651
f 3038/133/3631 4687/133/4909 4688/133/4907 3728/133/3628
f 2954/133/3273 3789/133/3244 3791/133/3614 2984/133/3612
f 2984/133/3612 3791/133/3614 3790/133/3146 2955/133/3148
f 4893/133/3564 4906/133/3562 3788/133/3063 2935/133/3042
f 5072/133/3531 5085/133/3526 3787/133/3527 2908/133/3532
f 2744/133/3047 3782/133/3070 3786/133/3525 2907/133/3528
f 2954/133/3273 2812/133/3272 3785/133/3245 3789/133/3244
f 2955/133/3148 3790/133/3146 3778/133/3055 2740/133/3034
f 4115/133/3114 4138/133/3115 3772/133/2956 2666/133/2958
f 2745/133/3051 3783/133/3074 3784/133/3076 2746/133/3053
f 5139/133/3050 5153/133/3071 3783/133/3074 2745/133/3051
f 3331/133/3046 3810/133/3067 3782/133/3070 2744/133/3047
f 2935/133/3042 3788/133/3063 3781/133/3066 2743/133/3043
f 5214/133/3038 5225/133/3059 3780/133/3062 2742/133/3039
f 2740/133/3034 3778/133/3055 3779/133/3058 2741/133/3035
f 2709/133/2932 2666/133/2958 3772/133/2956 3777/133/2935
f 3935/133/2933 2709/133/2932 3777/133/2935 4025/133/2934
f 4030/133/2911 2703/133/2910 3776/133/2913 4085/133/2912
f 4258/133/2893 2696/133/2892 3775/133/2895 4340/133/2894
f 4954/133/4910 3851/133/4911 3931/133/4912 5009/133/4913
f 4996/133/4914 3911/133/4915 3930/133/4916 5008/133/4917
f 4995/133/4918 3910/133/4919 3911/133/4915 4996/133/4914
f 5008/133/4917 3930/133/4916 3912/133/4920 4997/133/4921
f 5023/133/4922 4666/133/4923 3913/133/4924 4998/133/4925
f 4998/133/4925 3913/133/4924 3914/133/4926 4999/133/4927
f 4081/133/4928 4083/133/4929 3929/133/4930 3926/133/4931
f 4948/133/4932 4949/133/4933 3928/133/4934 3925/133/4935
f 4795/133/4936 4081/133/4928 3926/133/4931 4791/133/4937
f 5024/133/4938 4948/133/4932 3925/133/4935 4792/133/4939
f 4079/133/4940 4080/133/4941 3924/133/4942 3922/133/4943
f 4946/133/4944 4947/133/4945 3923/133/4946 3921/133/4947
f 4837/133/4948 4079/133/4940 3922/133/4943 4833/133/4949
f 5026/133/4950 4946/133/4944 3921/133/4947 4834/133/4951
f 4944/133/4952 4945/133/4953 3919/133/4954 3917/133/4955
f 4077/133/4956 4078/133/4957 3920/133/4958 3918/133/4959
f 4076/133/4960 4077/133/4956 3918/133/4959 3916/133/4961
f 4943/133/4962 4944/133/4952 3917/133/4955 3915/133/4963
f 5013/133/4964 4217/133/4965 3910/133/4919 4995/133/4918
f 4467/133/4966 4082/133/4967 3927/133/4968 4463/133/4969
f 5016/133/4970 4999/133/4927 3914/133/4926 4464/133/4971
f 4091/133/4972 3857/133/4973 3909/133/4974 4105/133/4975
f 4964/133/4976 3869/133/4977 3908/133/4978 4994/133/4979
f 5020/133/4980 4943/133/4962 3915/133/4963 4553/133/4981
f 4068/133/4982 4069/133/4983 3907/133/4984 3906/133/4985
f 4067/133/4986 4068/133/4982 3906/133/4985 3903/133/4987
f 4940/133/4988 4941/133/4989 3905/133/4990 3904/133/4991
f 4557/133/4992 4076/133/4960 3916/133/4961 4554/133/4993
f 4059/133/4994 4067/133/4986 3903/133/4987 3895/133/4995
f 4978/133/4996 4988/133/4997 3900/133/4998 3889/133/4999
f 4065/133/5000 4059/133/4994 3895/133/4995 3901/133/5001
f 4058/133/5002 4065/133/5000 3901/133/5001 3894/133/5003
f 4986/133/5004 4978/133/4996 3889/133/4999 3898/133/5005
f 4063/133/5006 4058/133/5002 3894/133/5003 3899/133/5007
f 4977/133/5008 4986/133/5004 3898/133/5005 3888/133/5009
f 4985/133/5010 4977/133/5008 3888/133/5009 3897/133/5011
f 4057/133/5012 4063/133/5006 3899/133/5007 3893/133/5013
f 4976/133/5014 4985/133/5010 3897/133/5011 3887/133/5015
f 4055/133/5016 4057/133/5012 3893/133/5013 3891/133/5017
f 4056/133/5018 4055/133/5016 3891/133/5017 3892/133/5019
f 4984/133/5020 4976/133/5014 3887/133/5015 3896/133/5021
f 4990/133/5022 4940/133/4988 3904/133/4991 3902/133/5023
f 4988/133/4997 4990/133/5022 3902/133/5023 3900/133/4998
f 4050/133/5024 4056/133/5018 3892/133/5019 3885/133/5025
f 4975/133/5026 4984/133/5020 3896/133/5021 3886/133/5027
f 4050/133/5024 3885/133/5025 3890/133/5028 4102/133/5029
f 4971/133/5030 3879/133/5031 3884/133/5032 4973/133/5033
f 4099/133/5034 3881/133/5035 3883/133/5036 4101/133/5037
f 4101/133/5037 3883/133/5036 3882/133/5038 4100/133/5039
f 4973/133/5033 3884/133/5032 3880/133/5040 4972/133/5041
f 4924/133/5042 3846/133/5043 3879/133/5031 4971/133/5030
f 4911/133/5044 4907/133/5045 3878/133/5046 4098/133/5047
f 5031/133/5048 4908/133/5049 3877/133/5050 5030/133/5051
f 5090/133/5052 5086/133/5053 3876/133/5054 4097/133/5055
f 4092/133/5056 3858/133/5057 3875/133/5058 4096/133/5059
f 5098/133/5060 5087/133/5061 3874/133/5062 4969/133/5063
f 4965/133/5064 3870/133/5065 3873/133/5066 4968/133/5067
f 4972/133/5041 3880/133/5040 3866/133/5068 4961/133/5069
f 5010/133/5070 4139/133/5071 3844/133/5072 4950/133/5073
f 4966/133/5074 3871/133/5075 3872/133/5076 4967/133/5077
f 5166/133/5078 5154/133/5079 3871/133/5075 4966/133/5074
f 4994/133/4979 3908/133/4978 3870/133/5065 4965/133/5064
f 4970/133/5080 4921/133/5081 3869/133/4977 4964/133/4976
f 2833/133/5082 4039/133/5083 5412/133/5084 5407/133/5085
f 4961/133/5069 3866/133/5068 3867/133/5086 4962/133/5087
f 4932/133/5088 4975/133/5026 3886/133/5027 3862/133/5089
f 4033/133/5090 4102/133/5029 3890/133/5028 3861/133/5091
f 5337/133/5092 5324/133/5093 3846/133/5043 4924/133/5042
f 4959/133/5094 3864/133/5095 3865/133/5096 4960/133/5097
f 4958/133/5098 3863/133/5099 3864/133/5095 4959/133/5094
f 4958/133/5098 4932/133/5088 3862/133/5089 3863/133/5099
f 4099/133/5034 4033/133/5090 3861/133/5091 3881/133/5035
f 4100/133/5039 3882/133/5038 3854/133/5100 4088/133/5101
f 4143/133/5102 4140/133/5103 3845/133/5104 4086/133/2947
f 4093/133/5105 3859/133/5106 3860/133/5107 4094/133/5108
f 5158/133/5109 5155/133/5110 3859/133/5106 4093/133/5105
f 4105/133/4975 3909/133/4974 3858/133/5057 4092/133/5056
f 4098/133/5047 3878/133/5046 3857/133/4973 4091/133/4972
f 5230/133/5111 5227/133/5112 3856/133/5113 4090/133/5114
f 4088/133/5101 3854/133/5100 3855/133/5115 4089/133/5116
f 5336/133/5117 5325/133/5118 3847/133/5119 4951/133/5120
f 5012/133/5121 4218/133/5122 3845/133/5104 4923/133/3224
f 4955/133/5123 3852/133/5124 3853/133/5125 4956/133/5126
f 5009/133/4913 3931/133/4912 3852/133/5124 4955/133/5123
f 5022/133/5127 4667/133/5128 3851/133/4911 4954/133/4910
f 4953/133/5129 3849/133/5130 3850/133/5131 5173/133/5132
f 4952/133/5133 3848/133/5134 3849/133/5130 4953/133/5129
f 4951/133/5120 3847/133/5119 3848/133/5134 4952/133/5133
f 2703/133/2910 3935/133/2933 4025/133/2934 3776/133/2913
f 3591/133/4762 4007/133/4753 4024/133/4751 3815/133/4759
f 3580/133/4224 4008/133/4229 4007/133/4753 3591/133/4762
f 3815/133/4759 4024/133/4751 4006/133/4752 3590/133/4760
f 4636/133/4757 4668/133/4750 4005/133/4749 3589/133/4755
f 3589/133/4755 4005/133/4749 4004/133/4175 3588/133/4166
f 3512/133/4624 3622/133/4741 4022/133/4727 4019/133/4675
f 3511/133/4688 3621/133/4734 4023/133/4714 4020/133/4649
f 4774/133/4625 3512/133/4624 4019/133/4675 4793/133/4674
f 4779/133/4689 3511/133/4688 4020/133/4649 4794/133/4648
f 3499/133/4508 3584/133/4583 4017/133/4608 4015/133/4559
f 3496/133/4572 3583/133/4615 4018/133/4595 4016/133/4533
f 4817/133/4509 3499/133/4508 4015/133/4559 4835/133/4558
f 4822/133/4573 3496/133/4572 4016/133/4533 4836/133/4532
f 3518/133/4275 3543/133/4467 4013/133/4492 4011/133/4255
f 3517/133/4264 3542/133/4499 4014/133/4479 4012/133/4235
f 3359/133/4049 3518/133/4275 4011/133/4255 4009/133/4062
f 3371/133/4142 3517/133/4264 4012/133/4235 4010/133/4149
f 4183/133/4223 4219/133/4226 4008/133/4229 3580/133/4224
f 4432/133/4167 3588/133/4166 4004/133/4175 4465/133/4174
f 4431/133/4159 3406/133/4158 4021/133/4169 4466/133/4168
f 2764/133/3213 3941/133/3163 4003/133/3164 3334/133/3214
f 2834/133/3352 3953/133/3373 4002/133/3374 3340/133/3355
f 4571/133/4143 3371/133/4142 4010/133/4149 4555/133/4148
f 3229/133/3826 3226/133/4072 4001/133/4080 4000/133/4079
f 3009/133/3819 3229/133/3826 4000/133/4079 3996/133/4015
f 3183/133/3860 3181/133/3859 3999/133/4075 3998/133/4073
f 3252/133/3803 3183/133/3860 3998/133/4073 3997/133/4007
f 4564/133/4050 3359/133/4049 4009/133/4062 4556/133/4061
f 3199/133/3820 3009/133/3819 3996/133/4015 3995/133/3982
f 3097/133/3804 3252/133/3803 3997/133/4007 3989/133/3980
f 3137/133/3949 3199/133/3820 3995/133/3982 3982/133/3969
f 3189/133/3951 3097/133/3804 3989/133/3980 3994/133/3964
f 3099/133/3927 3137/133/3949 3982/133/3969 3992/133/3940
f 3102/133/3929 3189/133/3951 3994/133/3964 3988/133/3924
f 3150/133/3923 3099/133/3927 3992/133/3940 3981/133/3910
f 3145/133/3893 3102/133/3929 3988/133/3924 3993/133/3894
f 3098/133/3891 3150/133/3923 3981/133/3910 3991/133/3872
f 3101/133/3871 3145/133/3893 3993/133/3894 3987/133/3861
f 3005/133/3837 3098/133/3891 3991/133/3872 3980/133/3823
f 3067/133/3839 3101/133/3871 3987/133/3861 3985/133/3846
f 3091/133/3759 3067/133/3839 3985/133/3846 3986/133/3786
f 3109/133/3738 3005/133/3837 3980/133/3823 3990/133/3725
f 3001/133/3687 3091/133/3759 3986/133/3786 3979/133/3682
f 3021/133/3311 3109/133/3738 3990/133/3725 3983/133/3582
f 3001/133/3687 3979/133/3682 3984/133/3318 3032/133/3594
f 2974/133/3572 3973/133/3577 3978/133/3578 2994/133/3575
f 2970/133/3277 3975/133/3258 3977/133/3583 2992/133/3596
f 2992/133/3596 3977/133/3583 3976/133/3230 2971/133/3207
f 2644/133/3242 3021/133/3311 3983/133/3582 3946/133/3263
f 2994/133/3575 3978/133/3578 3974/133/3408 2975/133/3410
f 2684/133/3292 3933/133/3297 3973/133/3577 2974/133/3572
f 4896/133/3551 4909/133/3555 3972/133/3160 2938/133/3212
f 4902/133/3547 4910/133/3545 3971/133/3370 2944/133/3351
f 5075/133/3492 5088/133/3506 3970/133/3509 2914/133/3493
f 2765/133/3215 3942/133/3167 3969/133/3505 2913/133/3489
f 5081/133/3480 5089/133/3475 3968/133/3476 2926/133/3481
f 2835/133/3356 3954/133/3377 3967/133/3474 2925/133/3477
f 2664/133/2959 2663/133/2962 3966/133/2918 3965/133/3462
f 2844/133/3382 2664/133/2959 3965/133/3462 3956/133/3383
f 2872/133/3447 2871/133/3106 3964/133/3111 3963/133/3440
f 2702/133/2906 2872/133/3447 3963/133/3440 3934/133/3439
f 4130/133/2976 4141/133/3429 3957/133/3432 2851/133/2977
f 5307/133/3393 5326/133/3424 3958/133/3413 2853/133/2923
f 2855/133/3104 3960/133/3418 3961/133/3112 2856/133/3105
f 2854/133/2924 3959/133/3416 3960/133/3418 2855/133/3104
f 2853/133/2923 3958/133/3413 3959/133/3416 2854/133/2924
f 2975/133/3410 3974/133/3408 3950/133/3364 2831/133/3343
f 2836/133/3360 3955/133/3381 3956/133/3383 2837/133/3362
f 5148/133/3359 5156/133/3378 3955/133/3381 2836/133/3360
f 3340/133/3355 4002/133/3374 3954/133/3377 2835/133/3356
f 2944/133/3351 3971/133/3370 3953/133/3373 2834/133/3352
f 5226/133/2810 5231/133/5135 5428/133/5136 5426/133/2811
f 2831/133/3343 3950/133/3364 3951/133/3367 2832/133/3344
f 2804/133/3276 3032/133/3594 3984/133/3318 3945/133/3259
f 5303/133/3291 5327/133/3294 3933/133/3297 2684/133/3292
f 2808/133/3266 3948/133/3283 3949/133/3285 2809/133/3268
f 2807/133/3243 3947/133/3262 3948/133/3283 2808/133/3266
f 2807/133/3243 2644/133/3242 3946/133/3263 3947/133/3262
f 2970/133/3277 2804/133/3276 3945/133/3259 3975/133/3258
f 2971/133/3207 3976/133/3230 3938/133/3152 2761/133/3208
f 4118/133/3219 4142/133/3220 3932/133/2951 2679/133/2950
f 2766/133/3217 3943/133/3171 3944/133/3173 2767/133/3218
f 5142/133/3216 5157/133/3168 3943/133/3171 2766/133/3217
f 3334/133/3214 4003/133/3164 3942/133/3167 2765/133/3215
f 2938/133/3212 3972/133/3160 3941/133/3163 2764/133/3213
f 5217/133/3210 5229/133/3156 3940/133/3159 2763/133/3211
f 2761/133/3208 3938/133/3152 3939/133/3155 2762/133/3209
f 2871/133/3106 2856/133/3105 3961/133/3112 3964/133/3111
f 4149/133/2945 4220/133/2948 3932/133/2951 2680/133/2946
f 2704/133/2914 3936/133/2937 3937/133/2939 2705/133/2916
f 3776/133/2913 4025/133/2934 3936/133/2937 2704/133/2914
f 4598/133/2909 4669/133/2930 3935/133/2933 2703/133/2910
f 2663/133/2962 2866/133/2967 3962/133/2919 3966/133/2918
f 2768/133/3153 4088/133/5101 4089/133/5116 2769/133/3154
f 5218/133/3157 5230/133/5111 4090/133/5114 2770/133/3158
f 2939/133/3161 4098/133/5047 4091/133/4972 2771/133/3162
f 3335/133/3165 4105/133/4975 4092/133/5056 2772/133/3166
f 5143/133/3169 5158/133/5109 4093/133/5105 2773/133/3170
f 2773/133/3170 4093/133/5105 4094/133/5108 2774/133/3172
f 4119/133/3221 4143/133/5102 4086/133/2947 2680/133/2946
f 2969/133/3231 4100/133/5039 4088/133/5101 2768/133/3153
f 2968/133/3261 2789/133/3260 4033/133/5090 4099/133/5034
f 2789/133/3260 3031/133/3319 4102/133/5029 4033/133/5090
f 2772/133/3166 4092/133/5056 4096/133/5059 2915/133/3504
f 5076/133/3507 5090/133/5052 4097/133/5055 2916/133/3508
f 4897/133/3556 4911/133/5044 4098/133/5047 2939/133/3161
f 2991/133/3584 4101/133/5037 4100/133/5039 2969/133/3231
f 2968/133/3261 4099/133/5034 4101/133/5037 2991/133/3584
f 3000/133/3683 4050/133/5024 4102/133/5029 3031/133/3319
f 3000/133/3683 3090/133/3787 4056/133/5018 4050/133/5024
f 3090/133/3787 3069/133/3847 4055/133/5016 4056/133/5018
f 3069/133/3847 3095/133/3862 4057/133/5012 4055/133/5016
f 3095/133/3862 3024/133/3895 4063/133/5006 4057/133/5012
f 3024/133/3895 3161/133/3925 4058/133/5002 4063/133/5006
f 3161/133/3925 3055/133/3965 4065/133/5000 4058/133/5002
f 3055/133/3965 3202/133/3981 4059/133/4994 4065/133/5000
f 3202/133/3981 3185/133/4008 4067/133/4986 4059/133/4994
f 4545/133/4064 3351/133/4063 4076/133/4960 4557/133/4992
f 3185/133/4008 3154/133/4074 4068/133/4982 4067/133/4986
f 3154/133/4074 3129/133/4076 4069/133/4983 4068/133/4982
f 2771/133/3162 4091/133/4972 4105/133/4975 3335/133/3165
f 4430/133/4171 3405/133/4170 4082/133/4967 4467/133/4966
f 3351/133/4063 3519/133/4256 4077/133/4956 4076/133/4960
f 3519/133/4256 3544/133/4493 4078/133/4957 4077/133/4956
f 4829/133/4561 3500/133/4560 4079/133/4940 4837/133/4948
f 3500/133/4560 3585/133/4609 4080/133/4941 4079/133/4940
f 4785/133/4677 3513/133/4676 4081/133/4928 4795/133/4936
f 3513/133/4676 3623/133/4728 4083/133/4929 4081/133/4928
f 3851/133/4911 4030/133/2911 4085/133/2912 3931/133/4912
f 3911/133/4915 4072/133/4763 4084/133/4758 3930/133/4916
f 3910/133/4919 4071/133/4225 4072/133/4763 3911/133/4915
f 3930/133/4916 4084/133/4758 4073/133/4761 3912/133/4920
f 4666/133/4923 4670/133/4756 4074/133/4754 3913/133/4924
f 3913/133/4924 4074/133/4754 4075/133/4165 3914/133/4926
f 3925/133/4935 3928/133/4934 4112/133/4733 4111/133/4687
f 4792/133/4939 3925/133/4935 4111/133/4687 4796/133/4686
f 3921/133/4947 3923/133/4946 4110/133/4614 4109/133/4571
f 4834/133/4951 3921/133/4947 4109/133/4571 4838/133/4570
f 3917/133/4955 3919/133/4954 4108/133/4498 4107/133/4263
f 3915/133/4963 3917/133/4955 4107/133/4263 4106/133/4141
f 4217/133/4965 4221/133/4222 4071/133/4225 3910/133/4919
f 4464/133/4971 3914/133/4926 4075/133/4165 4468/133/4164
f 3869/133/4977 4040/133/3353 4070/133/3354 3908/133/4978
f 4553/133/4981 3915/133/4963 4106/133/4141 4558/133/4140
f 3904/133/4991 3905/133/4990 4104/133/4071 4103/133/3825
f 3889/133/4999 3900/133/4998 4064/133/3817 4054/133/3948
f 3898/133/5005 3889/133/4999 4054/133/3948 4062/133/3926
f 3888/133/5009 3898/133/5005 4062/133/3926 4053/133/3922
f 3897/133/5011 3888/133/5009 4053/133/3922 4061/133/3890
f 3887/133/5015 3897/133/5011 4061/133/3890 4052/133/3836
f 3896/133/5021 3887/133/5015 4052/133/3836 4060/133/3737
f 3902/133/5023 3904/133/4991 4103/133/3825 4066/133/3818
f 3900/133/4998 3902/133/5023 4066/133/3818 4064/133/3817
f 3886/133/5027 3896/133/5021 4060/133/3737 4051/133/3310
f 3879/133/5031 4047/133/3573 4049/133/3574 3884/133/5032
f 3884/133/5032 4049/133/3574 4048/133/3409 3880/133/5040
f 3846/133/5043 4087/133/3293 4047/133/3573 3879/133/5031
f 4922/133/5137 4912/133/3546 4046/133/3350 4921/133/5081
f 5087/133/5061 5091/133/3479 4045/133/3482 3874/133/5062
f 3870/133/5065 4041/133/3357 4044/133/3478 3873/133/5066
f 3880/133/5040 4048/133/3409 4037/133/3342 3866/133/5068
f 4139/133/5071 4144/133/3388 4026/133/3391 3844/133/5072
f 3871/133/5075 4042/133/3361 4043/133/3363 3872/133/5076
f 5154/133/5079 5159/133/3358 4042/133/3361 3871/133/5075
f 3908/133/4978 4070/133/3354 4041/133/3357 3870/133/5065
f 4921/133/5081 4046/133/3350 4040/133/3353 3869/133/4977
f 5196/133/1795 5387/133/687 5442/133/690 5419/133/1796
f 3866/133/5068 4037/133/3342 4038/133/3345 3867/133/5086
f 3862/133/5089 3886/133/5027 4051/133/3310 4095/133/3241
f 5324/133/5093 5328/133/3290 4087/133/3293 3846/133/5043
f 3864/133/5095 4035/133/3267 4036/133/3269 3865/133/5096
f 3863/133/5099 4034/133/3240 4035/133/3267 3864/133/5095
f 3863/133/5099 3862/133/5089 4095/133/3241 4034/133/3240
f 5325/133/5118 5329/133/2979 4027/133/2900 3847/133/5119
f 4218/133/5122 4222/133/2944 4086/133/2947 3845/133/5104
f 3852/133/5124 4031/133/2915 4032/133/2917 3853/133/5125
f 3931/133/4912 4085/133/2912 4031/133/2915 3852/133/5124
f 4667/133/5128 4671/133/2908 4030/133/2911 3851/133/4911
f 3849/133/5130 4029/133/2905 5170/133/2907 3850/133/5131
f 3848/133/5134 4028/133/2903 4029/133/2905 3849/133/5130
f 3847/133/5119 4027/133/2900 4028/133/2903 3848/133/5134
f 3872/133/5076 4043/133/3363 4144/133/3388 4139/133/5071
f 2774/133/3172 4094/133/5108 4143/133/5102 4119/133/3221
f 2767/133/3218 3944/133/3173 4142/133/3220 4118/133/3219
f 2865/133/2920 3962/133/2919 4141/133/3429 4130/133/2976
f 4094/133/5108 3860/133/5107 4140/133/5103 4143/133/5102
f 4967/133/5077 3872/133/5076 4139/133/5071 5010/133/5070
f 2746/133/3053 3784/133/3076 4138/133/3115 4115/133/3114
f 4310/133/4431 3426/133/4430 4137/133/4426 4341/133/4425
f 4385/133/4406 3438/133/4405 4136/133/4400 4422/133/4399
f 2640/133/3463 2662/133/2921 4135/133/2975 4134/133/3451
f 2837/133/3362 2640/133/3463 4134/133/3451 4124/133/3389
f 2868/133/3453 2867/133/2974 4133/133/3101 4132/133/3449
f 2665/133/3454 2868/133/3453 4132/133/3449 4114/133/3448
f 2866/133/2967 2846/133/2970 4125/133/3433 4131/133/3430
f 3962/133/2919 2866/133/2967 4131/133/3430 4141/133/3429
f 2863/133/2965 2864/133/2964 4129/133/3102 4128/133/3428
f 2862/133/3444 2863/133/2965 4128/133/3428 4127/133/3427
f 2861/133/3110 2862/133/3444 4127/133/3427 4126/133/3426
f 5308/133/3107 2861/133/3110 4126/133/3426 5330/133/3425
f 4043/133/3363 2837/133/3362 4124/133/3389 4144/133/3388
f 4271/133/3341 2830/133/3340 4123/133/3385 4342/133/3384
f 4355/133/3206 2788/133/564 4121/133/586 4423/133/3225
f 4931/133/3195 2781/133/3194 4120/133/3223 5011/133/3222
f 3944/133/3173 2774/133/3172 4119/133/3221 4142/133/3220
f 2654/133/3122 2767/133/3218 4118/133/3219 4113/133/3119
f 4151/133/3123 2654/133/3122 4113/133/3119 4223/133/3118
f 2753/133/3075 2760/133/3087 4117/133/3117 4116/133/3116
f 3784/133/3076 2753/133/3075 4116/133/3116 4138/133/3115
f 4606/133/3054 2746/133/3053 4115/133/3114 4672/133/3113
f 2867/133/2974 2850/133/2973 4129/133/3102 4133/133/3101
f 2662/133/2921 2865/133/2920 4130/133/2976 4135/133/2975
f 2760/133/3087 4151/133/3123 4223/133/3118 4117/133/3117
f 3853/133/5125 4032/133/2917 4222/133/2944 4218/133/5122
f 3927/133/4968 4082/133/4967 4221/133/4222 4217/133/4965
f 2705/133/2916 3937/133/2939 4220/133/2948 4149/133/2945
f 3405/133/4170 4021/133/4169 4219/133/4226 4183/133/4223
f 4956/133/5126 3853/133/5125 4218/133/5122 5012/133/5121
f 5006/133/4183 3927/133/4968 4217/133/4965 5013/133/4964
f 3751/133/4897 3750/133/4851 4215/133/4850 4216/133/4898
f 3213/133/3655 3751/133/4897 4216/133/4898 4214/133/3656
f 3730/133/3638 3726/133/5138 4211/133/3232 4210/133/4891
f 2645/133/4887 3730/133/3638 4210/133/4891 4167/133/4888
f 2645/133/4887 4167/133/4888 4165/133/4880 3675/133/4882
f 3680/133/4862 3675/133/4882 4165/133/4880 4207/133/4855
f 3703/133/4830 3680/133/4862 4207/133/4855 4205/133/4840
f 3719/133/4839 3745/133/4866 4215/133/4850 4209/133/4828
f 3222/133/4811 3703/133/4830 4205/133/4840 4171/133/4804
f 3696/133/4809 3719/133/4839 4209/133/4828 4208/133/4795
f 3644/133/4026 3222/133/4811 4171/133/4804 4204/133/3848
f 3670/133/4028 3696/133/4809 4208/133/4795 4206/133/3716
f 3403/133/4177 3383/133/4187 4202/133/4201 4182/133/4213
f 3486/133/4662 3376/133/4721 4201/133/4729 4197/133/4679
f 3567/133/4684 3631/133/4732 4203/133/4718 4198/133/4657
f 4775/133/4663 3486/133/4662 4197/133/4679 4797/133/4678
f 4777/133/4685 3567/133/4684 4198/133/4657 4798/133/4656
f 3484/133/4546 3364/133/4602 4195/133/4610 4193/133/4563
f 3524/133/4568 3593/133/4613 4196/133/4599 4194/133/4541
f 4818/133/4547 3484/133/4546 4193/133/4563 4839/133/4562
f 4820/133/4569 3524/133/4568 4194/133/4541 4840/133/4540
f 3506/133/4240 3357/133/4486 4191/133/4494 4189/133/4257
f 3526/133/4261 3552/133/4497 4192/133/4483 4190/133/4244
f 4374/133/4449 3419/133/4448 4188/133/4445 4424/133/4444
f 4414/133/4231 3477/133/4262 4187/133/4243 4425/133/4295
f 3345/133/4035 3506/133/4240 4189/133/4257 4186/133/4068
f 3477/133/4262 3526/133/4261 4190/133/4244 4187/133/4243
f 3406/133/4158 3402/133/4157 4200/133/4212 4184/133/4227
f 4021/133/4169 3406/133/4158 4184/133/4227 4219/133/4226
f 4082/133/4967 3405/133/4170 4183/133/4223 4221/133/4222
f 4299/133/4777 3382/133/4184 4199/133/4219 4343/133/4218
f 3402/133/4157 3403/133/4177 4182/133/4213 4200/133/4212
f 3383/133/4187 3394/133/4190 4181/133/4189 4202/133/4201
f 4439/133/4197 3379/133/4196 4181/133/4189 4469/133/4188
f 2757/133/3082 4154/133/3133 4180/133/3126 3333/133/3083
f 3043/133/3744 3300/133/3774 4179/133/3775 4168/133/3745
f 4742/133/4131 3272/133/3798 4178/133/3799 4759/133/4128
f 4741/133/3986 3290/133/4112 4177/133/4018 4760/133/4108
f 3111/133/4101 3116/133/4102 4176/133/4095 4175/133/4093
f 3012/133/4009 3111/133/4101 4175/133/4093 4166/133/4005
f 4565/133/4036 3345/133/4035 4186/133/4068 4559/133/4067
f 3290/133/4112 3244/133/3978 4174/133/3993 4177/133/4018
f 3233/133/4010 3012/133/4009 4166/133/4005 4173/133/4004
f 3244/133/3978 3113/133/3977 4172/133/3715 4174/133/3993
f 2796/133/3609 3644/133/4026 4204/133/3848 4146/133/3603
f 3272/133/3798 3070/133/3610 4170/133/3602 4178/133/3799
f 3300/133/3774 3056/133/3773 4169/133/3776 4179/133/3775
f 2791/133/3306 3043/133/3744 4168/133/3745 4158/133/3279
f 3113/133/3977 3670/133/4028 4206/133/3716 4172/133/3715
f 3131/133/3641 3213/133/3655 4214/133/3656 4213/133/3643
f 3036/133/3642 3131/133/3641 4213/133/3643 4212/133/3233
f 2950/133/3307 4162/133/3278 4164/133/3621 2982/133/3618
f 2982/133/3618 4164/133/3621 4163/133/3142 2951/133/3145
f 3070/133/3610 2796/133/3609 4146/133/3603 4170/133/3602
f 4895/133/3561 4913/133/3557 4161/133/3130 2937/133/3081
f 5074/133/3522 5092/133/3511 4160/133/3512 2912/133/3523
f 2758/133/3084 4153/133/3129 4159/133/3510 2911/133/3519
f 2950/133/3307 2791/133/3306 4158/133/3279 4162/133/3278
f 3726/133/5138 3036/133/3642 4212/133/3233 4211/133/3232
f 2951/133/3145 4163/133/3142 4157/133/3138 2754/133/3077
f 2754/133/3077 4157/133/3138 4156/133/3141 2755/133/3078
f 5216/133/3079 5232/133/3134 4155/133/3137 2756/133/3080
f 2937/133/3081 4161/133/3130 4154/133/3133 2757/133/3082
f 3333/133/3083 4180/133/3126 4153/133/3129 2758/133/3084
f 5141/133/3085 5160/133/3124 4152/133/3120 2759/133/3086
f 2759/133/3086 4152/133/3120 4151/133/3123 2760/133/3087
f 4117/133/3117 4223/133/3118 4145/133/2952 2668/133/2955
f 2711/133/2938 2668/133/2955 4145/133/2952 4150/133/2949
f 3937/133/2939 2711/133/2938 4150/133/2949 4220/133/2948
f 4032/133/2917 2705/133/2916 4149/133/2945 4222/133/2944
f 4260/133/2899 2698/133/2898 4148/133/2941 4344/133/2940
f 4514/133/5139 4233/133/5140 4253/133/5141 4538/133/5142
f 4532/133/5143 4247/133/5144 4252/133/5145 4537/133/5146
f 4523/133/5147 4231/133/5148 4251/133/5149 4536/133/5150
f 4513/133/5151 4230/133/5152 4250/133/5153 4535/133/5154
f 4520/133/5155 4242/133/5156 4249/133/5157 4534/133/5158
f 4536/133/5150 4251/133/5149 4248/133/5159 4533/133/5160
f 5019/133/5161 5014/133/5162 4247/133/5144 4532/133/5143
f 4512/133/5163 4229/133/5164 4246/133/5165 4531/133/5166
f 4542/133/5167 4426/133/5168 4245/133/5169 4530/133/5170
f 4540/133/5171 4345/133/5172 4244/133/5173 4529/133/5174
f 4534/133/5158 4249/133/5157 4243/133/5175 4528/133/5176
f 4519/133/5177 4241/133/5178 4225/133/5179 4521/133/5180
f 4518/133/5181 4239/133/5182 4240/133/5183 4527/133/5184
f 4541/133/5185 4427/133/5186 4238/133/2578 4526/133/2577
f 4537/133/5146 4252/133/5145 4242/133/5156 4520/133/5155
f 4515/133/5187 4234/133/5188 4235/133/5189 4525/133/5190
f 4527/133/5184 4240/133/5183 4234/133/5188 4515/133/5187
f 4538/133/5142 4253/133/5141 4239/133/5182 4518/133/5181
f 4528/133/5176 4243/133/5175 4232/133/5191 4524/133/5192
f 4535/133/5154 4250/133/5153 4231/133/5148 4523/133/5147
f 4531/133/5166 4246/133/5165 4228/133/5193 4522/133/5194
f 4679/133/5195 4673/133/5196 4229/133/5164 4512/133/5163
f 4539/133/5197 4346/133/5198 4236/133/5199 4516/133/5200
f 4525/133/5190 4235/133/5189 4230/133/5152 4513/133/5151
f 4511/133/5201 4227/133/5202 4241/133/5178 4519/133/5177
f 5018/133/5203 5015/133/5204 4237/133/5205 4517/133/5206
f 4524/133/5192 4232/133/5191 4227/133/5202 4511/133/5201
f 4522/133/5194 4228/133/5193 4233/133/5140 4514/133/5139
f 4521/133/5180 4225/133/5179 4226/133/5207 4510/133/5208
f 4530/133/5170 4245/133/5169 4346/133/5198 4539/133/5197
f 4517/133/5206 4237/133/5205 4345/133/5172 4540/133/5171
f 3419/133/4448 4260/133/2899 4344/133/2940 4188/133/4445
f 3631/133/4732 4299/133/4777 4343/133/4218 4203/133/4718
f 3438/133/4405 4271/133/3341 4342/133/3384 4136/133/4400
f 2781/133/3194 4310/133/4431 4341/133/4425 4120/133/3223
f 3417/133/4454 4258/133/2893 4340/133/2894 3819/133/4451
f 3634/133/4711 4335/133/4773 4339/133/4768 3833/133/4704
f 4440/133/4185 3382/133/4184 4299/133/4777 4470/133/4776
f 3635/133/4710 4336/133/4221 4335/133/4773 3634/133/4711
f 3833/133/4704 4339/133/4768 4334/133/4771 3633/133/4705
f 4654/133/4740 4674/133/4766 4333/133/4764 3632/133/4735
f 3632/133/4735 4333/133/4764 4300/133/4193 3630/133/4736
f 3613/133/4670 3639/133/4725 4338/133/4715 4332/133/4651
f 3602/133/4698 3380/133/4739 4337/133/4712 4331/133/4645
f 4772/133/4671 3613/133/4670 4332/133/4651 4799/133/4650
f 4786/133/4699 3602/133/4698 4331/133/4645 4800/133/4644
f 3575/133/4554 3601/133/4606 4330/133/4596 4328/133/4535
f 3561/133/4580 3366/133/4620 4329/133/4593 4327/133/4529
f 4815/133/4555 3575/133/4554 4328/133/4535 4841/133/4534
f 4830/133/4581 3561/133/4580 4327/133/4529 4842/133/4528
f 3534/133/4253 3560/133/4490 4326/133/4480 4324/133/4237
f 3504/133/4271 3361/133/4463 4325/133/4477 4323/133/4291
f 2775/133/3175 4304/133/4424 4305/133/4439 2776/133/3176
f 5219/133/3179 5233/133/4434 4306/133/4437 2777/133/3180
f 2940/133/3183 4314/133/4376 4307/133/4296 2778/133/3184
f 3336/133/3187 4321/133/4299 4308/133/4385 2779/133/3188
f 5144/133/3191 5161/133/4432 4309/133/4428 2780/133/3192
f 2780/133/3192 4309/133/4428 4310/133/4431 2781/133/3194
f 4120/133/3223 4341/133/4425 4302/133/2943 2681/133/2942
f 2967/133/3229 4316/133/4368 4304/133/4424 2775/133/3175
f 2966/133/3239 2806/133/3238 4264/133/4365 4315/133/4359
f 2779/133/3188 4308/133/4385 4312/133/4388 2917/133/3498
f 5077/133/3501 5093/133/4381 4313/133/4384 2918/133/3502
f 4898/133/3554 4914/133/4373 4314/133/4376 2940/133/3183
f 2990/133/3587 4317/133/4362 4316/133/4368 2967/133/3229
f 2806/133/3238 3030/133/3309 4318/133/4354 4264/133/4365
f 2966/133/3239 4315/133/4359 4317/133/4362 2990/133/3587
f 2999/133/3685 3089/133/3796 4285/133/4345 4278/133/4351
f 2999/133/3685 4278/133/4351 4318/133/4354 3030/133/3309
f 3197/133/3974 3022/133/4014 4295/133/4335 4290/133/4320
f 3089/133/3796 3074/133/3851 4283/133/4341 4285/133/4345
f 3074/133/3851 3094/133/3887 4286/133/4331 4283/133/4341
f 3007/133/4088 3108/133/4090 4297/133/4339 4296/133/4336
f 3022/133/4014 3007/133/4088 4296/133/4336 4295/133/4335
f 3094/133/3887 3025/133/3905 4293/133/4327 4286/133/4331
f 3025/133/3905 3159/133/3947 4284/133/4323 4293/133/4327
f 3159/133/3947 3139/133/3972 4292/133/4319 4284/133/4323
f 3139/133/3972 3197/133/3974 4290/133/4320 4292/133/4319
f 4568/133/4044 3344/133/4043 4301/133/4290 4572/133/4304
f 2778/133/3184 4307/133/4296 4321/133/4299 3336/133/3187
f 3344/133/4043 3504/133/4271 4323/133/4291 4301/133/4290
f 3483/133/4254 3534/133/4253 4324/133/4237 4322/133/4052
f 4203/133/4718 4343/133/4218 4336/133/4221 3635/133/4710
f 4461/133/4724 3630/133/4736 4300/133/4193 4471/133/4192
f 3435/133/4301 4268/133/3331 4298/133/3332 3474/133/4302
f 3472/133/4309 3473/133/4308 4320/133/4099 4319/133/4097
f 3468/133/4311 3472/133/4309 4319/133/4097 4294/133/4011
f 4551/133/4314 3483/133/4254 4322/133/4052 4573/133/4051
f 3465/133/4316 3468/133/4311 4294/133/4011 4291/133/3984
f 3456/133/4318 3465/133/4316 4291/133/3984 4282/133/3956
f 3463/133/4326 3456/133/4318 4282/133/3956 4289/133/3934
f 3455/133/4330 3463/133/4326 4289/133/3934 4281/133/3906
f 3462/133/4334 3455/133/4330 4281/133/3906 4288/133/3874
f 3453/133/4344 3462/133/4334 4288/133/3874 4280/133/3840
f 3461/133/4348 3453/133/4344 4280/133/3840 4287/133/3779
f 3452/133/4350 3461/133/4348 4287/133/3779 4279/133/3616
f 3445/133/4356 4275/133/3569 4277/133/3570 3450/133/4357
f 3431/133/4364 3452/133/4350 4279/133/3616 4311/133/3304
f 3450/133/4357 4277/133/3570 4276/133/3411 3446/133/4369
f 3412/133/4372 4303/133/3289 4275/133/3569 3445/133/4356
f 4905/133/4378 4915/133/3548 4274/133/3328 3443/133/4379
f 5084/133/4390 5094/133/3485 4273/133/3488 3440/133/4391
f 3436/133/4394 4269/133/3335 4272/133/3484 3439/133/4395
f 3446/133/4369 4276/133/3411 4265/133/3320 3432/133/4397
f 4136/133/4400 4342/133/3384 4254/133/3387 3410/133/4401
f 3437/133/4404 4270/133/3339 4271/133/3341 3438/133/4405
f 5151/133/4408 5162/133/3336 4270/133/3339 3437/133/4404
f 3474/133/4302 4298/133/3332 4269/133/3335 3436/133/4394
f 3443/133/4379 4274/133/3328 4268/133/3331 3435/133/4301
f 2826/133/5209 4267/133/5210 5413/133/5211 5406/133/5212
f 3432/133/4397 4265/133/3320 4266/133/3323 3433/133/4413
f 3427/133/4416 3431/133/4364 4311/133/3304 4261/133/3248
f 5318/133/4418 5331/133/3286 4303/133/3289 3412/133/4372
f 3428/133/4420 4262/133/3251 4263/133/3253 3429/133/4421
f 3427/133/4416 4261/133/3248 4262/133/3251 3428/133/4420
f 5319/133/4441 5332/133/2981 4255/133/2882 3413/133/4442
f 4188/133/4445 4344/133/2940 4302/133/2943 3411/133/4427
f 3418/133/4447 4259/133/2897 4260/133/2899 3419/133/4448
f 3819/133/4451 4340/133/2894 4259/133/2897 3418/133/4447
f 4640/133/4453 4675/133/2890 4258/133/2893 3417/133/4454
f 3415/133/4457 4257/133/2887 5171/133/2889 3416/133/4458
f 3414/133/4461 4256/133/2885 4257/133/2887 3415/133/4457
f 3413/133/4442 4255/133/2882 4256/133/2885 3414/133/4461
f 4529/133/5174 4244/133/5173 4427/133/5186 4541/133/5185
f 4509/133/2604 4224/133/2605 4426/133/5168 4542/133/5167
f 3372/133/1615 4414/133/4231 4425/133/4295 4185/133/2606
f 2692/133/2607 4374/133/4449 4424/133/4444 4147/133/2608
f 3426/133/4430 4355/133/3206 4423/133/3225 4137/133/4426
f 2823/133/2609 4385/133/4406 4422/133/4399 4122/133/2610
f 3378/133/2611 4417/133/4284 4421/133/4285 3816/133/2612
f 2690/133/2613 4372/133/4455 4420/133/4450 3774/133/2614
f 2687/133/2615 4369/133/4443 4370/133/4460 2688/133/2616
f 2688/133/2616 4370/133/4460 4371/133/4456 2689/133/2617
f 2689/133/2617 4371/133/4456 5172/133/4459 5168/133/2618
f 4596/133/2619 4676/133/4452 4372/133/4455 2690/133/2613
f 3774/133/2614 4420/133/4450 4373/133/4446 2691/133/2620
f 2691/133/2620 4373/133/4446 4374/133/4449 2692/133/2607
f 4147/133/2608 4424/133/4444 4347/133/3226 2682/133/585
f 5243/133/2621 5333/133/4440 4369/133/4443 2687/133/2615
f 2793/133/2622 4375/133/4415 4376/133/4419 2794/133/2623
f 2794/133/2623 4376/133/4419 4377/133/4422 2795/133/2624
f 5251/133/2625 5334/133/4417 4348/133/4371 2686/133/2626
f 2793/133/2622 2803/133/2627 4356/133/4363 4375/133/4415
f 2817/133/2628 4379/133/4398 4380/133/4414 2818/133/2629
f 5223/133/2521 5234/133/5213 5429/133/5214 5425/133/2522
f 2942/133/2634 4388/133/4380 4382/133/4300 2820/133/2635
f 3338/133/2636 4412/133/4303 4383/133/4393 2821/133/2637
f 5146/133/2638 5163/133/4407 4384/133/4403 2822/133/2639
f 2822/133/2639 4384/133/4403 4385/133/4406 2823/133/2609
f 4122/133/2610 4422/133/4399 4368/133/4402 2669/133/2640
f 2979/133/2641 4390/133/4370 4379/133/4398 2817/133/2628
f 2821/133/2637 4383/133/4393 4386/133/4396 2921/133/2642
f 5079/133/2643 5095/133/4389 4387/133/4392 2922/133/2644
f 4900/133/2645 4916/133/4377 4388/133/4380 2942/133/2634
f 2686/133/2626 4348/133/4371 4389/133/4355 2978/133/2646
f 2996/133/2647 4391/133/4358 4390/133/4370 2979/133/2641
f 2803/133/2627 3011/133/2648 4393/133/4349 4356/133/4363
f 2978/133/2646 4389/133/4355 4391/133/4358 2996/133/2647
f 3011/133/2648 3100/133/2649 4401/133/4347 4393/133/4349
f 3100/133/2649 3023/133/2650 4394/133/4343 4401/133/4347
f 3023/133/2650 3112/133/2651 4402/133/4333 4394/133/4343
f 3112/133/2651 3060/133/2652 4395/133/4329 4402/133/4333
f 3060/133/2652 3123/133/2653 4403/133/4325 4395/133/4329
f 3123/133/2653 3149/133/2654 4396/133/4317 4403/133/4325
f 3149/133/2654 3167/133/2655 4405/133/4315 4396/133/4317
f 3167/133/2655 3144/133/2656 4408/133/4310 4405/133/4315
f 4560/133/2657 3360/133/2658 4367/133/4313 4574/133/4312
f 3144/133/2656 3182/133/2659 4364/133/4306 4408/133/4310
f 3182/133/2659 3188/133/2660 4365/133/4307 4364/133/4306
f 2820/133/2635 4382/133/4300 4412/133/4303 3338/133/2636
f 4185/133/2606 4425/133/4295 4418/133/4283 3381/133/2661
f 4443/133/2662 3349/133/2663 4413/133/4289 4472/133/4294
f 3348/133/2664 4415/133/4288 4413/133/4289 3349/133/2663
f 4637/133/2665 4677/133/4287 4415/133/4288 3348/133/2664
f 3816/133/2612 4421/133/4285 4416/133/4286 3343/133/2666
f 3381/133/2661 4418/133/4283 4417/133/4284 3378/133/2611
f 4446/133/4259 3477/133/4262 4414/133/4231 4473/133/4230
f 3423/133/4297 4352/133/3201 4366/133/3202 3475/133/4298
f 4503/133/2667 4480/133/2670 4482/133/5215 4505/133/5216
f 3466/133/4322 3464/133/4321 4404/133/3809 4406/133/3958
f 3458/133/4324 3466/133/4322 4406/133/3958 4398/133/3941
f 3467/133/4328 3458/133/4324 4398/133/3941 4407/133/3908
f 3460/133/4332 3467/133/4328 4407/133/3908 4400/133/3876
f 3469/133/4338 3470/133/4337 4410/133/3888 4409/133/3810
f 3470/133/4337 3471/133/4340 4411/133/3889 4410/133/3888
f 3457/133/4342 3460/133/4332 4400/133/3876 4397/133/3856
f 3459/133/4346 3457/133/4342 4397/133/3856 4399/133/3681
f 3464/133/4321 3469/133/4338 4409/133/3810 4404/133/3809
f 3451/133/4352 4392/133/3680 4363/133/3613 3454/133/4353
f 3451/133/4352 3459/133/4346 4399/133/3681 4392/133/3680
f 3447/133/4360 4360/133/3302 4362/133/3592 3449/133/4361
f 3430/133/4366 3454/133/4353 4363/133/3613 4378/133/3303
f 3449/133/4361 4362/133/3592 4361/133/3227 3448/133/4367
f 4904/133/4374 4917/133/3552 4359/133/3200 3444/133/4375
f 5083/133/4382 5096/133/3496 4358/133/3497 3442/133/4383
f 3424/133/4386 4353/133/3203 4357/133/3495 3441/133/4387
f 3447/133/4360 3430/133/4366 4378/133/3303 4360/133/3302
f 3448/133/4367 4361/133/3227 4349/133/3196 3420/133/4423
f 4137/133/4426 4423/133/3225 4347/133/3226 3411/133/4427
f 3425/133/4429 4354/133/3205 4355/133/3206 3426/133/4430
f 5152/133/4433 5164/133/3204 4354/133/3205 3425/133/4429
f 3475/133/4298 4366/133/3202 4353/133/3203 3424/133/4386
f 3444/133/4375 4359/133/3200 4352/133/3201 3423/133/4297
f 5224/133/4435 5236/133/3198 4351/133/3199 3422/133/4436
f 3420/133/4423 4349/133/3196 4350/133/3197 3421/133/4438
f 4504/133/5217 4477/133/5218 4479/133/5219 4502/133/5220
f 3360/133/2658 4443/133/2662 4472/133/4294 4367/133/4313
f 3639/133/4725 4461/133/4724 4471/133/4192 4338/133/4715
f 3380/133/4739 4440/133/4185 4470/133/4776 4337/133/4712
f 3376/133/4721 4439/133/4197 4469/133/4188 4201/133/4729
f 3928/133/4934 4464/133/4971 4468/133/4164 4112/133/4733
f 3623/133/4728 4430/133/4171 4467/133/4966 4083/133/4929
f 3622/133/4741 4431/133/4159 4466/133/4168 4022/133/4727
f 3621/133/4734 4432/133/4167 4465/133/4174 4023/133/4714
f 4949/133/4933 5016/133/4970 4464/133/4971 3928/133/4934
f 4083/133/4929 4467/133/4966 4463/133/4969 3929/133/4930
f 3625/133/4723 4428/133/4744 4462/133/4178 3831/133/4702
f 4337/133/4712 4470/133/4776 4460/133/4731 3636/133/4713
f 3393/133/4730 4442/133/4191 4459/133/4186 3638/133/4719
f 3624/133/4717 4429/133/4153 4458/133/4172 3637/133/4720
f 4652/133/4722 4678/133/4742 4428/133/4744 3625/133/4723
f 3610/133/4646 3636/133/4713 4460/133/4731 4456/133/4683
f 3565/133/4692 3630/133/4736 4461/133/4724 4457/133/4669
f 4776/133/4647 3610/133/4646 4456/133/4683 4801/133/4682
f 4782/133/4693 3565/133/4692 4457/133/4669 4802/133/4668
f 3572/133/4530 3598/133/4594 4454/133/4612 4452/133/4567
f 3523/133/4574 3592/133/4617 4455/133/4605 4453/133/4553
f 4819/133/4531 3572/133/4530 4452/133/4567 4843/133/4566
f 4826/133/4575 3523/133/4574 4453/133/4553 4844/133/4552
f 3531/133/4292 3557/133/4478 4450/133/4496 4448/133/4260
f 3525/133/4267 3551/133/4500 4451/133/4489 4449/133/4252
f 4367/133/4313 4472/133/4294 4447/133/4251 3483/133/4254
f 3482/133/4293 3531/133/4292 4448/133/4260 4446/133/4259
f 3476/133/4268 3525/133/4267 4449/133/4252 4447/133/4251
f 4505/133/5216 4482/133/5215 4481/133/4145 4506/133/4144
f 3620/133/4703 4433/133/4181 4439/133/4197 3376/133/4721
f 4338/133/4715 4471/133/4192 4434/133/4195 3619/133/4716
f 4201/133/4729 4469/133/4188 4442/133/4191 3393/133/4730
f 3638/133/4719 4459/133/4186 4438/133/4176 3373/133/4708
f 5007/133/4738 5017/133/4182 4440/133/4185 3380/133/4739
f 3831/133/4702 4462/133/4178 4433/133/4181 3620/133/4703
f 3373/133/4708 4438/133/4176 4436/133/4156 3362/133/4709
f 4023/133/4714 4465/133/4174 4437/133/4154 3365/133/4706
f 3637/133/4720 4458/133/4172 4435/133/4160 3617/133/4726
f 4022/133/4727 4466/133/4168 4430/133/4171 3623/133/4728
f 4112/133/4733 4468/133/4164 4432/133/4167 3621/133/4734
f 3617/133/4726 4435/133/4160 4444/133/4163 3536/133/4737
f 3362/133/4709 4436/133/4156 4431/133/4159 3622/133/4741
f 3365/133/4706 4437/133/4154 4441/133/4150 3392/133/4707
f 3392/133/4707 4441/133/4150 4429/133/4153 3624/133/4717
f 4885/133/2675 4487/133/2678 4489/133/5221 4883/133/5222
f 4880/133/5223 4577/133/5224 4484/133/5225 4872/133/5226
f 4878/133/5227 4488/133/5228 4419/133/5229 4874/133/5230
f 4883/133/5222 4489/133/5221 4488/133/5228 4878/133/5227
f 4502/133/5220 4479/133/5219 4476/133/2688 4508/133/2687
f 4581/133/5231 4576/133/5232 4477/133/5218 4504/133/5217
f 4578/133/5233 4485/133/5234 3396/133/2693 4575/133/2692
f 4577/133/5224 4419/133/5229 4485/133/5234 4578/133/5233
f 4419/133/5229 4488/133/5228 4489/133/5221 4485/133/5234
f 4485/133/5234 4489/133/5221 4487/133/2678 3396/133/2693
f 4881/133/5235 4486/133/5236 4483/133/2697 4876/133/2696
f 4872/133/5226 4484/133/5225 4486/133/5236 4881/133/5235
f 4477/133/5218 4478/133/5237 4474/133/5238 4479/133/5219
f 4479/133/5219 4474/133/5238 4492/133/2701 4476/133/2688
f 4482/133/5215 4491/133/5239 4493/133/5240 4481/133/4145
f 4481/133/4145 4493/133/5240 4490/133/5241 4475/133/4146
f 4576/133/5232 4579/133/5242 4478/133/5237 4477/133/5218
f 4480/133/2670 4494/133/2706 4491/133/5239 4482/133/5215
f 4478/133/5237 4495/133/5243 4499/133/5244 4474/133/5238
f 4474/133/5238 4499/133/5244 4497/133/2709 4492/133/2701
f 4491/133/5239 4500/133/5245 4498/133/5246 4493/133/5240
f 4493/133/5240 4498/133/5246 4496/133/5247 4490/133/5241
f 4579/133/5242 4580/133/5248 4495/133/5243 4478/133/5237
f 4494/133/2706 4501/133/2714 4500/133/5245 4491/133/5239
f 4550/133/4305 4581/133/5231 4504/133/5217 4244/133/5173
f 4427/133/5186 4502/133/5220 4508/133/2687 4238/133/2578
f 4473/133/4230 4505/133/5216 4506/133/4144 4446/133/4259
f 4244/133/5173 4504/133/5217 4502/133/5220 4427/133/5186
f 4445/133/1614 4503/133/2667 4505/133/5216 4473/133/4230
f 4446/133/4259 4506/133/4144 4507/133/4147 3482/133/4293
f 3188/133/2660 4509/133/2604 4542/133/5167 4365/133/4307
f 3471/133/4340 4529/133/5174 4541/133/5185 4411/133/3889
f 3108/133/4090 4517/133/5206 4540/133/5171 4297/133/4339
f 3473/133/4308 4530/133/5170 4539/133/5197 4320/133/4099
f 3220/133/3833 4521/133/5180 4510/133/5208 3263/133/3834
f 3151/133/4086 4522/133/5194 4514/133/5139 3116/133/4102
f 3257/133/3883 4524/133/5192 4511/133/5201 3262/133/3896
f 4993/133/4089 5018/133/5203 4517/133/5206 3108/133/4090
f 3262/133/3896 4511/133/5201 4519/133/5177 3322/133/4078
f 3216/133/3858 4525/133/5190 4513/133/5151 3181/133/3859
f 4320/133/4099 4539/133/5197 4516/133/5200 3250/133/4100
f 4627/133/3917 4679/133/5195 4512/133/5163 3266/133/3918
f 3806/133/4085 4531/133/5166 4522/133/5194 3151/133/4086
f 3999/133/4075 4535/133/5154 4523/133/5147 3129/133/4076
f 3208/133/3882 4528/133/5176 4524/133/5192 3257/133/3883
f 4176/133/4095 4538/133/5142 4518/133/5181 3259/133/4096
f 3324/133/4092 4527/133/5184 4515/133/5187 3125/133/4082
f 3125/133/4082 4515/133/5187 4525/133/5190 3216/133/3858
f 4104/133/4071 4537/133/5146 4520/133/5155 3226/133/4072
f 4411/133/3889 4541/133/5185 4526/133/2577 3256/133/1268
f 3259/133/4096 4518/133/5181 4527/133/5184 3324/133/4092
f 3322/133/4078 4519/133/5177 4521/133/5180 3220/133/3833
f 4001/133/4080 4534/133/5158 4528/133/5176 3208/133/3882
f 4297/133/4339 4540/133/5171 4529/133/5174 3471/133/4340
f 4365/133/4307 4542/133/5167 4530/133/5170 3473/133/4308
f 3266/133/3918 4512/133/5163 4531/133/5166 3806/133/4085
f 4941/133/4989 5019/133/5161 4532/133/5143 3905/133/4990
f 4069/133/4983 4536/133/5150 4533/133/5160 3907/133/4984
f 3226/133/4072 4520/133/5155 4534/133/5158 4001/133/4080
f 3181/133/3859 4513/133/5151 4535/133/5154 3999/133/4075
f 3129/133/4076 4523/133/5147 4536/133/5150 4069/133/4983
f 3905/133/4990 4532/133/5143 4537/133/5146 4104/133/4071
f 3116/133/4102 4514/133/5139 4538/133/5142 4176/133/4095
f 3482/133/4293 4507/133/4147 4581/133/5231 4550/133/4305
f 4490/133/5241 4496/133/5247 4580/133/5248 4579/133/5242
f 4475/133/4146 4490/133/5241 4579/133/5242 4576/133/5232
f 4484/133/5225 4577/133/5224 4578/133/5233 4486/133/5236
f 4486/133/5236 4578/133/5233 4575/133/2692 4483/133/2697
f 4507/133/4147 4475/133/4146 4576/133/5232 4581/133/5231
f 4874/133/5230 4419/133/5229 4577/133/5224 4880/133/5223
f 4224/133/2605 4560/133/2657 4574/133/4312 4426/133/5168
f 4245/133/5169 4551/133/4314 4573/133/4051 4346/133/5198
f 4237/133/5205 4568/133/4044 4572/133/4304 4345/133/5172
f 4233/133/5140 4565/133/4036 4559/133/4067 4253/133/5141
f 4247/133/5144 4553/133/4981 4558/133/4140 4252/133/5145
f 4231/133/5148 4545/133/4064 4557/133/4992 4251/133/5149
f 4230/133/5152 4564/133/4050 4556/133/4061 4250/133/5153
f 4242/133/5156 4571/133/4143 4555/133/4148 4249/133/5157
f 4251/133/5149 4557/133/4992 4554/133/4993 4248/133/5159
f 5014/133/5162 5020/133/4980 4553/133/4981 4247/133/5144
f 4229/133/5164 4563/133/4058 4552/133/4059 4246/133/5165
f 4426/133/5168 4574/133/4312 4551/133/4314 4245/133/5169
f 4345/133/5172 4572/133/4304 4550/133/4305 4244/133/5173
f 4249/133/5157 4555/133/4148 4549/133/4065 4243/133/5175
f 4241/133/5178 4570/133/4046 4543/133/4029 4225/133/5179
f 4239/133/5182 4569/133/4070 4548/133/4136 4240/133/5183
f 4252/133/5145 4558/133/4140 4571/133/4143 4242/133/5156
f 4234/133/5188 4566/133/4139 4547/133/4047 4235/133/5189
f 4240/133/5183 4548/133/4136 4566/133/4139 4234/133/5188
f 4253/133/5141 4559/133/4067 4569/133/4070 4239/133/5182
f 4243/133/5175 4549/133/4065 4546/133/4037 4232/133/5191
f 4250/133/5153 4556/133/4061 4545/133/4064 4231/133/5148
f 4246/133/5165 4552/133/4059 4544/133/4033 4228/133/5193
f 4673/133/5196 4680/133/4055 4563/133/4058 4229/133/5164
f 4346/133/5198 4573/133/4051 4567/133/4054 4236/133/5199
f 4235/133/5189 4547/133/4047 4564/133/4050 4230/133/5152
f 4227/133/5202 4562/133/4040 4570/133/4046 4241/133/5178
f 5015/133/5204 5021/133/4041 4568/133/4044 4237/133/5205
f 4232/133/5191 4546/133/4037 4562/133/4040 4227/133/5202
f 4228/133/5193 4544/133/4033 4565/133/4036 4233/133/5140
f 4225/133/5179 4543/133/4029 4561/133/4032 4226/133/5207
f 4583/133/4876 4589/133/5249 4590/133/5250 4584/133/3625
f 4585/133/5251 4591/133/5252 4592/133/5253 4586/133/5254
f 3037/133/3627 4582/133/3626 4587/133/5255 3741/133/3645
f 3735/133/4848 4585/133/5251 4586/133/5254 3737/133/4861
f 3741/133/3645 4587/133/5255 4585/133/5251 3735/133/4848
f 3737/133/4861 4586/133/5254 4583/133/4876 3177/133/4875
f 4591/133/5252 4593/133/5256 4588/133/5257 4590/133/5250
f 4592/133/5253 4591/133/5252 4590/133/5250 4589/133/5249
f 4582/133/3626 4588/133/5257 4593/133/5256 4587/133/5255
f 4586/133/5254 4592/133/5253 4589/133/5249 4583/133/4876
f 4584/133/3625 4590/133/5250 4588/133/5257 4582/133/3626
f 4587/133/5255 4593/133/5256 4591/133/5252 4585/133/5251
f 4226/133/5207 4561/133/4032 4680/133/4055 4673/133/5196
f 3263/133/3834 4510/133/5208 4679/133/5195 4627/133/3917
f 3536/133/4737 4444/133/4163 4678/133/4742 4652/133/4722
f 3343/133/2666 4416/133/4286 4677/133/4287 4637/133/2665
f 5168/133/2618 5172/133/4459 4676/133/4452 4596/133/2619
f 3416/133/4458 5171/133/2889 4675/133/2890 4640/133/4453
f 3633/133/4705 4334/133/4771 4674/133/4766 4654/133/4740
f 4510/133/5208 4226/133/5207 4673/133/5196 4679/133/5195
f 2739/133/3031 4606/133/3054 4672/133/3113 4114/133/3448
f 3850/133/5131 5170/133/2907 4671/133/2908 4667/133/5128
f 3912/133/4920 4073/133/4761 4670/133/4756 4666/133/4923
f 2702/133/2906 3934/133/3439 4669/133/2930 4598/133/2909
f 3590/133/4760 4006/133/4752 4668/133/4750 4636/133/4757
f 5173/133/5132 3850/133/5131 4667/133/5128 5022/133/5127
f 4997/133/4921 3912/133/4920 4666/133/4923 5023/133/4922
f 3740/133/3663 3739/133/4857 4665/133/4860 4664/133/4893
f 3173/133/3659 3740/133/3663 4664/133/4893 4663/133/3660
f 3175/133/4877 3177/133/4875 4661/133/4889 4616/133/4883
f 3175/133/4877 4616/133/4883 4614/133/4878 3677/133/4881
f 3679/133/4859 3677/133/4881 4614/133/4878 4658/133/4852
f 3177/133/4875 3732/133/3624 4662/133/4874 4661/133/4889
f 3721/133/4838 3747/133/4864 4665/133/4860 4660/133/4833
f 3704/133/4844 3679/133/4859 4658/133/4852 4656/133/4842
f 3219/133/4808 3704/133/4844 4656/133/4842 4622/133/4801
f 3698/133/4807 3721/133/4838 4660/133/4833 4659/133/4803
f 3672/133/3713 3698/133/4807 4659/133/4803 4657/133/3708
f 3645/133/4025 3219/133/4808 4622/133/4801 4655/133/3769
f 3386/133/4210 3614/133/4200 4653/133/4774 4634/133/4207
f 3614/133/4200 3615/133/4199 4633/133/4743 4653/133/4774
f 4334/133/4771 3627/133/4770 4632/133/4767 4674/133/4766
f 4073/133/4761 3590/133/4760 4636/133/4757 4670/133/4756
f 4006/133/4752 3576/133/4746 4635/133/4747 4668/133/4750
f 3576/133/4746 3539/133/4211 4651/133/4206 4635/133/4747
f 4444/133/4163 3537/133/4162 4633/133/4743 4678/133/4742
f 3607/133/4632 3633/133/4705 4654/133/4740 4650/133/4701
f 3605/133/4694 3536/133/4737 4652/133/4722 4649/133/4665
f 4787/133/4633 3607/133/4632 4650/133/4701 4803/133/4700
f 4784/133/4695 3605/133/4694 4649/133/4665 4804/133/4664
f 3569/133/4516 3595/133/4587 4648/133/4621 4646/133/4503
f 3566/133/4576 3395/133/4618 4647/133/4603 4645/133/4549
f 4828/133/4577 3566/133/4576 4645/133/4549 4845/133/4548
f 4805/133/4517 3569/133/4516 4646/133/4503 4846/133/4502
f 3492/133/4269 3387/133/4501 4643/133/4487 4641/133/4249
f 3528/133/4279 3554/133/4471 4644/133/4464 4642/133/4273
f 5172/133/4459 3416/133/4458 4640/133/4453 4676/133/4452
f 4416/133/4286 3479/133/4280 4639/133/4272 4677/133/4287
f 3479/133/4280 3528/133/4279 4642/133/4273 4639/133/4272
f 3400/133/4031 3492/133/4269 4641/133/4249 4638/133/4056
f 3539/133/4211 3386/133/4210 4634/133/4207 4651/133/4206
f 2736/133/3026 4603/133/3044 4631/133/3045 3330/133/3027
f 3047/133/3747 3297/133/3778 4630/133/3765 4619/133/3739
f 4731/133/4125 3269/133/3800 4629/133/3793 4761/133/4133
f 4756/133/4107 3294/133/4020 4628/133/4021 4762/133/4105
f 4561/133/4032 3400/133/4031 4638/133/4056 4680/133/4055
f 3294/133/4020 3242/133/3992 4624/133/3990 4628/133/4021
f 3235/133/3816 3004/133/3815 4615/133/3920 4623/133/3996
f 3242/133/3992 3103/133/3714 4625/133/3707 4624/133/3990
f 3004/133/3815 3264/133/3835 4626/133/3916 4615/133/3920
f 3264/133/3835 3263/133/3834 4627/133/3917 4626/133/3916
f 3269/133/3800 3079/133/3315 4621/133/3692 4629/133/3793
f 2797/133/3314 3645/133/4025 4655/133/3769 4595/133/3693
f 3297/133/3778 3065/133/3777 4620/133/3766 4630/133/3765
f 2790/133/3280 3047/133/3747 4619/133/3739 4607/133/3271
f 3103/133/3714 3672/133/3713 4657/133/3708 4625/133/3707
f 3079/133/3315 2797/133/3314 4595/133/3693 4621/133/3692
f 3169/133/3647 3173/133/3659 4663/133/3660 4618/133/3649
f 3037/133/3627 3169/133/3647 4618/133/3649 4617/133/3648
f 3732/133/3624 3037/133/3627 4617/133/3648 4662/133/4874
f 2956/133/3281 4611/133/3270 4613/133/3611 2985/133/3606
f 2985/133/3606 4613/133/3611 4612/133/3147 2957/133/3150
f 4892/133/3566 4918/133/3563 4610/133/3041 2934/133/3025
f 5071/133/3537 5097/133/3530 4609/133/3533 2906/133/3538
f 2737/133/3028 4604/133/3048 4608/133/3529 2905/133/3534
f 2956/133/3281 2790/133/3280 4607/133/3271 4611/133/3270
f 2957/133/3150 4612/133/3147 4600/133/3033 2733/133/3021
f 4114/133/3448 4672/133/3113 4594/133/2957 2665/133/3454
f 2738/133/3030 4605/133/3052 4606/133/3054 2739/133/3031
f 5138/133/3029 5165/133/3049 4605/133/3052 2738/133/3030
f 3330/133/3027 4631/133/3045 4604/133/3048 2737/133/3028
f 2934/133/3025 4610/133/3041 4603/133/3044 2736/133/3026
f 5213/133/3023 5237/133/3037 4602/133/3040 2735/133/3024
f 2733/133/3021 4600/133/3033 4601/133/3036 2734/133/3022
f 2708/133/3442 2665/133/3454 4594/133/2957 4599/133/2931
f 3934/133/3439 2708/133/3442 4599/133/2931 4669/133/2930
f 5170/133/2907 2702/133/2906 4598/133/2909 4671/133/2908
f 5171/133/2889 5169/133/2888 4597/133/2891 4675/133/2890
f 4684/133/4872 4708/133/5258 4710/133/5259 4686/133/4873
f 4690/133/5260 4714/133/5261 4711/133/5262 4687/133/4909
f 3729/133/4890 4683/133/5263 4682/133/3629 3728/133/3628
f 3038/133/3631 4681/133/3630 4684/133/4872 4617/133/3648
f 4661/133/4889 4685/133/5264 4683/133/5263 3729/133/4890
f 4662/133/4874 4686/133/4873 4685/133/5264 4661/133/4889
f 4686/133/4873 4710/133/5259 4709/133/5265 4685/133/5264
f 4697/133/3633 4721/133/5266 4719/133/5267 4695/133/3634
f 3729/133/4890 4689/133/4908 4691/133/5268 3840/133/3632
f 3795/133/3651 4690/133/5260 4687/133/4909 3038/133/3631
f 3841/133/5269 4692/133/5270 4690/133/5260 3795/133/3651
f 3840/133/3632 4691/133/5268 4692/133/5270 3841/133/5269
f 4687/133/4909 4711/133/5262 4712/133/5271 4688/133/4907
f 4693/133/5272 4717/133/5273 4720/133/5274 4696/133/5275
f 3727/133/4871 4694/133/4870 4693/133/5272 3053/133/3639
f 3795/133/3651 4696/133/5275 4698/133/5276 3841/133/5269
f 3053/133/3639 4693/133/5272 4696/133/5275 3795/133/3651
f 3841/133/5269 4698/133/5276 4697/133/3633 3840/133/3632
f 4703/133/3637 4727/133/5277 4725/133/5278 4701/133/5279
f 4700/133/5280 4724/133/5281 4726/133/5282 4702/133/4892
f 3053/133/3639 4700/133/5280 4702/133/4892 3727/133/4871
f 3726/133/5138 4701/133/5279 4699/133/5283 3036/133/3642
f 3730/133/3638 4703/133/3637 4701/133/5279 3726/133/5138
f 3036/133/3642 4699/133/5283 4700/133/5280 3053/133/3639
f 4710/133/5259 4708/133/5258 4705/133/5284 4706/133/5285
f 4709/133/5265 4710/133/5259 4706/133/5285 4707/133/5286
f 4713/133/5287 4712/133/5271 4716/133/5288 4715/133/5289
f 4712/133/5271 4711/133/5262 4714/133/5261 4716/133/5288
f 4722/133/5290 4720/133/5274 4717/133/5273 4718/133/5291
f 4721/133/5266 4722/133/5290 4718/133/5291 4719/133/5267
f 4688/133/4907 4712/133/5271 4713/133/5287 4689/133/4908
f 4698/133/5276 4722/133/5290 4721/133/5266 4697/133/3633
f 4682/133/3629 4706/133/5285 4705/133/5284 4681/133/3630
f 4689/133/4908 4713/133/5287 4715/133/5289 4691/133/5268
f 4696/133/5275 4720/133/5274 4722/133/5290 4698/133/5276
f 4683/133/5263 4707/133/5286 4706/133/5285 4682/133/3629
f 4694/133/4870 4718/133/5291 4717/133/5273 4693/133/5272
f 4681/133/3630 4705/133/5284 4708/133/5258 4684/133/4872
f 4691/133/5268 4715/133/5289 4716/133/5288 4692/133/5270
f 4695/133/3634 4719/133/5267 4718/133/5291 4694/133/4870
f 4685/133/5264 4709/133/5265 4707/133/5286 4683/133/5263
f 4692/133/5270 4716/133/5288 4714/133/5261 4690/133/5260
f 4726/133/5282 4724/133/5281 4723/133/5292 4725/133/5278
f 4728/133/5293 4726/133/5282 4725/133/5278 4727/133/5277
f 4701/133/5279 4725/133/5278 4723/133/5292 4699/133/5283
f 4702/133/4892 4726/133/5282 4728/133/5293 4704/133/3636
f 4704/133/3636 4728/133/5293 4727/133/5277 4703/133/3637
f 4699/133/5283 4723/133/5292 4724/133/5281 4700/133/5280
f 3236/133/3997 4756/133/4107 4762/133/4105 4623/133/3996
f 3065/133/3777 4731/133/4125 4761/133/4133 4620/133/3766
f 3238/133/3987 4741/133/3986 4760/133/4108 4173/133/4004
f 3056/133/3773 4742/133/4131 4759/133/4128 4169/133/3776
f 3237/133/4003 4740/133/4110 4758/133/4106 3802/133/4000
f 3059/133/3767 4745/133/4134 4757/133/4135 3798/133/3751
f 3058/133/3722 3122/133/3721 4747/133/4122 4744/133/4126
f 3798/133/3751 4757/133/4135 4729/133/4130 3063/133/3752
f 3057/133/3755 4743/133/4132 4733/133/3790 3068/133/3756
f 3066/133/3761 4732/133/4127 4746/133/4124 3061/133/3762
f 4620/133/3766 4761/133/4133 4745/133/4134 3059/133/3767
f 3064/133/3772 4730/133/4129 4743/133/4132 3057/133/3755
f 3063/133/3752 4729/133/4130 4742/133/4131 3056/133/3773
f 4169/133/3776 4759/133/4128 4730/133/4129 3064/133/3772
f 3058/133/3722 4744/133/4126 4732/133/4127 3066/133/3761
f 3061/133/3762 4746/133/4124 4731/133/4125 3065/133/3777
f 3122/133/3721 3142/133/3831 4748/133/4120 4747/133/4122
f 3142/133/3831 3162/133/3880 4749/133/4118 4748/133/4120
f 3162/133/3880 3180/133/3915 4750/133/4116 4749/133/4118
f 3180/133/3915 3200/133/3945 4751/133/4114 4750/133/4116
f 3200/133/3945 3217/133/3963 4752/133/4111 4751/133/4114
f 3217/133/3963 3234/133/3813 4754/133/4104 4752/133/4111
f 3233/133/4010 4753/133/4109 4740/133/4110 3237/133/4003
f 4173/133/4004 4760/133/4108 4753/133/4109 3233/133/4010
f 3802/133/4000 4758/133/4106 4756/133/4107 3236/133/3997
f 4623/133/3996 4762/133/4105 4755/133/4103 3235/133/3816
f 3235/133/3816 4755/133/4103 4754/133/4104 3234/133/3813
f 3287/133/4113 3290/133/4112 4741/133/3986 4739/133/3966
f 3285/133/4115 3287/133/4113 4739/133/3966 4738/133/3930
f 3283/133/4117 3285/133/4115 4738/133/3930 4737/133/3898
f 3281/133/4119 3283/133/4117 4737/133/3898 4736/133/3863
f 3279/133/4121 3281/133/4119 4736/133/3863 4735/133/3852
f 3277/133/4123 3279/133/4121 4735/133/3852 4734/133/3791
f 3271/133/3784 3277/133/4123 4734/133/3791 4733/133/3790
f 3395/133/4618 4784/133/4695 4804/133/4664 4647/133/4603
f 3595/133/4587 4787/133/4633 4803/133/4700 4648/133/4621
f 3592/133/4617 4782/133/4693 4802/133/4668 4455/133/4605
f 3598/133/4594 4776/133/4647 4801/133/4682 4454/133/4612
f 3366/133/4620 4786/133/4699 4800/133/4644 4329/133/4593
f 3601/133/4606 4772/133/4671 4799/133/4650 4330/133/4596
f 3593/133/4613 4777/133/4685 4798/133/4656 4196/133/4599
f 3364/133/4602 4775/133/4663 4797/133/4678 4195/133/4610
f 3923/133/4946 4792/133/4939 4796/133/4686 4110/133/4614
f 3585/133/4609 4785/133/4677 4795/133/4936 4080/133/4941
f 3583/133/4615 4779/133/4689 4794/133/4648 4018/133/4595
f 3584/133/4583 4774/133/4625 4793/133/4674 4017/133/4608
f 4947/133/4945 5024/133/4938 4792/133/4939 3923/133/4946
f 4080/133/4941 4795/133/4936 4791/133/4937 3924/133/4942
f 3587/133/4604 4771/133/4667 4790/133/4626 3826/133/4584
f 3596/133/4592 4764/133/4643 4789/133/4630 3827/133/4586
f 4648/133/4621 4803/133/4700 4788/133/4690 3594/133/4616
f 5004/133/4619 5025/133/4696 4786/133/4699 3366/133/4620
f 3579/133/4607 4783/133/4673 4784/133/4695 3395/133/4618
f 3594/133/4616 4788/133/4690 4782/133/4693 3592/133/4617
f 3385/133/4611 4780/133/4681 4781/133/4658 3600/133/4600
f 4110/133/4614 4796/133/4686 4779/133/4689 3583/133/4615
f 4454/133/4612 4801/133/4682 4777/133/4685 3593/133/4613
f 4195/133/4610 4797/133/4678 4780/133/4681 3385/133/4611
f 4017/133/4608 4793/133/4674 4785/133/4677 3585/133/4609
f 3599/133/4601 4773/133/4661 4783/133/4673 3579/133/4607
f 4455/133/4605 4802/133/4668 4772/133/4671 3601/133/4606
f 4647/133/4603 4804/133/4664 4771/133/4667 3587/133/4604
f 3582/133/4585 4770/133/4629 4775/133/4663 3364/133/4602
f 3586/133/4598 4769/133/4655 4773/133/4661 3599/133/4601
f 3600/133/4600 4781/133/4658 4768/133/4638 3363/133/4590
f 4196/133/4599 4798/133/4656 4767/133/4640 3597/133/4591
f 3384/133/4589 4766/133/4637 4769/133/4655 3586/133/4598
f 4330/133/4596 4799/133/4650 4778/133/4653 3581/133/4597
f 4018/133/4595 4794/133/4648 4765/133/4634 3358/133/4588
f 4329/133/4593 4800/133/4644 4776/133/4647 3598/133/4594
f 3597/133/4591 4767/133/4640 4764/133/4643 3596/133/4592
f 3363/133/4590 4768/133/4638 4763/133/4622 3355/133/4582
f 3358/133/4588 4765/133/4634 4766/133/4637 3384/133/4589
f 3827/133/4586 4789/133/4630 4787/133/4633 3595/133/4587
f 3826/133/4584 4790/133/4626 4770/133/4629 3582/133/4585
f 3355/133/4582 4763/133/4622 4774/133/4625 3584/133/4583
f 3554/133/4471 4805/133/4517 4846/133/4502 4644/133/4464
f 3387/133/4501 4828/133/4577 4845/133/4548 4643/133/4487
f 3551/133/4500 4826/133/4575 4844/133/4552 4451/133/4489
f 3557/133/4478 4819/133/4531 4843/133/4566 4450/133/4496
f 3361/133/4463 4830/133/4581 4842/133/4528 4325/133/4477
f 3560/133/4490 4815/133/4555 4841/133/4534 4326/133/4480
f 3552/133/4497 4820/133/4569 4840/133/4540 4192/133/4483
f 3357/133/4486 4818/133/4547 4839/133/4562 4191/133/4494
f 3919/133/4954 4834/133/4951 4838/133/4570 4108/133/4498
f 3544/133/4493 4829/133/4561 4837/133/4948 4078/133/4957
f 3542/133/4499 4822/133/4573 4836/133/4532 4014/133/4479
f 3543/133/4467 4817/133/4509 4835/133/4558 4013/133/4492
f 4945/133/4953 5026/133/4950 4834/133/4951 3919/133/4954
f 4078/133/4957 4837/133/4948 4833/133/4949 3920/133/4958
f 3546/133/4488 4814/133/4551 4832/133/4510 3822/133/4468
f 3555/133/4476 4807/133/4527 4831/133/4514 3823/133/4470
f 5002/133/4462 5027/133/4578 4830/133/4581 3361/133/4463
f 3538/133/4491 4827/133/4557 4828/133/4577 3387/133/4501
f 3553/133/4465 4825/133/4505 4826/133/4575 3551/133/4500
f 3375/133/4495 4823/133/4565 4824/133/4542 3559/133/4484
f 4108/133/4498 4838/133/4570 4822/133/4573 3542/133/4499
f 4450/133/4496 4843/133/4566 4820/133/4569 3552/133/4497
f 4191/133/4494 4839/133/4562 4823/133/4565 3375/133/4495
f 4013/133/4492 4835/133/4558 4829/133/4561 3544/133/4493
f 3558/133/4485 4816/133/4545 4827/133/4557 3538/133/4491
f 4451/133/4489 4844/133/4552 4815/133/4555 3560/133/4490
f 4643/133/4487 4845/133/4548 4814/133/4551 3546/133/4488
f 3541/133/4469 4813/133/4513 4818/133/4547 3357/133/4486
f 3545/133/4482 4812/133/4539 4816/133/4545 3558/133/4485
f 3559/133/4484 4824/133/4542 4811/133/4522 3356/133/4474
f 4192/133/4483 4840/133/4540 4810/133/4524 3556/133/4475
f 3374/133/4473 4809/133/4521 4812/133/4539 3545/133/4482
f 4326/133/4480 4841/133/4534 4821/133/4537 3540/133/4481
f 4014/133/4479 4836/133/4532 4808/133/4518 3354/133/4472
f 4325/133/4477 4842/133/4528 4819/133/4531 3557/133/4478
f 3556/133/4475 4810/133/4524 4807/133/4527 3555/133/4476
f 3356/133/4474 4811/133/4522 4806/133/4506 3353/133/4466
f 3354/133/4472 4808/133/4518 4809/133/4521 3374/133/4473
f 3823/133/4470 4831/133/4514 4805/133/4517 3554/133/4471
f 3822/133/4468 4832/133/4510 4813/133/4513 3541/133/4469
f 3353/133/4466 4806/133/4506 4817/133/4509 3543/133/4467
f 4644/133/4464 4846/133/4502 4825/133/4505 3553/133/4465
f 4496/133/5247 4850/133/5294 4868/133/5295 4580/133/5248
f 4850/133/5294 4851/133/5296 4869/133/5297 4868/133/5295
f 4851/133/5296 4852/133/5298 4870/133/5299 4869/133/5297
f 4495/133/5243 4847/133/5300 4861/133/5301 4499/133/5244
f 4847/133/5300 4848/133/5302 4860/133/5303 4861/133/5301
f 4848/133/5302 4849/133/5304 4859/133/5305 4860/133/5303
f 4499/133/5244 4861/133/5301 4853/133/2772 4497/133/2709
f 4861/133/5301 4860/133/5303 4854/133/2773 4853/133/2772
f 4860/133/5303 4859/133/5305 4855/133/2774 4854/133/2773
f 4500/133/5245 4864/133/5306 4856/133/5307 4498/133/5246
f 4864/133/5306 4863/133/5308 4857/133/5309 4856/133/5307
f 4863/133/5308 4862/133/5310 4858/133/5311 4857/133/5309
f 4498/133/5246 4856/133/5307 4850/133/5294 4496/133/5247
f 4856/133/5307 4857/133/5309 4851/133/5296 4850/133/5294
f 4857/133/5309 4858/133/5311 4852/133/5298 4851/133/5296
f 4580/133/5248 4868/133/5295 4847/133/5300 4495/133/5243
f 4868/133/5295 4869/133/5297 4848/133/5302 4847/133/5300
f 4869/133/5297 4870/133/5299 4849/133/5304 4848/133/5302
f 4501/133/2714 4867/133/2781 4864/133/5306 4500/133/5245
f 4867/133/2781 4866/133/2782 4863/133/5308 4864/133/5306
f 4866/133/2782 4865/133/2783 4862/133/5310 4863/133/5308
f 4852/133/5298 4873/133/5312 4879/133/5313 4870/133/5299
f 4873/133/5312 4874/133/5230 4880/133/5223 4879/133/5313
f 4849/133/5304 4871/133/5314 4882/133/5315 4859/133/5305
f 4871/133/5314 4872/133/5226 4881/133/5235 4882/133/5315
f 4859/133/5305 4882/133/5315 4875/133/2788 4855/133/2774
f 4882/133/5315 4881/133/5235 4876/133/2696 4875/133/2788
f 4862/133/5310 4884/133/5316 4877/133/5317 4858/133/5311
f 4884/133/5316 4883/133/5222 4878/133/5227 4877/133/5317
f 4858/133/5311 4877/133/5317 4873/133/5312 4852/133/5298
f 4877/133/5317 4878/133/5227 4874/133/5230 4873/133/5312
f 4870/133/5299 4879/133/5313 4871/133/5314 4849/133/5304
f 4879/133/5313 4880/133/5223 4872/133/5226 4871/133/5314
f 4865/133/2783 4886/133/2791 4884/133/5316 4862/133/5310
f 4886/133/2791 4885/133/2675 4883/133/5222 4884/133/5316
f 2735/133/3024 4602/133/3040 4918/133/3563 4892/133/3566
f 3422/133/4436 4351/133/3199 4917/133/5318 4904/133/4374
f 2819/133/2793 5363/133/5319 4916/133/4377 4900/133/2645
f 5364/133/5320 5356/133/5321 4915/133/3548 4905/133/4378
f 2777/133/3180 4306/133/4437 4914/133/4373 4898/133/3554
f 2756/133/3080 4155/133/3137 4913/133/3557 4895/133/3561
f 5366/133/5322 5358/133/5323 4912/133/3546 4922/133/5137
f 2770/133/3158 4090/133/5114 4911/133/5044 4897/133/3556
f 5359/133/5324 5360/133/5325 4910/133/3545 4902/133/3547
f 2763/133/3211 3940/133/3159 4909/133/3555 4896/133/3551
f 5365/133/5326 5366/133/5322 4922/133/5137 5028/133/5327
f 4090/133/5114 3856/133/5113 4907/133/5045 4911/133/5044
f 2742/133/3039 3780/133/3062 4906/133/3562 4893/133/3564
f 5363/133/5319 5364/133/5320 4905/133/4378 4916/133/4377
f 4306/133/4437 3422/133/4436 4904/133/4374 4914/133/4373
f 2714/133/2990 2721/133/2989 4890/133/3567 4889/133/3559
f 2721/133/2989 2728/133/3010 4891/133/3565 4890/133/3567
f 2728/133/3010 2735/133/3024 4892/133/3566 4891/133/3565
f 4602/133/3040 2742/133/3039 4893/133/3564 4918/133/3563
f 3780/133/3062 2749/133/3061 4894/133/3560 4906/133/3562
f 2749/133/3061 2756/133/3080 4895/133/3561 4894/133/3560
f 5392/133/3093 2714/133/2990 4889/133/3559 5335/133/3558
f 4155/133/3137 2650/133/3136 4888/133/3550 4913/133/3557
f 3940/133/3159 2770/133/3158 4897/133/3556 4909/133/3555
f 4927/133/3181 2777/133/3180 4898/133/3554 5029/133/3553
f 4351/133/3199 2784/133/549 4899/133/2803 4917/133/5318
f 2650/133/3136 2763/133/3211 4896/133/3551 4888/133/3550
f 5356/133/5321 5357/133/5328 4919/133/3549 4915/133/3548
f 5358/133/5323 5359/133/5324 4902/133/3547 4912/133/3546
f 5360/133/5325 5361/133/5329 4903/133/3543 4910/133/3545
f 5361/133/5329 5362/133/5330 4887/133/3544 4903/133/3543
f 2943/133/5331 4920/133/3329 4919/133/3549 4901/133/5332
f 5030/133/5051 4970/133/5080 4920/133/3329 2943/133/5331
f 4908/133/5049 4922/133/5137 4921/133/5081 3877/133/5050
f 5031/133/5048 5028/133/5327 4922/133/5137 4908/133/5049
f 4901/133/5332 4919/133/3549 5028/133/5327 5031/133/5048
f 3877/133/5050 4921/133/5081 4970/133/5080 5030/133/5051
f 3856/133/5113 4927/133/3181 5029/133/3553 4907/133/5045
f 5357/133/5328 5365/133/5326 5028/133/5327 4919/133/3549
f 3920/133/4958 4833/133/4949 5027/133/4578 5002/133/4462
f 3540/133/4481 4821/133/4537 5026/133/4950 4945/133/4953
f 3924/133/4942 4791/133/4937 5025/133/4696 5004/133/4619
f 3581/133/4597 4778/133/4653 5024/133/4938 4947/133/4945
f 3627/133/4770 4997/133/4921 5023/133/4922 4632/133/4767
f 5169/133/2888 5173/133/5132 5022/133/5127 4597/133/2891
f 4248/133/5159 4554/133/4993 5021/133/4041 5015/133/5204
f 4236/133/5199 4567/133/4054 5020/133/4980 5014/133/5162
f 3250/133/4100 4516/133/5200 5019/133/5161 4941/133/4989
f 3907/133/4984 4533/133/5160 5018/133/5203 4993/133/4089
f 3929/133/4930 4463/133/4969 5017/133/4182 5007/133/4738
f 3619/133/4716 4434/133/4195 5016/133/4970 4949/133/4933
f 4533/133/5160 4248/133/5159 5015/133/5204 5018/133/5203
f 4516/133/5200 4236/133/5199 5014/133/5162 5019/133/5161
f 3382/133/4184 5006/133/4183 5013/133/4964 4199/133/4219
f 2698/133/2898 4956/133/5126 5012/133/5121 4148/133/2941
f 3860/133/5107 4931/133/3195 5011/133/3222 4140/133/5103
f 2830/133/3340 4967/133/5077 5010/133/5070 4123/133/3385
f 2693/133/2883 4951/133/5120 4952/133/5133 2694/133/2884
f 2694/133/2884 4952/133/5133 4953/133/5129 2695/133/2886
f 2695/133/2886 4953/133/5129 5173/133/5132 5169/133/2888
f 4597/133/2891 5022/133/5127 4954/133/4910 2696/133/2892
f 3775/133/2895 5009/133/4913 4955/133/5123 2697/133/2896
f 2697/133/2896 4955/133/5123 4956/133/5126 2698/133/2898
f 4148/133/2941 5012/133/5121 4923/133/3224 2681/133/2942
f 5294/133/2982 5336/133/5117 4951/133/5120 2693/133/2883
f 2800/133/3249 2799/133/3305 4932/133/5088 4958/133/5098
f 2800/133/3249 4958/133/5098 4959/133/5094 2801/133/3250
f 2801/133/3250 4959/133/5094 4960/133/5097 2802/133/3252
f 5302/133/3287 5337/133/5092 4924/133/5042 2685/133/3288
f 2799/133/3305 3016/133/3617 4975/133/5026 4932/133/5088
f 2824/133/3321 4961/133/5069 4962/133/5087 2825/133/3322
f 5199/133/688 5194/133/4409 5418/133/4412 5420/133/689
f 4920/133/3329 4970/133/5080 4964/133/4976 2827/133/3330
f 3339/133/3333 4994/133/4979 4965/133/5064 2828/133/3334
f 5147/133/3337 5166/133/5078 4966/133/5074 2829/133/3338
f 2829/133/3338 4966/133/5074 4967/133/5077 2830/133/3340
f 4123/133/3385 5010/133/5070 4950/133/5073 2670/133/3386
f 2977/133/3412 4972/133/5041 4961/133/5069 2824/133/3321
f 2828/133/3334 4965/133/5064 4968/133/5067 2923/133/3483
f 5080/133/3486 5098/133/5060 4969/133/5063 2924/133/3487
f 4901/133/5332 5031/133/5048 5030/133/5051 2943/133/5331
f 2685/133/3288 4924/133/5042 4971/133/5030 2976/133/3568
f 2995/133/3571 4973/133/5033 4972/133/5041 2977/133/3412
f 2976/133/3568 4971/133/5030 4973/133/5033 2995/133/3571
f 3016/133/3617 3104/133/3780 4984/133/5020 4975/133/5026
f 3204/133/3985 3171/133/4012 4990/133/5022 4988/133/4997
f 3171/133/4012 3248/133/4098 4940/133/4988 4990/133/5022
f 3104/133/3780 3017/133/3841 4976/133/5014 4984/133/5020
f 3017/133/3841 3120/133/3875 4985/133/5010 4976/133/5014
f 3120/133/3875 3019/133/3907 4977/133/5008 4985/133/5010
f 3019/133/3907 3164/133/3935 4986/133/5004 4977/133/5008
f 3164/133/3935 3020/133/3957 4978/133/4996 4986/133/5004
f 3020/133/3957 3204/133/3985 4988/133/4997 4978/133/4996
f 3248/133/4098 3250/133/4100 4941/133/4989 4940/133/4988
f 4567/133/4054 3377/133/4053 4943/133/4962 5020/133/4980
f 2827/133/3330 4964/133/4976 4994/133/4979 3339/133/3333
f 4434/133/4195 3618/133/4194 4999/133/4927 5016/133/4970
f 4199/133/4219 5013/133/4964 4995/133/4918 3629/133/4220
f 3377/133/4053 3515/133/4238 4944/133/4952 4943/133/4962
f 3515/133/4238 3540/133/4481 4945/133/4953 4944/133/4952
f 4821/133/4537 3494/133/4536 4946/133/4944 5026/133/4950
f 3494/133/4536 3581/133/4597 4947/133/4945 4946/133/4944
f 4778/133/4653 3505/133/4652 4948/133/4932 5024/133/4938
f 3505/133/4652 3619/133/4716 4949/133/4933 4948/133/4932
f 3626/133/4765 4998/133/4925 4999/133/4927 3618/133/4194
f 4632/133/4767 5023/133/4922 4998/133/4925 3626/133/4765
f 3811/133/4769 5008/133/4917 4997/133/4921 3627/133/4770
f 3629/133/4220 4995/133/4918 4996/133/4914 3628/133/4772
f 3628/133/4772 4996/133/4914 5008/133/4917 3811/133/4769
f 2696/133/2892 4954/133/4910 5009/133/4913 3775/133/2895
f 3926/133/4931 3929/133/4930 5007/133/4738 5005/133/4697
f 4791/133/4937 3926/133/4931 5005/133/4697 5025/133/4696
f 3922/133/4943 3924/133/4942 5004/133/4619 5003/133/4579
f 4833/133/4949 3922/133/4943 5003/133/4579 5027/133/4578
f 3918/133/4959 3920/133/4958 5002/133/4462 5001/133/4270
f 3916/133/4961 3918/133/4959 5001/133/4270 5000/133/4042
f 4463/133/4969 3927/133/4968 5006/133/4183 5017/133/4182
f 3857/133/4973 4928/133/3185 4942/133/3186 3909/133/4974
f 3906/133/4985 3907/133/4984 4993/133/4089 4992/133/4087
f 3903/133/4987 3906/133/4985 4992/133/4087 4991/133/4013
f 4554/133/4993 3916/133/4961 5000/133/4042 5021/133/4041
f 3895/133/4995 3903/133/4987 4991/133/4013 4983/133/3973
f 3901/133/5001 3895/133/4995 4983/133/3973 4989/133/3971
f 3894/133/5003 3901/133/5001 4989/133/3971 4982/133/3946
f 3899/133/5007 3894/133/5003 4982/133/3946 4987/133/3904
f 3893/133/5013 3899/133/5007 4987/133/3904 4981/133/3886
f 3891/133/5017 3893/133/5013 4981/133/3886 4979/133/3850
f 3892/133/5019 3891/133/5017 4979/133/3850 4980/133/3795
f 3885/133/5025 3892/133/5019 4980/133/3795 4974/133/3684
f 3885/133/5025 4974/133/3684 4939/133/3308 3890/133/5028
f 3881/133/5035 4936/133/3236 4938/133/3586 3883/133/5036
f 3883/133/5036 4938/133/3586 4937/133/3228 3882/133/5038
f 4907/133/5045 5029/133/3553 4935/133/3182 3878/133/5046
f 5086/133/5053 5099/133/3500 4934/133/3503 3876/133/5054
f 3858/133/5057 4929/133/3189 4933/133/3499 3875/133/5058
f 3861/133/5091 3890/133/5028 4939/133/3308 4957/133/3237
f 3881/133/5035 3861/133/5091 4957/133/3237 4936/133/3236
f 3882/133/5038 4937/133/3228 4925/133/3174 3854/133/5100
f 4140/133/5103 5011/133/3222 4923/133/3224 3845/133/5104
f 3859/133/5106 4930/133/3193 4931/133/3195 3860/133/5107
f 5155/133/5110 5167/133/3190 4930/133/3193 3859/133/5106
f 3909/133/4974 4942/133/3186 4929/133/3189 3858/133/5057
f 3878/133/5046 4935/133/3182 4928/133/3185 3857/133/4973
f 5227/133/5112 5239/133/3178 4927/133/3181 3856/133/5113
f 3854/133/5100 4925/133/3174 4926/133/3177 3855/133/5115
f 5105/133/5333 5117/133/5334 5065/133/5335 5053/133/5336
f 5131/133/5337 5116/133/5338 5064/133/5339 5045/133/5340
f 5122/133/5341 5115/133/5342 5063/133/5343 5036/133/5344
f 5102/133/5345 5114/133/5346 5062/133/5347 5050/133/5348
f 5130/133/2829 5113/133/5349 5061/133/5350 5044/133/2829
f 5101/133/5351 5112/133/5352 5060/133/5353 5049/133/5354
f 5128/133/5355 5111/133/5356 5059/133/5357 5042/133/5358
f 5125/133/5359 5110/133/5360 5058/133/5361 5039/133/5362
f 5104/133/5363 5109/133/5364 5057/133/5365 5052/133/5366
f 5127/133/5367 5108/133/5368 5056/133/5369 5041/133/5370
f 5126/133/5371 5107/133/5372 5055/133/5373 5040/133/5374
f 5132/133/5375 5106/133/5376 5054/133/5377 5046/133/5378
f 5108/133/5368 5105/133/5333 5053/133/5336 5056/133/5369
f 5116/133/5338 5104/133/5363 5052/133/5366 5064/133/5339
f 5123/133/5379 5103/133/5380 5051/133/5381 5037/133/5382
f 5111/133/5356 5102/133/5345 5050/133/5348 5059/133/5357
f 5113/133/5349 5101/133/5351 5049/133/5354 5061/133/5350
f 5133/133/5383 5100/133/5384 5048/133/5385 5047/133/5386
f 5106/133/5376 5133/133/5383 5047/133/5386 5054/133/5377
f 5109/133/5364 5132/133/5375 5046/133/5378 5057/133/5365
f 5112/133/5352 5131/133/5337 5045/133/5340 5060/133/5353
f 5118/133/5387 5126/133/5371 5040/133/5374 5032/133/5388
f 5114/133/5346 5129/133/2871 5043/133/2870 5062/133/5347
f 5117/133/5334 5128/133/5355 5042/133/5358 5065/133/5335
f 5107/133/5372 5127/133/5367 5041/133/5370 5055/133/5373
f 5110/133/5360 5118/133/5387 5032/133/5388 5058/133/5361
f 5340/133/5389 5119/133/5390 5033/133/5391 5338/133/5392
f 5124/133/5393 5125/133/5359 5039/133/5362 5038/133/5394
f 5103/133/5380 5124/133/5393 5038/133/5394 5051/133/5381
f 5115/133/5342 5123/133/5379 5037/133/5382 5063/133/5343
f 5121/133/5395 5122/133/5341 5036/133/5344 5035/133/5396
f 5120/133/5397 5121/133/5395 5035/133/5396 5034/133/5398
f 5119/133/5390 5120/133/5397 5034/133/5398 5033/133/5391
f 3875/133/5058 4933/133/3499 5099/133/3500 5086/133/5053
f 2923/133/3483 4968/133/5067 5098/133/5060 5080/133/3486
f 2905/133/3534 4608/133/3529 5097/133/3530 5071/133/3537
f 3441/133/4387 4357/133/3495 5096/133/3496 5083/133/4382
f 2921/133/2642 4386/133/4396 5095/133/4389 5079/133/2643
f 3439/133/4395 4272/133/3484 5094/133/3485 5084/133/4390
f 2917/133/3498 4312/133/4388 5093/133/4381 5077/133/3501
f 2911/133/3519 4159/133/3510 5092/133/3511 5074/133/3522
f 3873/133/5066 4044/133/3478 5091/133/3479 5087/133/5061
f 2915/133/3504 4096/133/5059 5090/133/5052 5076/133/3507
f 2925/133/3477 3967/133/3474 5089/133/3475 5081/133/3480
f 2913/133/3489 3969/133/3505 5088/133/3506 5075/133/3492
f 4968/133/5067 3873/133/5066 5087/133/5061 5098/133/5060
f 4096/133/5059 3875/133/5058 5086/133/5053 5090/133/5052
f 2907/133/3528 3786/133/3525 5085/133/3526 5072/133/3531
f 4386/133/4396 3439/133/4395 5084/133/4390 5095/133/4389
f 4312/133/4388 3441/133/4387 5083/133/4382 5093/133/4381
f 2899/133/3513 2901/133/3540 5069/133/3541 5068/133/3516
f 2901/133/3540 2903/133/3535 5070/133/3536 5069/133/3541
f 2903/133/3535 2905/133/3534 5071/133/3537 5070/133/3536
f 4608/133/3529 2907/133/3528 5072/133/3531 5097/133/3530
f 3786/133/3525 2909/133/3520 5073/133/3521 5085/133/3526
f 2909/133/3520 2911/133/3519 5074/133/3522 5073/133/3521
f 5311/133/3514 2899/133/3513 5068/133/3516 5339/133/3515
f 4159/133/3510 2895/133/3490 5066/133/3491 5092/133/3511
f 3969/133/3505 2915/133/3504 5076/133/3507 5088/133/3506
f 4933/133/3499 2917/133/3498 5077/133/3501 5099/133/3500
f 4357/133/3495 2919/133/861 5078/133/865 5096/133/3496
f 2895/133/3490 2913/133/3489 5075/133/3492 5066/133/3491
f 4272/133/3484 2923/133/3483 5080/133/3486 5094/133/3485
f 4044/133/3478 2925/133/3477 5081/133/3480 5091/133/3479
f 3967/133/3474 2927/133/3469 5082/133/3470 5089/133/3475
f 2927/133/3469 2898/133/3468 5067/133/3471 5082/133/3470
f 2900/133/3517 2902/133/3542 5120/133/5397 5119/133/5390
f 2902/133/3542 2904/133/3539 5121/133/5395 5120/133/5397
f 2904/133/3539 2906/133/3538 5122/133/5341 5121/133/5395
f 4609/133/3533 2908/133/3532 5123/133/5379 5115/133/5342
f 3787/133/3527 2910/133/3524 5124/133/5393 5103/133/5380
f 2910/133/3524 2912/133/3523 5125/133/5359 5124/133/5393
f 5312/133/3518 2900/133/3517 5119/133/5390 5340/133/5389
f 4160/133/3512 2896/133/3494 5118/133/5387 5110/133/5360
f 3970/133/3509 2916/133/3508 5127/133/5367 5107/133/5372
f 4934/133/3503 2918/133/3502 5128/133/5355 5117/133/5334
f 4358/133/3497 2920/133/864 5129/133/2871 5114/133/5346
f 2896/133/3494 2914/133/3493 5126/133/5371 5118/133/5387
f 4273/133/3488 2924/133/3487 5131/133/5337 5112/133/5352
f 4045/133/3482 2926/133/3481 5132/133/5375 5109/133/5364
f 3968/133/3476 2928/133/3473 5133/133/5383 5106/133/5376
f 2928/133/3473 2897/133/3472 5100/133/5384 5133/133/5383
f 4387/133/4392 3440/133/4391 5101/133/5351 5113/133/5349
f 4313/133/4384 3442/133/4383 5102/133/5345 5111/133/5356
f 2908/133/3532 3787/133/3527 5103/133/5380 5123/133/5379
f 4969/133/5063 3874/133/5062 5104/133/5363 5116/133/5338
f 4097/133/5055 3876/133/5054 5105/133/5333 5108/133/5368
f 2926/133/3481 3968/133/3476 5106/133/5376 5132/133/5375
f 2914/133/3493 3970/133/3509 5107/133/5372 5126/133/5371
f 2916/133/3508 4097/133/5055 5108/133/5368 5127/133/5367
f 3874/133/5062 4045/133/3482 5109/133/5364 5104/133/5363
f 2912/133/3523 4160/133/3512 5110/133/5360 5125/133/5359
f 2918/133/3502 4313/133/4384 5111/133/5356 5128/133/5355
f 3440/133/4391 4273/133/3488 5112/133/5352 5101/133/5351
f 2922/133/2644 4387/133/4392 5113/133/5349 5130/133/2829
f 3442/133/4383 4358/133/3497 5114/133/5346 5102/133/5345
f 2906/133/3538 4609/133/3533 5115/133/5342 5122/133/5341
f 2924/133/3487 4969/133/5063 5116/133/5338 5131/133/5337
f 3876/133/5054 4934/133/3503 5117/133/5334 5105/133/5333
f 5053/133/5336 5065/133/5335 5167/133/3190 5155/133/5110
f 5045/133/5340 5064/133/5339 5166/133/5078 5147/133/3337
f 5036/133/5344 5063/133/5343 5165/133/3049 5138/133/3029
f 5050/133/5348 5062/133/5347 5164/133/3204 5152/133/4433
f 5044/133/2829 5061/133/5350 5163/133/4407 5146/133/2638
f 5049/133/5354 5060/133/5353 5162/133/3336 5151/133/4408
f 5042/133/5358 5059/133/5357 5161/133/4432 5144/133/3191
f 5039/133/5362 5058/133/5361 5160/133/3124 5141/133/3085
f 5052/133/5366 5057/133/5365 5159/133/3358 5154/133/5079
f 5041/133/5370 5056/133/5369 5158/133/5109 5143/133/3169
f 5040/133/5374 5055/133/5373 5157/133/3168 5142/133/3216
f 5046/133/5378 5054/133/5377 5156/133/3378 5148/133/3359
f 5056/133/5369 5053/133/5336 5155/133/5110 5158/133/5109
f 5064/133/5339 5052/133/5366 5154/133/5079 5166/133/5078
f 5037/133/5382 5051/133/5381 5153/133/3071 5139/133/3050
f 5059/133/5357 5050/133/5348 5152/133/4433 5161/133/4432
f 5061/133/5350 5049/133/5354 5151/133/4408 5163/133/4407
f 5047/133/5386 5048/133/5385 5150/133/3395 5149/133/3379
f 5054/133/5377 5047/133/5386 5149/133/3379 5156/133/3378
f 5057/133/5365 5046/133/5378 5148/133/3359 5159/133/3358
f 5060/133/5353 5045/133/5340 5147/133/3337 5162/133/3336
f 5032/133/5388 5040/133/5374 5142/133/3216 5134/133/3125
f 5062/133/5347 5043/133/2870 5145/133/562 5164/133/3204
f 5065/133/5335 5042/133/5358 5144/133/3191 5167/133/3190
f 5055/133/5373 5041/133/5370 5143/133/3169 5157/133/3168
f 5058/133/5361 5032/133/5388 5134/133/3125 5160/133/3124
f 5338/133/5392 5033/133/5391 5135/133/2999 5341/133/3098
f 5038/133/5394 5039/133/5362 5141/133/3085 5140/133/3072
f 5051/133/5381 5038/133/5394 5140/133/3072 5153/133/3071
f 5063/133/5343 5037/133/5382 5139/133/3050 5165/133/3049
f 5035/133/5396 5036/133/5344 5138/133/3029 5137/133/3015
f 5034/133/5398 5035/133/5396 5137/133/3015 5136/133/3000
f 5033/133/5391 5034/133/5398 5136/133/3000 5135/133/2999
f 3855/133/5115 4926/133/3177 5239/133/3178 5227/133/5112
f 2825/133/3322 4962/133/5087 5367/133/5399 5220/133/5400
f 2734/133/3022 4601/133/3036 5237/133/3037 5213/133/3023
f 3421/133/4438 4350/133/3197 5236/133/3198 5224/133/4435
f 2818/133/2629 4380/133/4414 5369/133/5401 5187/133/5402
f 3433/133/4413 4266/133/3323 5371/133/5403 5372/133/5404
f 2776/133/3176 4305/133/4439 5233/133/4434 5219/133/3179
f 2755/133/3078 4156/133/3141 5232/133/3134 5216/133/3079
f 3867/133/5086 4038/133/3345 5373/133/5405 5374/133/5406
f 2769/133/3154 4089/133/5116 5230/133/5111 5218/133/3157
f 2762/133/3209 3939/133/3155 5229/133/3156 5217/133/3210
f 2832/133/3344 3951/133/3367 5375/133/5407 5221/133/5408
f 4089/133/5116 3855/133/5115 5227/133/5112 5230/133/5111
f 4962/133/5087 3867/133/5086 5374/133/5406 5367/133/5399
f 2741/133/3035 3779/133/3058 5225/133/3059 5214/133/3038
f 4305/133/4439 3421/133/4438 5224/133/4435 5233/133/4434
f 4380/133/4414 3433/133/4413 5372/133/5404 5369/133/5401
f 2839/133/3366 2660/133/3405 5377/133/5409 5222/133/5410
f 3951/133/3367 2839/133/3366 5222/133/5410 5375/133/5407
f 4038/133/3345 2832/133/3344 5221/133/5408 5373/133/5405
f 4266/133/3323 2825/133/3322 5220/133/5400 5371/133/5403
f 2649/133/3140 2762/133/3209 5217/133/3210 5208/133/3135
f 4350/133/3197 2783/133/545 5186/133/550 5236/133/3198
f 4926/133/3177 2776/133/3176 5219/133/3179 5239/133/3178
f 3939/133/3155 2769/133/3154 5218/133/3157 5229/133/3156
f 4156/133/3141 2649/133/3140 5208/133/3135 5232/133/3134
f 5296/133/3091 2713/133/2986 5210/133/2987 5379/133/3092
f 2748/133/3057 2755/133/3078 5216/133/3079 5215/133/3060
f 3779/133/3058 2748/133/3057 5215/133/3060 5225/133/3059
f 4601/133/3036 2741/133/3035 5214/133/3038 5237/133/3037
f 2727/133/3008 2734/133/3022 5213/133/3023 5212/133/3009
f 2720/133/2985 2727/133/3008 5212/133/3009 5211/133/2988
f 2713/133/2986 2720/133/2985 5211/133/2988 5210/133/2987
f 1369/133/2501 5195/133/2499 5207/133/525 2403/133/522
f 386/133/685 5188/133/5411 5381/133/5412 2439/133/2471
f 314/133/368 5179/133/371 5205/133/384 2093/133/381
f 937/133/1824 5192/133/1822 5204/133/547 1859/133/544
f 2818/133/2629 5187/133/5402 5382/133/5413 1890/133/1798
f 949/133/1799 5383/133/5414 5384/133/5415 1775/133/684
f 356/133/523 5185/133/528 5201/133/1819 1814/133/1823
f 335/133/424 5182/133/427 5200/133/481 1668/133/486
f 1381/133/2472 5385/133/5416 5386/133/5417 1553/133/706
f 349/133/501 5184/133/506 5198/133/2496 1604/133/2500
f 342/133/567 5183/133/569 5197/133/503 1453/133/500
f 393/133/707 5189/133/5418 5388/133/5419 1465/133/728
f 1604/133/2500 5198/133/2496 5195/133/2499 1369/133/2501
f 2439/133/2471 5381/133/5412 5385/133/5416 1381/133/2472
f 321/133/382 5180/133/387 5193/133/406 1294/133/403
f 1814/133/1823 5201/133/1819 5192/133/1822 937/133/1824
f 1890/133/1798 5382/133/5413 5383/133/5414 949/133/1799
f 400/133/729 5190/133/5420 5390/133/5421 249/133/769
f 1465/133/728 5388/133/5419 5190/133/5420 400/133/729
f 1553/133/706 5386/133/5417 5189/133/5418 393/133/707
f 1775/133/684 5384/133/5415 5188/133/5411 386/133/685
f 238/133/487 5174/133/484 5183/133/569 342/133/567
f 1859/133/544 5204/133/547 5186/133/550 2783/133/545
f 2403/133/522 5207/133/525 5185/133/528 356/133/523
f 1453/133/500 5197/133/503 5184/133/506 349/133/501
f 1668/133/486 5200/133/481 5174/133/484 238/133/487
f 5245/133/438 5393/133/439 5176/133/334 293/133/331
f 328/133/404 5181/133/409 5182/133/427 335/133/424
f 1294/133/403 5193/133/406 5181/133/409 328/133/404
f 2093/133/381 5205/133/384 5180/133/387 321/133/382
f 307/133/354 5178/133/357 5179/133/371 314/133/368
f 300/133/332 5177/133/337 5178/133/357 307/133/354
f 293/133/331 5176/133/334 5177/133/337 300/133/332
f 249/133/769 5390/133/5421 5393/133/439 5245/133/438
f 2660/133/3405 5296/133/3091 5379/133/3092 5377/133/5409
f 5048/133/5385 5338/133/5392 5341/133/3098 5150/133/3395
f 2897/133/3472 5312/133/3518 5340/133/5389 5100/133/5384
f 2898/133/3468 5311/133/3514 5339/133/3515 5067/133/3471
f 5100/133/5384 5340/133/5389 5338/133/5392 5048/133/5385
f 2802/133/3252 4960/133/5097 5337/133/5092 5302/133/3287
f 2670/133/3386 4950/133/5073 5336/133/5117 5294/133/2982
f 5362/133/5330 5392/133/3093 5335/133/3558 4887/133/3544
f 2795/133/2624 4377/133/4422 5334/133/4417 5251/133/2625
f 2669/133/2640 4368/133/4402 5333/133/4440 5243/133/2621
f 3410/133/4401 4254/133/3387 5332/133/2981 5319/133/4441
f 3429/133/4421 4263/133/3253 5331/133/3286 5318/133/4418
f 2846/133/2970 5308/133/3107 5330/133/3425 4125/133/3433
f 3844/133/5072 4026/133/3391 5329/133/2979 5325/133/5118
f 3865/133/5096 4036/133/3269 5328/133/3290 5324/133/5093
f 2809/133/3268 3949/133/3285 5327/133/3294 5303/133/3291
f 2851/133/2977 3957/133/3432 5326/133/3424 5307/133/3393
f 4950/133/5073 3844/133/5072 5325/133/5118 5336/133/5117
f 4960/133/5097 3865/133/5096 5324/133/5093 5337/133/5092
f 3770/133/4904 3771/133/4902 5323/133/4900 5322/133/4906
f 3759/133/3457 3770/133/4904 5322/133/4906 5320/133/2927
f 3771/133/4902 3764/133/3109 5321/133/3108 5323/133/4900
f 4368/133/4402 3410/133/4401 5319/133/4441 5333/133/4440
f 4377/133/4422 3429/133/4421 5318/133/4418 5334/133/4417
f 2658/133/3399 5298/133/3095 5317/133/3096 3326/133/3396
f 2949/133/3580 5314/133/3622 5316/133/3623 2981/133/3581
f 2981/133/3581 5316/133/3623 5315/133/3088 2948/133/3407
f 2641/133/3299 5292/133/3298 5314/133/3622 2949/133/3580
f 4887/133/3544 5335/133/3558 5313/133/3094 2930/133/3398
f 5067/133/3471 5339/133/3515 5312/133/3518 2897/133/3472
f 2657/133/3397 5299/133/3097 5311/133/3514 2898/133/3468
f 2876/133/3452 2875/133/2978 5310/133/3392 5309/133/3437
f 2671/133/3390 2876/133/3452 5309/133/3437 5293/133/2980
f 4125/133/3433 5330/133/3425 5305/133/3423 2845/133/3434
f 3957/133/3432 2852/133/3431 5306/133/3422 5326/133/3424
f 2852/133/3431 2845/133/3434 5305/133/3423 5306/133/3422
f 2875/133/2978 2851/133/2977 5307/133/3393 5310/133/3392
f 2816/133/3284 2678/133/3301 5292/133/3298 5304/133/3295
f 3949/133/3285 2816/133/3284 5304/133/3295 5327/133/3294
f 4036/133/3269 2809/133/3268 5303/133/3291 5328/133/3290
f 4263/133/3253 2802/133/3252 5302/133/3287 5331/133/3286
f 2846/133/2970 3763/133/2969 5321/133/3108 5308/133/3107
f 2656/133/3394 5300/133/3099 5301/133/2926 2655/133/2929
f 5150/133/3395 5341/133/3098 5300/133/3099 2656/133/3394
f 3326/133/3396 5317/133/3096 5299/133/3097 2657/133/3397
f 2930/133/3398 5313/133/3094 5298/133/3095 2658/133/3399
f 387/133/3325 2440/133/5422 5404/133/5423 5395/133/3326
f 2661/133/3404 5295/133/3090 5296/133/3091 2660/133/3405
f 2948/133/3407 5315/133/3088 5295/133/3090 2661/133/3404
f 4254/133/3387 2670/133/3386 5294/133/2982 5332/133/2981
f 4026/133/3391 2671/133/3390 5293/133/2980 5329/133/2979
f 2718/133/3100 3759/133/3457 5320/133/2927 5301/133/2926
f 2523/133/2866 2619/133/760 5291/133/445 5288/133/2873
f 458/133/837 2573/133/2867 5290/133/2872 5262/133/884
f 459/133/834 2542/133/838 5289/133/883 5261/133/881
f 2573/133/2867 2523/133/2866 5288/133/2873 5290/133/2872
f 372/133/614 5252/133/650 5287/133/2477 2437/133/2480
f 258/133/751 5242/133/329 5286/133/2502 2427/133/2456
f 5350/133/2806 2368/133/912 5285/133/927 5391/133/440
f 2795/133/2624 5251/133/2625 5284/133/1802 1887/133/1805
f 2669/133/2640 5243/133/2621 5283/133/1825 1877/133/1785
f 926/133/1786 5269/133/1828 5282/133/328 1763/133/750
f 945/133/1806 5268/133/1803 5281/133/647 1772/133/613
f 407/133/315 1638/133/799 5280/133/790 5258/133/454
f 1358/133/2457 5275/133/2505 5279/133/326 1540/133/754
f 1379/133/2481 5274/133/2478 5278/133/651 1551/133/629
f 377/133/630 5253/133/654 5277/133/655 1463/133/645
f 412/133/324 5257/133/758 5276/133/789 1471/133/795
f 2427/133/2456 5286/133/2502 5275/133/2505 1358/133/2457
f 2437/133/2480 5287/133/2477 5274/133/2478 1379/133/2481
f 1286/133/2288 5272/133/2291 5273/133/2285 1287/133/2287
f 1275/133/821 5270/133/276 5272/133/2291 1286/133/2288
f 1287/133/2287 5273/133/2285 5271/133/457 1280/133/456
f 1877/133/1785 5283/133/1825 5269/133/1828 926/133/1786
f 1887/133/1805 5284/133/1802 5268/133/1803 945/133/1806
f 247/133/763 852/133/762 5267/133/443 5247/133/442
f 504/133/949 532/133/950 5266/133/994 5264/133/993
f 532/133/950 503/133/772 5265/133/435 5266/133/994
f 230/133/659 504/133/949 5264/133/993 5240/133/660
f 2368/133/912 487/133/764 5263/133/441 5285/133/927
f 2542/133/838 458/133/837 5262/133/884 5289/133/883
f 246/133/761 459/133/834 5261/133/881 5248/133/444
f 437/133/816 5259/133/803 5260/133/757 436/133/323
f 259/133/755 5241/133/327 5259/133/803 437/133/816
f 1638/133/799 406/133/798 5255/133/788 5280/133/790
f 1471/133/795 5276/133/789 5256/133/787 413/133/796
f 413/133/796 5256/133/787 5255/133/788 406/133/798
f 436/133/323 5260/133/757 5257/133/758 412/133/324
f 384/133/646 5254/133/658 5240/133/660 266/133/661
f 1463/133/645 5277/133/655 5254/133/658 384/133/646
f 1551/133/629 5278/133/651 5253/133/654 377/133/630
f 1772/133/613 5281/133/647 5252/133/650 372/133/614
f 407/133/315 5258/133/454 5271/133/457 1279/133/316
f 245/133/759 244/133/274 5250/133/273 5249/133/446
f 2619/133/760 245/133/759 5249/133/446 5291/133/445
f 852/133/762 246/133/761 5248/133/444 5267/133/443
f 487/133/764 247/133/763 5247/133/442 5263/133/441
f 5370/133/5424 5235/133/2520 5430/133/2523 5438/133/5425
f 250/133/770 249/133/769 5245/133/438 5244/133/436
f 503/133/772 250/133/770 5244/133/436 5265/133/435
f 1763/133/750 5282/133/328 5242/133/329 258/133/751
f 1540/133/754 5279/133/326 5241/133/327 259/133/755
f 298/133/447 5250/133/273 5270/133/276 1275/133/821
f 387/133/3325 1776/133/3324 5344/133/2796 5345/133/2804
f 394/133/2526 1554/133/2525 5346/133/2798 5347/133/2799
f 401/133/766 1466/133/765 5348/133/2800 5349/133/2805
f 248/133/5426 401/133/766 5349/133/2805 5350/133/2806
f 950/133/5427 1891/133/5428 5351/133/2794 5352/133/2795
f 1382/133/5429 2440/133/5422 5353/133/2801 5354/133/2797
f 1466/133/765 394/133/2526 5347/133/2799 5348/133/2800
f 1554/133/2525 1382/133/5429 5354/133/2797 5346/133/2798
f 1776/133/3324 950/133/5427 5352/133/2795 5344/133/2796
f 1891/133/5428 5355/133/5430 2819/133/2793 5351/133/2794
f 2440/133/5422 387/133/3325 5345/133/2804 5353/133/2801
f 4267/133/5210 2826/133/5209 5357/133/5328 5356/133/5321
f 4039/133/5083 2833/133/5082 5359/133/5324 5358/133/5323
f 3952/133/3368 2840/133/2631 5361/133/5329 5360/133/5325
f 2840/133/2631 2659/133/2630 5362/133/5330 5361/133/5329
f 4381/133/2468 3434/133/2467 5364/133/5320 5363/133/5319
f 4963/133/710 3868/133/709 5366/133/5322 5365/133/5326
f 2833/133/5082 3952/133/3368 5360/133/5325 5359/133/5324
f 3868/133/709 4039/133/5083 5358/133/5323 5366/133/5322
f 3434/133/2467 4267/133/5210 5356/133/5321 5364/133/5320
f 5355/133/5430 4381/133/2468 5363/133/5319 2819/133/2793
f 2826/133/5209 4963/133/710 5365/133/5326 5357/133/5328
f 5238/133/2809 5368/133/5431 5220/133/5400 5367/133/5399
f 5235/133/2520 5370/133/5424 5187/133/5402 5369/133/5401
f 5234/133/5213 5223/133/2521 5372/133/5404 5371/133/5403
f 5231/133/5135 5226/133/2810 5374/133/5406 5373/133/5405
f 5228/133/3401 5376/133/3400 5221/133/5408 5375/133/5407
f 5226/133/2810 5238/133/2809 5367/133/5399 5374/133/5406
f 5223/133/2521 5235/133/2520 5369/133/5401 5372/133/5404
f 5209/133/732 5378/133/731 5222/133/5410 5377/133/5409
f 5378/133/731 5228/133/3401 5375/133/5407 5222/133/5410
f 5376/133/3400 5231/133/5135 5373/133/5405 5221/133/5408
f 5368/133/5431 5234/133/5213 5371/133/5403 5220/133/5400
f 5342/133/5432 5209/133/732 5377/133/5409 5379/133/3092
f 5380/133/5433 5206/133/4410 5381/133/5412 5188/133/5411
f 5370/133/5424 5203/133/3347 5382/133/5413 5187/133/5402
f 5191/133/3346 5202/133/5434 5384/133/5415 5383/133/5414
f 5194/133/4409 5199/133/688 5386/133/5417 5385/133/5416
f 5387/133/687 5196/133/1795 5388/133/5419 5189/133/5418
f 5206/133/4410 5194/133/4409 5385/133/5416 5381/133/5412
f 5203/133/3347 5191/133/3346 5383/133/5414 5382/133/5413
f 5389/133/1794 5175/133/2602 5390/133/5421 5190/133/5420
f 5196/133/1795 5389/133/1794 5190/133/5420 5388/133/5419
f 5199/133/688 5387/133/687 5189/133/5418 5386/133/5417
f 5202/133/5434 5380/133/5433 5188/133/5411 5384/133/5415
f 5246/133/5435 248/133/5426 5350/133/2806 5391/133/440
f 2659/133/2630 5297/133/5436 5392/133/3093 5362/133/5330
f 5175/133/2602 5343/133/5437 5393/133/439 5390/133/5421
f 5297/133/5436 5342/133/5432 5379/133/3092 5392/133/3093
f 5343/133/5437 5246/133/5435 5391/133/440 5393/133/439
f 5421/133/5438 5402/133/3327 5395/133/3326 5441/133/5439
f 5420/133/689 5401/133/2528 5396/133/2527 5442/133/690
f 5419/133/1796 5400/133/768 5397/133/767 5443/133/1797
f 5443/133/1797 5397/133/767 5394/133/5440 5416/133/2603
f 5422/133/3348 5403/133/5441 5398/133/5442 5417/133/3349
f 5423/133/4411 5404/133/5423 5399/133/5443 5418/133/4412
f 5442/133/690 5396/133/2527 5400/133/768 5419/133/1796
f 5418/133/4412 5399/133/5443 5401/133/2528 5420/133/689
f 5417/133/3349 5398/133/5442 5402/133/3327 5421/133/5438
f 5438/133/5425 5436/133/5444 5403/133/5441 5422/133/3348
f 5441/133/5439 5395/133/3326 5404/133/5423 5423/133/4411
f 5429/133/5214 5437/133/5445 5406/133/5212 5413/133/5211
f 5428/133/5136 5439/133/3403 5407/133/5085 5412/133/5084
f 5427/133/3402 5440/133/734 5408/133/2632 5411/133/3369
f 5440/133/734 5424/133/733 5405/133/2633 5408/133/2632
f 5430/133/2523 5425/133/2522 5409/133/2470 5414/133/2469
f 5431/133/2812 5426/133/2811 5410/133/712 5415/133/711
f 5439/133/3403 5427/133/3402 5411/133/3369 5407/133/5085
f 5426/133/2811 5428/133/5136 5412/133/5084 5410/133/712
f 5425/133/2522 5429/133/5214 5413/133/5211 5409/133/2470
f 5438/133/5425 5430/133/2523 5414/133/2469 5436/133/5444
f 5437/133/5445 5431/133/2812 5415/133/711 5406/133/5212
f 5424/133/733 5434/133/5446 5433/133/5447 5405/133/2633
f 5416/133/2603 5394/133/5440 5432/133/5448 5435/133/5449
f 401/133/766 248/133/5426 5394/133/5440 5397/133/767
f 5228/133/3401 5378/133/731 5440/133/734 5427/133/3402
f 3952/133/3368 2833/133/5082 5407/133/5085 5411/133/3369
f 5380/133/5433 5202/133/5434 5421/133/5438 5441/133/5439
f 1891/133/5428 950/133/5427 5398/133/5442 5403/133/5441
f 5231/133/5135 5376/133/3400 5439/133/3403 5428/133/5136
f 4039/133/5083 3868/133/709 5410/133/712 5412/133/5084
f 248/133/5426 5246/133/5435 5432/133/5448 5394/133/5440
f 2440/133/5422 1382/133/5429 5399/133/5443 5404/133/5423
f 5234/133/5213 5368/133/5431 5437/133/5445 5429/133/5214
f 4267/133/5210 3434/133/2467 5409/133/2470 5413/133/5211
f 5297/133/5436 2659/133/2630 5405/133/2633 5433/133/5447
f 394/133/2526 1466/133/765 5400/133/768 5396/133/2527
f 5209/133/732 5342/133/5432 5434/133/5446 5424/133/733
f 4381/133/2468 5355/133/5430 5436/133/5444 5414/133/2469
f 5343/133/5437 5175/133/2602 5416/133/2603 5435/133/5449
f 1382/133/5429 1554/133/2525 5401/133/2528 5399/133/5443
f 5206/133/4410 5380/133/5433 5441/133/5439 5423/133/4411
f 4963/133/710 2826/133/5209 5406/133/5212 5415/133/711
f 5342/133/5432 5297/133/5436 5433/133/5447 5434/133/5446
f 950/133/5427 1776/133/3324 5402/133/3327 5398/133/5442
f 5203/133/3347 5370/133/5424 5438/133/5425 5422/133/3348
f 5368/133/5431 5238/133/2809 5431/133/2812 5437/133/5445
f 5246/133/5435 5343/133/5437 5435/133/5449 5432/133/5448
f 5355/133/5430 1891/133/5428 5403/133/5441 5436/133/5444
f 5202/133/5434 5191/133/3346 5417/133/3349 5421/133/5438
f 5474/133/5450 5673/133/5451 5530/133/5452 6102/133/5453
f 5681/133/5454 5674/133/5455 5531/133/5456 5619/133/5457
f 5624/133/5458 5676/133/5459 5532/133/5460 5519/133/5461
f 5628/133/5462 5677/133/5463 5533/133/5464 5521/133/5465
f 5670/133/5466 5691/133/5467 5534/133/5468 5527/133/5469
f 5680/133/5470 5688/133/5471 5541/133/5472 5576/133/5473
f 5684/133/5474 5679/133/5475 5535/133/5476 5580/133/5477
f 5623/133/5478 6117/133/5479 6188/133/5480 5520/133/5481
f 5668/133/5482 5687/133/5483 5575/133/5484 5524/133/5485
f 5732/133/5486 5689/133/5487 5536/133/5488 5583/133/5489
f 5679/133/5475 5732/133/5486 5583/133/5489 5535/133/5476
f 5667/133/5490 5684/133/5474 5580/133/5477 5523/133/5491
f 5691/133/5467 5685/133/5492 5537/133/5493 5534/133/5468
f 5540/133/5494 5675/133/5495 5631/133/5496 5507/133/5497
f 5671/133/5498 5731/133/5499 5538/133/5500 5526/133/5501
f 5674/133/5455 5727/133/5502 5539/133/5503 5531/133/5456
f 5478/133/5504 5681/133/5454 5619/133/5457 5476/133/5505
f 5627/133/5506 5686/133/5507 5582/133/5508 5522/133/5509
f 5689/133/5487 5726/133/5510 5618/133/5511 5536/133/5488
f 5683/133/5512 5680/133/5470 5576/133/5473 5620/133/5513
f 5473/133/5514 5734/133/5515 5581/133/5516 6101/133/5517
f 5685/133/5492 5683/133/5512 5620/133/5513 5537/133/5493
f 5727/133/5502 5733/133/5518 5617/133/5519 5539/133/5503
f 5688/133/5471 5682/133/5520 5621/133/5521 5541/133/5472
f 5676/133/5459 5627/133/5506 5522/133/5509 5532/133/5460
f 5734/133/5515 5628/133/5462 5521/133/5465 5581/133/5516
f 5677/133/5463 5623/133/5478 5520/133/5481 5533/133/5464
f 6111/133/5522 5624/133/5458 5519/133/5461 6171/133/5523
f 6171/133/5523 5519/133/5461 5622/133/5524 6135/133/5525
f 5581/133/5516 5521/133/5465 5626/133/5526 5646/133/5527
f 5532/133/5460 5522/133/5509 5625/133/5528 5639/133/5529
f 5528/133/5530 5540/133/5494 5507/133/5497 5490/133/5531
f 5541/133/5472 5621/133/5521 5665/133/5532 5666/133/5533
f 5549/133/5534 5490/133/5531 5509/133/5535 5573/133/5536
f 5507/133/5497 5631/133/5496 5657/133/5537 5508/133/5538
f 5490/133/5531 5507/133/5497 5508/133/5538 5509/133/5535
f 5539/133/5503 5617/133/5519 5658/133/5539 5663/133/5540
f 5537/133/5493 5620/133/5513 5664/133/5541 5659/133/5542
f 6101/133/5517 5581/133/5516 5646/133/5527 6100/133/5543
f 5620/133/5513 5576/133/5473 5643/133/5544 5664/133/5541
f 5536/133/5488 5618/133/5511 5661/133/5545 5650/133/5546
f 5522/133/5509 5582/133/5508 5649/133/5547 5625/133/5528
f 5476/133/5505 5619/133/5457 5662/133/5548 5477/133/5549
f 5531/133/5456 5539/133/5503 5663/133/5540 5638/133/5550
f 5526/133/5501 5538/133/5500 5660/133/5551 5633/133/5552
f 5534/133/5468 5537/133/5493 5659/133/5542 5641/133/5553
f 5523/133/5491 5580/133/5477 5645/133/5554 5629/133/5555
f 5535/133/5476 5583/133/5489 5653/133/5556 5644/133/5557
f 5583/133/5489 5536/133/5488 5650/133/5546 5653/133/5556
f 5524/133/5485 5575/133/5484 5642/133/5558 5630/133/5559
f 5580/133/5477 5535/133/5476 5644/133/5557 5645/133/5554
f 5576/133/5473 5541/133/5472 5666/133/5533 5643/133/5544
f 5527/133/5469 5534/133/5468 5641/133/5553 5634/133/5560
f 5521/133/5465 5533/133/5464 5640/133/5561 5626/133/5526
f 5519/133/5461 5532/133/5460 5639/133/5529 5622/133/5524
f 5619/133/5457 5531/133/5456 5638/133/5550 5662/133/5548
f 6102/133/5453 5530/133/5452 5636/133/5562 5472/133/5563
f 5525/133/5564 5529/133/5565 5635/133/5566 5632/133/5567
f 5575/133/5484 5527/133/5469 5634/133/5560 5642/133/5558
f 5618/133/5511 5526/133/5501 5633/133/5552 5661/133/5545
f 5538/133/5500 5525/133/5564 5632/133/5567 5660/133/5551
f 5530/133/5452 5524/133/5485 5630/133/5559 5636/133/5562
f 5617/133/5519 5523/133/5491 5629/133/5555 5658/133/5539
f 5551/133/5568 5561/133/5569 6004/133/5570 5994/133/5571
f 5718/133/5572 5697/133/5573 6066/133/5574 6087/133/5575
f 5602/133/5576 5595/133/5576 6032/133/5577 6039/133/5578
f 5452/133/5579 5458/133/5579 5964/133/5580 5958/133/5581
f 5528/133/5530 5490/133/5531 5978/133/5582 5983/133/5583
f 5584/133/5584 5565/133/5585 6008/133/5586 6021/133/5587
f 5719/133/5588 5692/133/5589 6061/133/5590 6088/133/5591
f 5591/133/5592 5594/133/5593 6031/133/5594 6028/133/5595
f 5451/133/5596 5449/133/5597 5955/133/5598 5957/133/5599
f 5553/133/5600 5556/133/5601 5999/133/5602 5996/133/5603
f 5704/133/5604 5698/133/5605 6067/133/5606 6073/133/5607
f 5599/133/5608 5593/133/5608 6030/133/5608 6036/133/5608
f 5450/133/5609 5455/133/5609 5961/133/5609 5956/133/5609
f 5637/133/5610 5678/133/5611 6059/133/5612 6053/133/5613
f 5554/133/5614 5569/133/5615 6012/133/5616 5997/133/5617
f 5721/133/5618 5699/133/5619 6068/133/5620 6090/133/5621
f 5647/133/5622 5586/133/5622 6023/133/5623 6054/133/5624
f 5444/133/5625 5500/133/5625 5979/133/5626 5950/133/5627
f 5555/133/5628 5562/133/5629 6005/133/5630 5998/133/5631
f 5723/133/5632 5700/133/5633 6069/133/5634 6092/133/5635
f 5601/133/5636 5599/133/5636 6036/133/5636 6038/133/5636
f 5455/133/5637 5457/133/5637 5963/133/5637 5961/133/5637
f 5556/133/5601 5544/133/5638 5987/133/5639 5999/133/5602
f 5712/133/5640 5701/133/5641 6070/133/5642 6081/133/5643
f 5725/133/5644 5602/133/5644 6039/133/5644 6094/133/5644
f 5458/133/5645 5574/133/5645 6017/133/5645 5964/133/5645
f 5557/133/5646 5552/133/5647 5995/133/5648 6000/133/5649
f 5716/133/5650 5735/133/5651 6098/133/5652 6085/133/5653
f 5505/133/5654 5598/133/5654 6035/133/5655 5982/133/5656
f 5558/133/5657 5563/133/5658 6006/133/5659 6001/133/5660
f 5706/133/5661 5703/133/5662 6072/133/5663 6075/133/5664
f 5504/133/5665 5463/133/5665 5969/133/5665 5981/133/5665
f 5570/133/5666 5566/133/5667 6009/133/5668 6013/133/5669
f 5720/133/5670 5704/133/5604 6073/133/5607 6089/133/5671
f 5598/133/5672 5652/133/5672 6057/133/5673 6035/133/5655
f 5571/133/5674 5550/133/5675 5993/133/5676 6014/133/5677
f 5713/133/5678 5705/133/5679 6074/133/5680 6082/133/5681
f 5607/133/5682 5651/133/5682 6056/133/5682 6044/133/5682
f 5572/133/5683 5709/133/5684 6078/133/5685 6015/133/5686
f 5694/133/5687 5706/133/5661 6075/133/5664 6063/133/5688
f 5573/133/5689 5549/133/5690 5992/133/5691 6016/133/5692
f 5702/133/5693 5707/133/5694 6076/133/5695 6071/133/5696
f 5714/133/5697 5708/133/5698 6077/133/5699 6083/133/5700
f 5501/133/5701 5454/133/5701 5960/133/5701 5980/133/5701
f 5540/133/5494 5528/133/5530 5983/133/5583 5984/133/5702
f 5717/133/5703 5721/133/5618 6090/133/5621 6086/133/5704
f 5500/133/5705 5462/133/5705 5968/133/5705 5979/133/5705
f 5700/133/5633 5722/133/5706 6091/133/5707 6069/133/5634
f 5597/133/5708 5648/133/5708 6055/133/5708 6034/133/5708
f 5709/133/5684 5723/133/5632 6092/133/5635 6078/133/5685
f 5606/133/5709 5647/133/5709 6054/133/5709 6043/133/5709
f 5699/133/5710 5724/133/5711 6093/133/5712 6068/133/5713
f 5566/133/5667 5585/133/5714 6022/133/5715 6009/133/5668
f 5552/133/5647 5584/133/5584 6021/133/5587 5995/133/5648
f 5678/133/5611 5690/133/5716 6060/133/5717 6059/133/5612
f 5736/133/5718 5717/133/5703 6086/133/5704 6099/133/5719
f 5471/133/5720 5456/133/5720 5962/133/5720 5977/133/5720
f 5600/133/5721 5616/133/5721 6052/133/5721 6037/133/5721
f 5579/133/5722 5444/133/5722 5950/133/5723 6020/133/5724
f 5690/133/5716 5654/133/5725 5631/133/5496 5675/133/5495
f 5735/133/5651 5702/133/5693 6071/133/5696 6098/133/5652
f 5470/133/5726 5453/133/5726 5959/133/5727 5976/133/5728
f 5596/133/5729 5615/133/5729 6051/133/5730 6033/133/5731
f 5578/133/5732 5465/133/5732 5971/133/5733 6019/133/5734
f 5469/133/5735 5466/133/5735 5972/133/5736 5975/133/5736
f 5611/133/5737 5614/133/5737 6050/133/5738 6047/133/5738
f 5468/133/5739 5450/133/5739 5956/133/5739 5974/133/5739
f 5593/133/5740 5613/133/5740 6049/133/5740 6030/133/5740
f 5490/133/5531 5549/133/5534 5992/133/5741 5978/133/5582
f 5467/133/5742 5447/133/5742 5953/133/5743 5973/133/5744
f 5589/133/5745 5612/133/5745 6048/133/5746 6026/133/5747
f 5730/133/5748 5611/133/5749 6047/133/5750 6097/133/5751
f 5466/133/5752 5579/133/5752 6020/133/5753 5972/133/5754
f 5561/133/5569 5577/133/5755 6018/133/5756 6004/133/5570
f 5586/133/5757 5730/133/5748 6097/133/5751 6023/133/5758
f 5615/133/5759 5610/133/5759 6046/133/5759 6051/133/5759
f 5465/133/5760 5470/133/5760 5976/133/5761 5971/133/5762
f 5678/133/5611 5637/133/5610 5654/133/5725 5690/133/5716
f 5610/133/5763 5729/133/5763 6096/133/5763 6046/133/5763
f 5699/133/5764 5724/133/5765 5656/133/5766 5637/133/5610
f 5654/133/5725 5655/133/5767 5657/133/5537 5631/133/5496
f 5637/133/5610 5656/133/5766 5655/133/5767 5654/133/5725
f 5590/133/5768 5609/133/5768 6045/133/5769 6027/133/5770
f 5464/133/5771 5448/133/5771 5954/133/5772 5970/133/5773
f 5648/133/5774 5607/133/5774 6044/133/5774 6055/133/5774
f 5463/133/5775 5501/133/5775 5980/133/5775 5969/133/5775
f 5699/133/5764 5637/133/5610 6053/133/5613 6068/133/5776
f 5574/133/5777 5459/133/5777 5965/133/5777 6017/133/5777
f 5652/133/5778 5606/133/5778 6043/133/5778 6057/133/5778
f 5462/133/5779 5505/133/5779 5982/133/5779 5968/133/5779
f 5559/133/5780 5542/133/5781 5985/133/5782 6002/133/5783
f 5563/133/5658 5543/133/5784 5986/133/5785 6006/133/5659
f 5728/133/5786 5712/133/5640 6081/133/5643 6095/133/5787
f 5560/133/5788 5545/133/5789 5988/133/5790 6003/133/5791
f 5585/133/5714 5553/133/5600 5996/133/5603 6022/133/5715
f 5568/133/5792 5560/133/5788 6003/133/5791 6011/133/5793
f 5603/133/5794 5725/133/5794 6094/133/5794 6040/133/5794
f 5461/133/5795 5446/133/5795 5952/133/5795 5967/133/5795
f 5588/133/5796 5605/133/5796 6042/133/5796 6025/133/5796
f 5562/133/5629 5546/133/5797 5989/133/5798 6005/133/5630
f 5692/133/5589 5710/133/5799 6079/133/5800 6061/133/5590
f 5460/133/5801 5452/133/5801 5958/133/5802 5966/133/5803
f 5595/133/5804 5604/133/5804 6041/133/5805 6032/133/5806
f 5565/133/5585 5571/133/5674 6014/133/5677 6008/133/5586
f 5693/133/5807 5714/133/5697 6083/133/5700 6062/133/5808
f 5577/133/5755 5559/133/5780 6002/133/5783 6018/133/5756
f 5695/133/5809 5711/133/5810 6080/133/5811 6064/133/5812
f 5543/133/5784 5551/133/5568 5994/133/5571 5986/133/5785
f 5703/133/5662 5736/133/5718 6099/133/5719 6072/133/5663
f 5544/133/5638 5555/133/5628 5998/133/5631 5987/133/5639
f 5711/133/5810 5719/133/5588 6088/133/5591 6080/133/5811
f 5587/133/5813 5590/133/5813 6027/133/5814 6024/133/5814
f 5448/133/5815 5445/133/5815 5951/133/5816 5954/133/5816
f 5545/133/5789 5548/133/5817 5991/133/5818 5988/133/5790
f 5696/133/5819 5713/133/5678 6082/133/5681 6065/133/5820
f 5651/133/5821 5592/133/5821 6029/133/5821 6056/133/5821
f 5592/133/5822 5504/133/5822 5981/133/5822 6029/133/5822
f 5567/133/5823 5558/133/5657 6001/133/5660 6010/133/5824
f 5722/133/5706 5716/133/5650 6085/133/5653 6091/133/5707
f 5616/133/5825 5587/133/5825 6024/133/5826 6052/133/5827
f 5445/133/5828 5471/133/5828 5977/133/5829 5951/133/5830
f 5564/133/5831 5547/133/5832 5990/133/5833 6007/133/5834
f 5710/133/5799 5728/133/5786 6095/133/5787 6079/133/5800
f 5605/133/5835 5600/133/5835 6037/133/5835 6042/133/5835
f 5456/133/5836 5461/133/5836 5967/133/5836 5962/133/5836
f 5546/133/5797 5564/133/5831 6007/133/5834 5989/133/5798
f 5701/133/5641 5693/133/5807 6062/133/5808 6070/133/5642
f 5614/133/5837 5589/133/5837 6026/133/5838 6050/133/5839
f 5447/133/5840 5469/133/5840 5975/133/5841 5953/133/5842
f 5569/133/5615 5557/133/5646 6000/133/5649 6012/133/5616
f 5705/133/5679 5694/133/5687 6063/133/5688 6074/133/5680
f 5609/133/5843 5603/133/5843 6040/133/5844 6045/133/5844
f 5459/133/5845 5464/133/5845 5970/133/5846 5965/133/5846
f 5675/133/5495 5540/133/5494 5984/133/5702 6058/133/5847
f 5547/133/5832 5567/133/5823 6010/133/5824 5990/133/5833
f 5698/133/5605 5695/133/5809 6064/133/5812 6067/133/5606
f 5594/133/5848 5588/133/5848 6025/133/5849 6031/133/5850
f 5446/133/5851 5451/133/5851 5957/133/5852 5952/133/5853
f 5542/133/5781 5568/133/5792 6011/133/5793 5985/133/5782
f 5708/133/5698 5718/133/5572 6087/133/5575 6077/133/5699
f 5613/133/5854 5596/133/5854 6033/133/5855 6049/133/5856
f 5453/133/5857 5468/133/5857 5974/133/5857 5959/133/5857
f 5548/133/5817 5554/133/5614 5997/133/5617 5991/133/5818
f 5697/133/5573 5715/133/5858 6084/133/5859 6066/133/5574
f 5604/133/5860 5601/133/5860 6038/133/5861 6041/133/5862
f 5457/133/5863 5460/133/5863 5966/133/5864 5963/133/5865
f 5549/133/5866 5570/133/5666 6013/133/5669 5992/133/5867
f 5715/133/5858 5696/133/5819 6065/133/5820 6084/133/5859
f 5612/133/5868 5591/133/5592 6028/133/5595 6048/133/5869
f 5449/133/5597 5467/133/5870 5973/133/5871 5955/133/5598
f 5550/133/5675 5572/133/5683 6015/133/5686 5993/133/5676
f 5707/133/5694 5720/133/5670 6089/133/5671 6076/133/5695
f 5729/133/5872 5597/133/5872 6034/133/5872 6096/133/5872
f 5454/133/5873 5578/133/5873 6019/133/5874 5960/133/5875
f 5690/133/5716 5675/133/5495 6058/133/5847 6060/133/5717
f 5559/133/5780 5577/133/5755 5769/133/5876 5754/133/5877
f 5704/133/5604 5720/133/5670 5800/133/5878 5784/133/5879
f 5712/133/5640 5728/133/5786 5805/133/5880 5792/133/5881
f 5571/133/5674 5565/133/5585 5760/133/5882 5766/133/5883
f 5703/133/5662 5706/133/5661 5786/133/5884 5783/133/5885
f 5546/133/5797 5562/133/5629 5757/133/5886 5741/133/5887
f 5549/133/5866 5573/133/5888 5768/133/5889 5744/133/5890
f 5735/133/5651 5716/133/5650 5796/133/5891 5806/133/5892
f 5560/133/5788 5568/133/5792 5763/133/5893 5755/133/5894
f 5709/133/5684 5572/133/5683 5767/133/5895 5789/133/5896
f 5701/133/5641 5712/133/5640 5792/133/5881 5781/133/5897
f 5553/133/5600 5585/133/5714 5771/133/5898 5748/133/5899
f 5700/133/5633 5723/133/5632 5803/133/5900 5780/133/5901
f 5550/133/5675 5571/133/5674 5766/133/5883 5745/133/5902
f 5545/133/5789 5560/133/5788 5755/133/5894 5740/133/5903
f 5699/133/5619 5721/133/5618 5801/133/5904 5779/133/5905
f 5566/133/5667 5570/133/5666 5765/133/5906 5761/133/5907
f 5543/133/5784 5563/133/5658 5758/133/5908 5738/133/5909
f 5698/133/5605 5704/133/5604 5784/133/5879 5778/133/5910
f 5563/133/5658 5558/133/5657 5753/133/5911 5758/133/5908
f 5542/133/5781 5559/133/5780 5754/133/5877 5737/133/5912
f 5692/133/5589 5719/133/5588 5799/133/5913 5772/133/5914
f 5552/133/5647 5557/133/5646 5752/133/5915 5747/133/5916
f 5697/133/5573 5718/133/5572 5798/133/5917 5777/133/5918
f 5544/133/5638 5556/133/5601 5751/133/5919 5739/133/5920
f 5720/133/5670 5707/133/5694 5787/133/5921 5800/133/5878
f 5562/133/5629 5555/133/5628 5750/133/5922 5757/133/5886
f 5696/133/5819 5715/133/5858 5795/133/5923 5776/133/5924
f 5569/133/5615 5554/133/5614 5749/133/5925 5764/133/5926
f 5702/133/5693 5735/133/5651 5806/133/5892 5782/133/5927
f 5577/133/5755 5561/133/5569 5756/133/5928 5769/133/5876
f 5715/133/5858 5697/133/5573 5777/133/5918 5795/133/5923
f 5556/133/5601 5553/133/5600 5748/133/5899 5751/133/5919
f 5717/133/5703 5736/133/5718 5807/133/5929 5797/133/5930
f 5718/133/5572 5708/133/5698 5788/133/5931 5798/133/5917
f 5565/133/5585 5584/133/5584 5770/133/5932 5760/133/5882
f 5695/133/5809 5698/133/5605 5778/133/5910 5775/133/5933
f 5561/133/5569 5551/133/5568 5746/133/5934 5756/133/5928
f 5694/133/5687 5705/133/5679 5785/133/5935 5774/133/5936
f 5572/133/5683 5550/133/5675 5745/133/5902 5767/133/5895
f 5693/133/5807 5701/133/5641 5781/133/5897 5773/133/5937
f 5570/133/5666 5549/133/5866 5744/133/5890 5765/133/5906
f 5728/133/5786 5710/133/5799 5790/133/5938 5805/133/5880
f 5554/133/5614 5548/133/5817 5743/133/5939 5749/133/5925
f 5716/133/5650 5722/133/5706 5802/133/5940 5796/133/5891
f 5568/133/5792 5542/133/5781 5737/133/5912 5763/133/5893
f 5713/133/5678 5696/133/5819 5776/133/5924 5793/133/5941
f 5567/133/5823 5547/133/5832 5742/133/5942 5762/133/5943
f 5724/133/5944 5699/133/5619 5779/133/5905 5804/133/5945
f 5719/133/5588 5711/133/5810 5791/133/5946 5799/133/5913
f 5557/133/5646 5569/133/5615 5764/133/5926 5752/133/5915
f 5723/133/5632 5709/133/5684 5789/133/5896 5803/133/5900
f 5736/133/5718 5703/133/5662 5783/133/5885 5807/133/5929
f 5564/133/5831 5546/133/5797 5741/133/5887 5759/133/5947
f 5722/133/5706 5700/133/5633 5780/133/5901 5802/133/5940
f 5584/133/5584 5552/133/5647 5747/133/5916 5770/133/5932
f 5711/133/5810 5695/133/5809 5775/133/5933 5791/133/5946
f 5547/133/5832 5564/133/5831 5759/133/5947 5742/133/5942
f 5721/133/5618 5717/133/5703 5797/133/5930 5801/133/5904
f 5585/133/5714 5566/133/5667 5761/133/5907 5771/133/5898
f 5714/133/5697 5693/133/5807 5773/133/5937 5794/133/5948
f 5558/133/5657 5567/133/5823 5762/133/5943 5753/133/5911
f 5708/133/5698 5714/133/5697 5794/133/5948 5788/133/5931
f 5710/133/5799 5692/133/5589 5772/133/5914 5790/133/5938
f 5548/133/5817 5545/133/5789 5740/133/5903 5743/133/5939
f 5707/133/5694 5702/133/5693 5782/133/5927 5787/133/5921
f 5555/133/5628 5544/133/5638 5739/133/5920 5750/133/5922
f 5706/133/5661 5694/133/5687 5774/133/5936 5786/133/5884
f 5551/133/5568 5543/133/5784 5738/133/5909 5746/133/5934
f 5705/133/5679 5713/133/5678 5793/133/5941 5785/133/5935
f 5770/133/5932 5747/133/5916 5818/133/5949 5841/133/5950
f 5757/133/5886 5750/133/5922 5821/133/5951 5828/133/5952
f 5796/133/5891 5802/133/5940 5873/133/5953 5867/133/5954
f 5771/133/5898 5761/133/5907 5832/133/5955 5842/133/5956
f 5764/133/5926 5749/133/5925 5820/133/5957 5835/133/5958
f 5793/133/5941 5776/133/5924 5847/133/5959 5864/133/5960
f 5804/133/5945 5779/133/5905 5850/133/5961 5875/133/5962
f 5751/133/5919 5748/133/5899 5819/133/5963 5822/133/5964
f 5799/133/5913 5791/133/5946 5862/133/5965 5870/133/5966
f 5803/133/5900 5789/133/5896 5860/133/5967 5874/133/5968
f 5760/133/5882 5770/133/5932 5841/133/5950 5831/133/5969
f 5807/133/5929 5783/133/5885 5854/133/5970 5878/133/5971
f 5802/133/5940 5780/133/5901 5851/133/5972 5873/133/5953
f 5756/133/5928 5746/133/5934 5817/133/5973 5827/133/5974
f 5791/133/5946 5775/133/5933 5846/133/5975 5862/133/5965
f 5801/133/5904 5797/133/5930 5868/133/5976 5872/133/5977
f 5767/133/5895 5745/133/5902 5816/133/5978 5838/133/5979
f 5794/133/5948 5773/133/5937 5844/133/5980 5865/133/5981
f 5788/133/5931 5794/133/5948 5865/133/5981 5859/133/5982
f 5765/133/5906 5744/133/5890 5815/133/5983 5836/133/5984
f 5790/133/5938 5772/133/5914 5843/133/5985 5861/133/5986
f 5787/133/5921 5782/133/5927 5853/133/5987 5858/133/5988
f 5749/133/5925 5743/133/5939 5814/133/5989 5820/133/5957
f 5792/133/5881 5805/133/5880 5876/133/5990 5863/133/5991
f 5786/133/5884 5774/133/5936 5845/133/5992 5857/133/5993
f 5763/133/5893 5737/133/5912 5808/133/5994 5834/133/5995
f 5782/133/5927 5806/133/5892 5877/133/5996 5853/133/5987
f 5785/133/5935 5793/133/5941 5864/133/5960 5856/133/5997
f 5762/133/5943 5742/133/5942 5813/133/5998 5833/133/5999
f 5797/133/5930 5807/133/5929 5878/133/5971 5868/133/5976
f 5784/133/5879 5800/133/5878 5871/133/6000 5855/133/6001
f 5752/133/5915 5764/133/5926 5835/133/5958 5823/133/6002
f 5783/133/5885 5786/133/5884 5857/133/5993 5854/133/5970
f 5759/133/5947 5741/133/5887 5812/133/6003 5830/133/6004
f 5806/133/5892 5796/133/5891 5867/133/5954 5877/133/5996
f 5742/133/5942 5759/133/5947 5830/133/6004 5813/133/5998
f 5781/133/5897 5792/133/5881 5863/133/5991 5852/133/6005
f 5753/133/5911 5762/133/5943 5833/133/5999 5824/133/6006
f 5780/133/5901 5803/133/5900 5874/133/5968 5851/133/5972
f 5743/133/5939 5740/133/5903 5811/133/6007 5814/133/5989
f 5779/133/5905 5801/133/5904 5872/133/5977 5850/133/5961
f 5750/133/5922 5739/133/5920 5810/133/6008 5821/133/5951
f 5778/133/5910 5784/133/5879 5855/133/6001 5849/133/6009
f 5746/133/5934 5738/133/5909 5809/133/6010 5817/133/5973
f 5772/133/5914 5799/133/5913 5870/133/5966 5843/133/5985
f 5754/133/5877 5769/133/5876 5840/133/6011 5825/133/6012
f 5777/133/5918 5798/133/5917 5869/133/6013 5848/133/6014
f 5766/133/5883 5760/133/5882 5831/133/5969 5837/133/6015
f 5800/133/5878 5787/133/5921 5858/133/5988 5871/133/6000
f 5741/133/5887 5757/133/5886 5828/133/5952 5812/133/6003
f 5744/133/5890 5768/133/5889 5839/133/6016 5815/133/5983
f 5776/133/5924 5795/133/5923 5866/133/6017 5847/133/5959
f 5755/133/5894 5763/133/5893 5834/133/5995 5826/133/6018
f 5789/133/5896 5767/133/5895 5838/133/5979 5860/133/5967
f 5795/133/5923 5777/133/5918 5848/133/6014 5866/133/6017
f 5748/133/5899 5771/133/5898 5842/133/5956 5819/133/5963
f 5745/133/5902 5766/133/5883 5837/133/6015 5816/133/5978
f 5798/133/5917 5788/133/5931 5859/133/5982 5869/133/6013
f 5740/133/5903 5755/133/5894 5826/133/6018 5811/133/6007
f 5761/133/5907 5765/133/5906 5836/133/5984 5832/133/5955
f 5775/133/5933 5778/133/5910 5849/133/6009 5846/133/5975
f 5738/133/5909 5758/133/5908 5829/133/6019 5809/133/6010
f 5758/133/5908 5753/133/5911 5824/133/6006 5829/133/6019
f 5774/133/5936 5785/133/5935 5856/133/5997 5845/133/5992
f 5737/133/5912 5754/133/5877 5825/133/6012 5808/133/5994
f 5747/133/5916 5752/133/5915 5823/133/6002 5818/133/5949
f 5773/133/5937 5781/133/5897 5852/133/6005 5844/133/5980
f 5769/133/5876 5756/133/5928 5827/133/5974 5840/133/6011
f 5739/133/5920 5751/133/5919 5822/133/5964 5810/133/6008
f 5805/133/5880 5790/133/5938 5861/133/5986 5876/133/5990
f 5817/133/5973 5809/133/6010 5880/133/6020 5888/133/6021
f 5843/133/5985 5870/133/5966 5941/133/6022 5914/133/6023
f 5825/133/6012 5840/133/6011 5911/133/6024 5896/133/6025
f 5848/133/6014 5869/133/6013 5940/133/6026 5919/133/6027
f 5837/133/6015 5831/133/5969 5902/133/6028 5908/133/6029
f 5871/133/6000 5858/133/5988 5929/133/6030 5942/133/6031
f 5812/133/6003 5828/133/5952 5899/133/6032 5883/133/6033
f 5815/133/5983 5839/133/6016 5910/133/6034 5886/133/6035
f 5847/133/5959 5866/133/6017 5937/133/6036 5918/133/6037
f 5826/133/6018 5834/133/5995 5905/133/6038 5897/133/6039
f 5860/133/5967 5838/133/5979 5909/133/6040 5931/133/6041
f 5866/133/6017 5848/133/6014 5919/133/6027 5937/133/6036
f 5819/133/5963 5842/133/5956 5913/133/6042 5890/133/6043
f 5816/133/5978 5837/133/6015 5908/133/6029 5887/133/6044
f 5869/133/6013 5859/133/5982 5930/133/6045 5940/133/6026
f 5811/133/6007 5826/133/6018 5897/133/6039 5882/133/6046
f 5832/133/5955 5836/133/5984 5907/133/6047 5903/133/6048
f 5846/133/5975 5849/133/6009 5920/133/6049 5917/133/6050
f 5809/133/6010 5829/133/6019 5900/133/6051 5880/133/6020
f 5829/133/6019 5824/133/6006 5895/133/6052 5900/133/6051
f 5845/133/5992 5856/133/5997 5927/133/6053 5916/133/6054
f 5808/133/5994 5825/133/6012 5896/133/6025 5879/133/6055
f 5818/133/5949 5823/133/6002 5894/133/6056 5889/133/6057
f 5844/133/5980 5852/133/6005 5923/133/6058 5915/133/6059
f 5840/133/6011 5827/133/5974 5898/133/6060 5911/133/6024
f 5810/133/6008 5822/133/5964 5893/133/6061 5881/133/6062
f 5876/133/5990 5861/133/5986 5932/133/6063 5947/133/6064
f 5841/133/5950 5818/133/5949 5889/133/6057 5912/133/6065
f 5828/133/5952 5821/133/5951 5892/133/6066 5899/133/6032
f 5867/133/5954 5873/133/5953 5944/133/6067 5938/133/6068
f 5842/133/5956 5832/133/5955 5903/133/6048 5913/133/6042
f 5835/133/5958 5820/133/5957 5891/133/6069 5906/133/6070
f 5864/133/5960 5847/133/5959 5918/133/6037 5935/133/6071
f 5875/133/5962 5850/133/5961 5921/133/6072 5946/133/6073
f 5822/133/5964 5819/133/5963 5890/133/6043 5893/133/6061
f 5870/133/5966 5862/133/5965 5933/133/6074 5941/133/6022
f 5874/133/5968 5860/133/5967 5931/133/6041 5945/133/6075
f 5831/133/5969 5841/133/5950 5912/133/6065 5902/133/6028
f 5878/133/5971 5854/133/5970 5925/133/6076 5949/133/6077
f 5873/133/5953 5851/133/5972 5922/133/6078 5944/133/6067
f 5827/133/5974 5817/133/5973 5888/133/6021 5898/133/6060
f 5862/133/5965 5846/133/5975 5917/133/6050 5933/133/6074
f 5872/133/5977 5868/133/5976 5939/133/6079 5943/133/6080
f 5838/133/5979 5816/133/5978 5887/133/6044 5909/133/6040
f 5865/133/5981 5844/133/5980 5915/133/6059 5936/133/6081
f 5859/133/5982 5865/133/5981 5936/133/6081 5930/133/6045
f 5836/133/5984 5815/133/5983 5886/133/6035 5907/133/6047
f 5861/133/5986 5843/133/5985 5914/133/6023 5932/133/6063
f 5858/133/5988 5853/133/5987 5924/133/6082 5929/133/6030
f 5820/133/5957 5814/133/5989 5885/133/6083 5891/133/6069
f 5863/133/5991 5876/133/5990 5947/133/6064 5934/133/6084
f 5857/133/5993 5845/133/5992 5916/133/6054 5928/133/6085
f 5834/133/5995 5808/133/5994 5879/133/6055 5905/133/6038
f 5853/133/5987 5877/133/5996 5948/133/6086 5924/133/6082
f 5856/133/5997 5864/133/5960 5935/133/6071 5927/133/6053
f 5833/133/5999 5813/133/5998 5884/133/6087 5904/133/6088
f 5868/133/5976 5878/133/5971 5949/133/6077 5939/133/6079
f 5855/133/6001 5871/133/6000 5942/133/6031 5926/133/6089
f 5823/133/6002 5835/133/5958 5906/133/6070 5894/133/6056
f 5854/133/5970 5857/133/5993 5928/133/6085 5925/133/6076
f 5830/133/6004 5812/133/6003 5883/133/6033 5901/133/6090
f 5877/133/5996 5867/133/5954 5938/133/6068 5948/133/6086
f 5813/133/5998 5830/133/6004 5901/133/6090 5884/133/6087
f 5852/133/6005 5863/133/5991 5934/133/6084 5923/133/6058
f 5824/133/6006 5833/133/5999 5904/133/6088 5895/133/6052
f 5851/133/5972 5874/133/5968 5945/133/6075 5922/133/6078
f 5814/133/5989 5811/133/6007 5882/133/6046 5885/133/6083
f 5850/133/5961 5872/133/5977 5943/133/6080 5921/133/6072
f 5821/133/5951 5810/133/6008 5881/133/6062 5892/133/6066
f 5849/133/6009 5855/133/6001 5926/133/6089 5920/133/6049
f 5992/133/5867 6013/133/5669 5482/133/6091 5511/133/6092
f 6065/133/5820 6082/133/5681 6226/133/6093 6209/133/6094
f 5982/133/5656 6035/133/5655 6117/133/6095 5623/133/6096
f 6048/133/5869 6028/133/5595 6110/133/6097 6130/133/6098
f 5993/133/5676 6015/133/5686 5480/133/6099 5510/133/6100
f 6091/133/5707 6085/133/5653 6229/133/6101 6235/133/6102
f 5981/133/6103 5969/133/6103 5676/133/6103 5624/133/6103
f 6096/133/6104 6034/133/6104 6116/133/6104 6242/133/6104
f 5994/133/5571 6004/133/5570 5492/133/6105 5506/133/6106
f 6079/133/5800 6095/133/5787 6241/133/6107 6223/133/6108
f 6039/133/5578 6032/133/5577 6114/133/6109 6121/133/6109
f 6021/133/5587 6008/133/5586 5487/133/6110 6103/133/6111
f 6070/133/5642 6062/133/5808 6206/133/6112 6214/133/6113
f 6028/133/5595 6031/133/5594 6113/133/6114 6110/133/6097
f 5996/133/5603 5999/133/5602 5497/133/6115 5502/133/6116
f 6074/133/5680 6063/133/5688 6207/133/6117 6218/133/6118
f 6036/133/6119 6030/133/6119 6112/133/6119 6118/133/6119
f 6053/133/5613 6059/133/5612 6191/133/6120 6154/133/6121
f 5997/133/5617 6012/133/5616 5483/133/6122 5499/133/6123
f 6067/133/5606 6064/133/5812 6208/133/6124 6211/133/6125
f 6054/133/5624 6023/133/5623 6105/133/6126 6164/133/6126
f 5998/133/5631 6005/133/5630 5491/133/6127 5498/133/6128
f 6077/133/5699 6087/133/5575 6231/133/6129 6221/133/6130
f 5980/133/6131 5960/133/6131 5686/133/6131 5627/133/6131
f 6038/133/6132 6036/133/6132 6118/133/6132 6120/133/6132
f 5999/133/5602 5987/133/5639 5516/133/6133 5497/133/6115
f 6066/133/5574 6084/133/5859 6228/133/6134 6210/133/6135
f 5979/133/6136 5968/133/6136 5677/133/6136 5628/133/6136
f 6094/133/6137 6039/133/6137 6121/133/6137 6238/133/6137
f 6000/133/5649 5995/133/5648 5503/133/6138 5496/133/6139
f 6084/133/5859 6065/133/5820 6209/133/6094 6228/133/6134
f 6060/133/5717 6058/133/5847 6188/133/5480 6203/133/6140
f 6001/133/5660 6006/133/5659 5489/133/6141 5495/133/6142
f 6076/133/5695 6089/133/5671 6233/133/6143 6220/133/6144
f 6013/133/5669 6009/133/5668 5486/133/6145 5482/133/6091
f 6087/133/5575 6066/133/5574 6210/133/6135 6231/133/6129
f 6014/133/5677 5993/133/5676 5510/133/6100 5481/133/6146
f 6088/133/5591 6061/133/5590 6205/133/6147 6232/133/6148
f 6035/133/5655 6057/133/5673 6169/133/6149 6117/133/6095
f 6015/133/5686 6078/133/5685 6222/133/6150 5480/133/6099
f 6073/133/5607 6067/133/5606 6211/133/6125 6217/133/6151
f 6044/133/6152 6056/133/6152 6168/133/6152 6126/133/6152
f 6016/133/5692 5992/133/5691 5511/133/6153 5479/133/6154
f 6090/133/5621 6068/133/5620 6212/133/6155 6234/133/6156
f 5984/133/5702 5983/133/5583 5533/133/5464 5520/133/5481
f 5977/133/6157 5962/133/6157 5684/133/6157 5667/133/6157
f 6092/133/5635 6069/133/5634 6213/133/6158 6236/133/6159
f 5976/133/5728 5959/133/5727 5687/133/6160 5668/133/6160
f 6081/133/5643 6070/133/5642 6214/133/6113 6225/133/6161
f 5975/133/5736 5972/133/5736 5672/133/6162 5669/133/6162
f 6085/133/5653 6098/133/5652 6248/133/6163 6229/133/6101
f 5974/133/6164 5956/133/6164 5691/133/6164 5670/133/6164
f 6075/133/5664 6072/133/5663 6216/133/6165 6219/133/6166
f 6034/133/6167 6055/133/6167 6165/133/6167 6116/133/6167
f 5973/133/5744 5953/133/5743 5731/133/6168 5671/133/6168
f 6089/133/5671 6073/133/5607 6217/133/6151 6233/133/6143
f 6043/133/6169 6054/133/6169 6164/133/6169 6125/133/6169
f 6009/133/5668 6022/133/5715 6104/133/6170 5486/133/6145
f 5972/133/5754 6020/133/5753 5473/133/6171 5672/133/6171
f 6082/133/5681 6074/133/5680 6218/133/6118 6226/133/6093
f 5995/133/5648 6021/133/5587 6103/133/6111 5503/133/6138
f 5971/133/5762 5976/133/5761 5668/133/6172 5673/133/6172
f 6063/133/5688 6075/133/5664 6219/133/6166 6207/133/6117
f 5970/133/5773 5954/133/5772 5727/133/6173 5674/133/6173
f 6071/133/5696 6076/133/5695 6220/133/6144 6215/133/6174
f 5969/133/6175 5980/133/6175 5627/133/6175 5676/133/6175
f 6083/133/5700 6077/133/5699 6221/133/6130 6227/133/6176
f 5968/133/6177 5982/133/6177 5623/133/6177 5677/133/6177
f 6086/133/5704 6090/133/5621 6234/133/6156 6230/133/6178
f 6037/133/6179 6052/133/6179 6134/133/6179 6119/133/6179
f 6069/133/5634 6091/133/5707 6235/133/6102 6213/133/6158
f 6020/133/5724 5950/133/5723 5734/133/6180 5473/133/6180
f 6033/133/5731 6051/133/5730 6133/133/6181 6115/133/6181
f 6078/133/5685 6092/133/5635 6236/133/6159 6222/133/6150
f 6019/133/5734 5971/133/5733 5673/133/6182 5474/133/6182
f 6047/133/5738 6050/133/5738 6132/133/6183 6129/133/6183
f 5978/133/5582 5992/133/5741 5511/133/6092 5640/133/5561
f 6068/133/5713 6093/133/5712 6237/133/6184 6212/133/6185
f 6059/133/5612 6060/133/5717 6203/133/6140 6191/133/6120
f 6030/133/6186 6049/133/6186 6131/133/6186 6112/133/6186
f 5967/133/6187 5952/133/6187 5732/133/6187 5679/133/6187
f 6026/133/5747 6048/133/5746 6130/133/6188 6108/133/6188
f 6097/133/5751 6047/133/5750 6129/133/6189 6243/133/6189
f 5966/133/5803 5958/133/5802 5688/133/6190 5680/133/6190
f 6004/133/5570 6018/133/5756 5475/133/6191 5492/133/6105
f 6051/133/6192 6046/133/6192 6128/133/6192 6133/133/6192
f 6027/133/5770 6045/133/5769 6127/133/6193 6109/133/6193
f 6099/133/5719 6086/133/5704 6230/133/6178 6249/133/6194
f 6055/133/6195 6044/133/6195 6126/133/6195 6165/133/6195
f 6017/133/6196 5965/133/6196 5681/133/6196 5478/133/6196
f 6098/133/5652 6071/133/5696 6215/133/6174 6248/133/6163
f 6057/133/6197 6043/133/6197 6125/133/6197 6169/133/6197
f 5954/133/5816 5951/133/5816 5733/133/6198 5727/133/6198
f 6002/133/5783 5985/133/5782 5518/133/6199 5494/133/6200
f 6029/133/6201 5981/133/6201 5624/133/6201 6111/133/6201
f 6006/133/5659 5986/133/5785 5517/133/6202 5489/133/6141
f 5951/133/5830 5977/133/5829 5667/133/6203 5733/133/6203
f 6003/133/5791 5988/133/5790 5515/133/6204 5493/133/6205
f 5962/133/6206 5967/133/6206 5679/133/6206 5684/133/6206
f 6022/133/5715 5996/133/5603 5502/133/6116 6104/133/6170
f 5953/133/5842 5975/133/5841 5669/133/6207 5731/133/6207
f 6011/133/5793 6003/133/5791 5493/133/6205 5484/133/6208
f 6023/133/5758 6097/133/5751 6243/133/6209 6105/133/6209
f 6025/133/6210 6042/133/6210 6124/133/6210 6107/133/6210
f 5965/133/5846 5970/133/5846 5674/133/6211 5681/133/6211
f 6005/133/5630 5989/133/5798 5514/133/6212 5491/133/6127
f 6046/133/6213 6096/133/6213 6242/133/6213 6128/133/6213
f 6032/133/5806 6041/133/5805 6123/133/6214 6114/133/6214
f 5952/133/5853 5957/133/5852 5689/133/6215 5732/133/6215
f 6068/133/5776 6053/133/5613 6154/133/6121 6212/133/6155
f 6008/133/5586 6014/133/5677 5481/133/6146 5487/133/6110
f 5959/133/6216 5974/133/6216 5670/133/6216 5687/133/6216
f 6018/133/5756 6002/133/5783 5494/133/6200 5475/133/6191
f 5963/133/5865 5966/133/5864 5680/133/6217 5683/133/6217
f 5986/133/5785 5994/133/5571 5506/133/6106 5517/133/6202
f 5955/133/5598 5973/133/5871 5671/133/6218 5726/133/6219
f 5987/133/5639 5998/133/5631 5498/133/6128 5516/133/6133
f 6095/133/5787 6081/133/5643 6225/133/6161 6241/133/6107
f 5960/133/5875 6019/133/5874 5474/133/6220 5686/133/6220
f 6024/133/5814 6027/133/5814 6109/133/6221 6106/133/6221
f 5988/133/5790 5991/133/5818 5512/133/6222 5515/133/6204
f 5958/133/5581 5964/133/5580 5682/133/6223 5688/133/6223
f 6056/133/6224 6029/133/6224 6111/133/6224 6168/133/6224
f 6010/133/5824 6001/133/5660 5495/133/6142 5485/133/6225
f 5957/133/5599 5955/133/5598 5726/133/6219 5689/133/6226
f 6052/133/5827 6024/133/5826 6106/133/6227 6134/133/6227
f 5983/133/5583 5978/133/5582 5640/133/5561 5533/133/5464
f 6007/133/5834 5990/133/5833 5513/133/6228 5488/133/6229
f 6040/133/6230 6094/133/6230 6238/133/6230 6122/133/6230
f 6042/133/6231 6037/133/6231 6119/133/6231 6124/133/6231
f 5956/133/6232 5961/133/6232 5685/133/6232 5691/133/6232
f 5989/133/5798 6007/133/5834 5488/133/6229 5514/133/6212
f 6061/133/5590 6079/133/5800 6223/133/6108 6205/133/6147
f 6050/133/5839 6026/133/5838 6108/133/6233 6132/133/6233
f 5950/133/5627 5979/133/5626 5628/133/6234 5734/133/6234
f 6058/133/5847 5984/133/5702 5520/133/5481 6188/133/5480
f 6012/133/5616 6000/133/5649 5496/133/6139 5483/133/6122
f 6062/133/5808 6083/133/5700 6227/133/6176 6206/133/6112
f 6045/133/5844 6040/133/5844 6122/133/6235 6127/133/6235
f 5961/133/6236 5963/133/6236 5683/133/6236 5685/133/6236
f 5990/133/5833 6010/133/5824 5485/133/6225 5513/133/6228
f 6064/133/5812 6080/133/5811 6224/133/6237 6208/133/6124
f 6031/133/5850 6025/133/5849 6107/133/6238 6113/133/6238
f 5964/133/6239 6017/133/6239 5478/133/6239 5682/133/6239
f 5985/133/5782 6011/133/5793 5484/133/6208 5518/133/6199
f 6072/133/5663 6099/133/5719 6249/133/6194 6216/133/6165
f 6049/133/5856 6033/133/5855 6115/133/6240 6131/133/6240
f 5991/133/5818 5997/133/5617 5499/133/6123 5512/133/6222
f 6080/133/5811 6088/133/5591 6232/133/6148 6224/133/6237
f 6041/133/5862 6038/133/5861 6120/133/6241 6123/133/6241
f 5669/133/6242 5672/133/6243 5529/133/5565 5525/133/5564
f 5687/133/5483 5670/133/5466 5527/133/5469 5575/133/5484
f 5726/133/5510 5671/133/5498 5526/133/5501 5618/133/5511
f 5731/133/5499 5669/133/6242 5525/133/5564 5538/133/5500
f 5673/133/5451 5668/133/5482 5524/133/5485 5530/133/5452
f 5733/133/5518 5667/133/5490 5523/133/5491 5617/133/5519
f 6135/133/5525 5622/133/5524 5480/133/6099 6222/133/6150
f 5639/133/5529 5625/133/5528 5481/133/6146 5510/133/6100
f 5646/133/5527 5626/133/5526 5482/133/6091 5486/133/6145
f 5658/133/5539 5629/133/5555 5495/133/6142 5489/133/6141
f 5636/133/5562 5630/133/5559 5496/133/6139 5503/133/6138
f 5660/133/5551 5632/133/5567 5497/133/6115 5516/133/6133
f 5661/133/5545 5633/133/5552 5498/133/6128 5491/133/6127
f 5642/133/5558 5634/133/5560 5499/133/6123 5483/133/6122
f 5632/133/5567 5635/133/5566 5502/133/6116 5497/133/6115
f 5472/133/5563 5636/133/5562 5503/133/6138 6103/133/6111
f 5662/133/5548 5638/133/5550 5506/133/6106 5492/133/6105
f 5622/133/5524 5639/133/5529 5510/133/6100 5480/133/6099
f 5626/133/5526 5640/133/5561 5511/133/6092 5482/133/6091
f 5634/133/5560 5641/133/5553 5512/133/6222 5499/133/6123
f 5643/133/5544 5666/133/5533 5518/133/6199 5484/133/6208
f 5645/133/5554 5644/133/5557 5513/133/6228 5485/133/6225
f 5630/133/5559 5642/133/5558 5483/133/6122 5496/133/6139
f 5653/133/5556 5650/133/5546 5514/133/6212 5488/133/6229
f 5644/133/5557 5653/133/5556 5488/133/6229 5513/133/6228
f 5629/133/5555 5645/133/5554 5485/133/6225 5495/133/6142
f 5641/133/5553 5659/133/5542 5515/133/6204 5512/133/6222
f 5633/133/5552 5660/133/5551 5516/133/6133 5498/133/6128
f 5638/133/5550 5663/133/5540 5517/133/6202 5506/133/6106
f 5477/133/5549 5662/133/5548 5492/133/6105 5475/133/6191
f 5625/133/5528 5649/133/5547 5487/133/6110 5481/133/6146
f 5650/133/5546 5661/133/5545 5491/133/6127 5514/133/6212
f 5664/133/5541 5643/133/5544 5484/133/6208 5493/133/6205
f 6100/133/5543 5646/133/5527 5486/133/6145 6104/133/6170
f 5659/133/5542 5664/133/5541 5493/133/6205 5515/133/6204
f 5663/133/5540 5658/133/5539 5489/133/6141 5517/133/6202
f 5666/133/5533 5665/133/5532 5494/133/6200 5518/133/6199
f 5665/133/5532 5477/133/5549 5475/133/6191 5494/133/6200
f 5682/133/5520 5478/133/5504 5476/133/5505 5621/133/5521
f 5621/133/5521 5476/133/5505 5477/133/5549 5665/133/5532
f 5635/133/5566 6100/133/5543 6104/133/6170 5502/133/6116
f 5649/133/5547 5472/133/5563 6103/133/6111 5487/133/6110
f 5686/133/5507 5474/133/5450 6102/133/5453 5582/133/5508
f 5672/133/6243 5473/133/5514 6101/133/5517 5529/133/5565
f 5529/133/5565 6101/133/5517 6100/133/5543 5635/133/5566
f 5582/133/5508 6102/133/5453 5472/133/5563 5649/133/5547
f 6176/133/6244 6144/133/6245 6163/133/6246 6200/133/6247
f 6194/133/6248 6157/133/6249 6162/133/6250 6199/133/6251
f 6185/133/6252 6142/133/6253 6161/133/6254 6198/133/6255
f 6175/133/6256 6141/133/6257 6160/133/6258 6197/133/6259
f 6182/133/6260 6152/133/6261 6159/133/6262 6196/133/6263
f 6198/133/6255 6161/133/6254 6158/133/6264 6195/133/6265
f 6247/133/6266 6244/133/6267 6157/133/6249 6194/133/6248
f 6174/133/6268 6140/133/6269 6156/133/6270 6193/133/6271
f 6204/133/6272 6170/133/6273 6155/133/6274 6192/133/6275
f 6202/133/6276 6166/133/6277 6154/133/6121 6191/133/6120
f 6196/133/6263 6159/133/6262 6153/133/6278 6190/133/6279
f 6181/133/6280 6151/133/6281 6136/133/6282 6183/133/6283
f 6180/133/6284 6149/133/6285 6150/133/6286 6189/133/6287
f 6199/133/6251 6162/133/6250 6152/133/6261 6182/133/6260
f 6177/133/6288 6145/133/6289 6146/133/6290 6187/133/6291
f 6189/133/6287 6150/133/6286 6145/133/6289 6177/133/6288
f 6200/133/6247 6163/133/6246 6149/133/6285 6180/133/6284
f 6190/133/6279 6153/133/6278 6143/133/6292 6186/133/6293
f 6197/133/6259 6160/133/6258 6142/133/6253 6185/133/6252
f 6193/133/6271 6156/133/6270 6139/133/6294 6184/133/6295
f 6240/133/6296 6239/133/6297 6140/133/6269 6174/133/6268
f 6201/133/6298 6167/133/6299 6147/133/6300 6178/133/6301
f 6187/133/6291 6146/133/6290 6141/133/6257 6175/133/6256
f 6173/133/6302 6138/133/6303 6151/133/6281 6181/133/6280
f 6246/133/6304 6245/133/6305 6148/133/6306 6179/133/6307
f 6186/133/6293 6143/133/6292 6138/133/6303 6173/133/6302
f 6184/133/6295 6139/133/6294 6144/133/6245 6176/133/6244
f 6183/133/6283 6136/133/6282 6137/133/6308 6172/133/6309
f 6192/133/6275 6155/133/6274 6167/133/6299 6201/133/6298
f 6179/133/6307 6148/133/6306 6166/133/6277 6202/133/6276
f 6171/133/5523 6135/133/5525 6170/133/6273 6204/133/6272
f 6111/133/5522 6171/133/5523 6204/133/6272 6168/133/6310
f 6125/133/6311 6191/133/6120 6203/133/6140 6169/133/6312
f 6105/133/6313 6179/133/6307 6202/133/6276 6164/133/6314
f 6126/133/6315 6192/133/6275 6201/133/6298 6165/133/6316
f 6114/133/6317 6183/133/6283 6172/133/6309 6121/133/6318
f 6109/133/6319 6184/133/6295 6176/133/6244 6106/133/6320
f 6118/133/6321 6186/133/6293 6173/133/6302 6120/133/6322
f 6243/133/6323 6246/133/6304 6179/133/6307 6105/133/6313
f 6120/133/6322 6173/133/6302 6181/133/6280 6123/133/6324
f 6113/133/6325 6187/133/6291 6175/133/6256 6110/133/6326
f 6165/133/6316 6201/133/6298 6178/133/6301 6116/133/6327
f 6238/133/6328 6240/133/6296 6174/133/6268 6122/133/6329
f 6127/133/6330 6193/133/6271 6184/133/6295 6109/133/6319
f 6130/133/6331 6197/133/6259 6185/133/6252 6108/133/6332
f 6112/133/6333 6190/133/6279 6186/133/6293 6118/133/6321
f 6134/133/6334 6200/133/6247 6180/133/6284 6119/133/6335
f 6124/133/6336 6189/133/6287 6177/133/6288 6107/133/6337
f 6107/133/6337 6177/133/6288 6187/133/6291 6113/133/6325
f 6133/133/6338 6199/133/6251 6182/133/6260 6115/133/6339
f 6169/133/6312 6203/133/6140 6188/133/5480 6117/133/5479
f 6119/133/6335 6180/133/6284 6189/133/6287 6124/133/6336
f 6123/133/6324 6181/133/6280 6183/133/6283 6114/133/6317
f 6131/133/6340 6196/133/6263 6190/133/6279 6112/133/6333
f 6164/133/6314 6202/133/6276 6191/133/6120 6125/133/6311
f 6168/133/6310 6204/133/6272 6192/133/6275 6126/133/6315
f 6122/133/6329 6174/133/6268 6193/133/6271 6127/133/6330
f 6242/133/6341 6247/133/6266 6194/133/6248 6128/133/6342
f 6132/133/6343 6198/133/6255 6195/133/6265 6129/133/6344
f 6115/133/6339 6182/133/6260 6196/133/6263 6131/133/6340
f 6110/133/6326 6175/133/6256 6197/133/6259 6130/133/6331
f 6108/133/6332 6185/133/6252 6198/133/6255 6132/133/6343
f 6128/133/6342 6194/133/6248 6199/133/6251 6133/133/6338
f 6106/133/6320 6176/133/6244 6200/133/6247 6134/133/6334
f 6135/133/5525 6222/133/6150 6236/133/6159 6170/133/6273
f 6155/133/6274 6213/133/6158 6235/133/6102 6167/133/6299
f 6148/133/6306 6230/133/6178 6234/133/6156 6166/133/6277
f 6144/133/6245 6227/133/6176 6221/133/6130 6163/133/6246
f 6157/133/6249 6215/133/6174 6220/133/6144 6162/133/6250
f 6142/133/6253 6207/133/6117 6219/133/6166 6161/133/6254
f 6141/133/6257 6226/133/6093 6218/133/6118 6160/133/6258
f 6152/133/6261 6233/133/6143 6217/133/6151 6159/133/6262
f 6161/133/6254 6219/133/6166 6216/133/6165 6158/133/6264
f 6244/133/6267 6248/133/6163 6215/133/6174 6157/133/6249
f 6140/133/6269 6225/133/6161 6214/133/6113 6156/133/6270
f 6170/133/6273 6236/133/6159 6213/133/6158 6155/133/6274
f 6166/133/6277 6234/133/6156 6212/133/6155 6154/133/6121
f 6159/133/6262 6217/133/6151 6211/133/6125 6153/133/6278
f 6151/133/6281 6232/133/6148 6205/133/6147 6136/133/6282
f 6149/133/6285 6231/133/6129 6210/133/6135 6150/133/6286
f 6162/133/6250 6220/133/6144 6233/133/6143 6152/133/6261
f 6145/133/6289 6228/133/6134 6209/133/6094 6146/133/6290
f 6150/133/6286 6210/133/6135 6228/133/6134 6145/133/6289
f 6163/133/6246 6221/133/6130 6231/133/6129 6149/133/6285
f 6153/133/6278 6211/133/6125 6208/133/6124 6143/133/6292
f 6160/133/6258 6218/133/6118 6207/133/6117 6142/133/6253
f 6156/133/6270 6214/133/6113 6206/133/6112 6139/133/6294
f 6239/133/6297 6241/133/6107 6225/133/6161 6140/133/6269
f 6167/133/6299 6235/133/6102 6229/133/6101 6147/133/6300
f 6146/133/6290 6209/133/6094 6226/133/6093 6141/133/6257
f 6138/133/6303 6224/133/6237 6232/133/6148 6151/133/6281
f 6245/133/6305 6249/133/6194 6230/133/6178 6148/133/6306
f 6143/133/6292 6208/133/6124 6224/133/6237 6138/133/6303
f 6139/133/6294 6206/133/6112 6227/133/6176 6144/133/6245
f 6136/133/6282 6205/133/6147 6223/133/6108 6137/133/6308
f 6137/133/6308 6223/133/6108 6241/133/6107 6239/133/6297
f 6121/133/6318 6172/133/6309 6240/133/6296 6238/133/6328
f 6172/133/6309 6137/133/6308 6239/133/6297 6240/133/6296
f 6158/133/6264 6216/133/6165 6249/133/6194 6245/133/6305
f 6147/133/6300 6229/133/6101 6248/133/6163 6244/133/6267
f 6116/133/6327 6178/133/6301 6247/133/6266 6242/133/6341
f 6129/133/6344 6195/133/6265 6246/133/6304 6243/133/6323
f 6195/133/6265 6158/133/6264 6245/133/6305 6246/133/6304
f 6178/133/6301 6147/133/6300 6244/133/6267 6247/133/6266
f 6280/133/6345 6908/133/6346 6336/133/6347 6479/133/6348
f 6487/133/6349 6425/133/6350 6337/133/6351 6480/133/6352
f 6430/133/6353 6325/133/6354 6338/133/6355 6482/133/6356
f 6434/133/6357 6327/133/6358 6339/133/6359 6483/133/6360
f 6476/133/6361 6333/133/6362 6340/133/6363 6497/133/6364
f 6486/133/6365 6382/133/6366 6347/133/6367 6494/133/6368
f 6490/133/6369 6386/133/6370 6341/133/6371 6485/133/6372
f 6429/133/6373 6326/133/6374 6994/133/6375 6923/133/6376
f 6474/133/6377 6330/133/6378 6381/133/6379 6493/133/6380
f 6538/133/6381 6389/133/6382 6342/133/6383 6495/133/6384
f 6485/133/6372 6341/133/6371 6389/133/6382 6538/133/6381
f 6473/133/6385 6329/133/6386 6386/133/6370 6490/133/6369
f 6497/133/6364 6340/133/6363 6343/133/6387 6491/133/6388
f 6346/133/6389 6313/133/6390 6437/133/6391 6481/133/6392
f 6477/133/6393 6332/133/6394 6344/133/6395 6537/133/6396
f 6480/133/6352 6337/133/6351 6345/133/6397 6533/133/6398
f 6284/133/6399 6282/133/6400 6425/133/6350 6487/133/6349
f 6433/133/6401 6328/133/6402 6388/133/6403 6492/133/6404
f 6495/133/6384 6342/133/6383 6424/133/6405 6532/133/6406
f 6489/133/6407 6426/133/6408 6382/133/6366 6486/133/6365
f 6279/133/6409 6907/133/6410 6387/133/6411 6540/133/6412
f 6491/133/6388 6343/133/6387 6426/133/6408 6489/133/6407
f 6533/133/6398 6345/133/6397 6423/133/6413 6539/133/6414
f 6494/133/6368 6347/133/6367 6427/133/6415 6488/133/6416
f 6482/133/6356 6338/133/6355 6328/133/6402 6433/133/6401
f 6540/133/6412 6387/133/6411 6327/133/6358 6434/133/6357
f 6483/133/6360 6339/133/6359 6326/133/6374 6429/133/6373
f 6917/133/6417 6977/133/6418 6325/133/6354 6430/133/6353
f 6977/133/6418 6941/133/6419 6428/133/6420 6325/133/6354
f 6387/133/6411 6452/133/6421 6432/133/6422 6327/133/6358
f 6338/133/6355 6445/133/6423 6431/133/6424 6328/133/6402
f 6334/133/6425 6296/133/6426 6313/133/6390 6346/133/6389
f 6347/133/6367 6472/133/6427 6471/133/6428 6427/133/6415
f 6355/133/6429 6379/133/6430 6315/133/6431 6296/133/6426
f 6313/133/6390 6314/133/6432 6463/133/6433 6437/133/6391
f 6296/133/6426 6315/133/6431 6314/133/6432 6313/133/6390
f 6345/133/6397 6469/133/6434 6464/133/6435 6423/133/6413
f 6343/133/6387 6465/133/6436 6470/133/6437 6426/133/6408
f 6907/133/6410 6906/133/6438 6452/133/6421 6387/133/6411
f 6426/133/6408 6470/133/6437 6449/133/6439 6382/133/6366
f 6342/133/6383 6456/133/6440 6467/133/6441 6424/133/6405
f 6328/133/6402 6431/133/6424 6455/133/6442 6388/133/6403
f 6282/133/6400 6283/133/6443 6468/133/6444 6425/133/6350
f 6337/133/6351 6444/133/6445 6469/133/6434 6345/133/6397
f 6332/133/6394 6439/133/6446 6466/133/6447 6344/133/6395
f 6340/133/6363 6447/133/6448 6465/133/6436 6343/133/6387
f 6329/133/6386 6435/133/6449 6451/133/6450 6386/133/6370
f 6341/133/6371 6450/133/6451 6459/133/6452 6389/133/6382
f 6389/133/6382 6459/133/6452 6456/133/6440 6342/133/6383
f 6330/133/6378 6436/133/6453 6448/133/6454 6381/133/6379
f 6386/133/6370 6451/133/6450 6450/133/6451 6341/133/6371
f 6382/133/6366 6449/133/6439 6472/133/6427 6347/133/6367
f 6333/133/6362 6440/133/6455 6447/133/6448 6340/133/6363
f 6327/133/6358 6432/133/6422 6446/133/6456 6339/133/6359
f 6325/133/6354 6428/133/6420 6445/133/6423 6338/133/6355
f 6425/133/6350 6468/133/6444 6444/133/6445 6337/133/6351
f 6908/133/6346 6278/133/6457 6442/133/6458 6336/133/6347
f 6331/133/6459 6438/133/6460 6441/133/6461 6335/133/6462
f 6381/133/6379 6448/133/6454 6440/133/6455 6333/133/6362
f 6424/133/6405 6467/133/6441 6439/133/6446 6332/133/6394
f 6344/133/6395 6466/133/6447 6438/133/6460 6331/133/6459
f 6336/133/6347 6442/133/6458 6436/133/6453 6330/133/6378
f 6423/133/6413 6464/133/6435 6435/133/6449 6329/133/6386
f 6357/133/6463 6800/133/6464 6810/133/6465 6367/133/6466
f 6524/133/6467 6893/133/6468 6872/133/6469 6503/133/6470
f 6408/133/6471 6845/133/6471 6838/133/6471 6401/133/6471
f 6258/133/6472 6764/133/6472 6770/133/6472 6264/133/6472
f 6334/133/6425 6789/133/6473 6784/133/6474 6296/133/6426
f 6390/133/6475 6827/133/6476 6814/133/6477 6371/133/6478
f 6525/133/6479 6894/133/6480 6867/133/6481 6498/133/6482
f 6397/133/6483 6834/133/6484 6837/133/6485 6400/133/6485
f 6257/133/6486 6763/133/6486 6761/133/6487 6255/133/6488
f 6359/133/6489 6802/133/6490 6805/133/6491 6362/133/6492
f 6510/133/6493 6879/133/6494 6873/133/6495 6504/133/6496
f 6405/133/6497 6842/133/6497 6836/133/6497 6399/133/6497
f 6256/133/6498 6762/133/6498 6767/133/6498 6261/133/6498
f 6443/133/6499 6859/133/6500 6865/133/6501 6484/133/6502
f 6360/133/6503 6803/133/6504 6818/133/6505 6375/133/6506
f 6527/133/6507 6896/133/6508 6874/133/6509 6505/133/6510
f 6453/133/6511 6860/133/6511 6829/133/6511 6392/133/6511
f 6250/133/6512 6756/133/6512 6785/133/6512 6306/133/6512
f 6361/133/6513 6804/133/6514 6811/133/6515 6368/133/6516
f 6529/133/6517 6898/133/6518 6875/133/6519 6506/133/6520
f 6407/133/6521 6844/133/6521 6842/133/6521 6405/133/6521
f 6261/133/6522 6767/133/6522 6769/133/6522 6263/133/6522
f 6362/133/6492 6805/133/6491 6793/133/6523 6350/133/6524
f 6518/133/6525 6887/133/6526 6876/133/6527 6507/133/6528
f 6531/133/6529 6900/133/6529 6845/133/6529 6408/133/6529
f 6264/133/6530 6770/133/6530 6823/133/6530 6380/133/6530
f 6363/133/6531 6806/133/6532 6801/133/6533 6358/133/6534
f 6522/133/6535 6891/133/6536 6904/133/6537 6541/133/6538
f 6311/133/6539 6788/133/6539 6841/133/6539 6404/133/6539
f 6364/133/6540 6807/133/6541 6812/133/6542 6369/133/6543
f 6512/133/6544 6881/133/6545 6878/133/6546 6509/133/6547
f 6310/133/6548 6787/133/6548 6775/133/6548 6269/133/6548
f 6376/133/6549 6819/133/6550 6815/133/6551 6372/133/6552
f 6526/133/6553 6895/133/6554 6879/133/6494 6510/133/6493
f 6404/133/6555 6841/133/6555 6863/133/6555 6458/133/6555
f 6377/133/6556 6820/133/6557 6799/133/6558 6356/133/6559
f 6519/133/6560 6888/133/6561 6880/133/6562 6511/133/6563
f 6413/133/6564 6850/133/6564 6862/133/6564 6457/133/6564
f 6378/133/6565 6821/133/6566 6884/133/6567 6515/133/6568
f 6500/133/6569 6869/133/6570 6881/133/6545 6512/133/6544
f 6379/133/6571 6822/133/6572 6798/133/6573 6355/133/6574
f 6508/133/6575 6877/133/6576 6882/133/6577 6513/133/6578
f 6520/133/6579 6889/133/6580 6883/133/6581 6514/133/6582
f 6307/133/6583 6786/133/6583 6766/133/6583 6260/133/6583
f 6346/133/6389 6790/133/6584 6789/133/6473 6334/133/6425
f 6523/133/6585 6892/133/6586 6896/133/6508 6527/133/6507
f 6306/133/6587 6785/133/6587 6774/133/6587 6268/133/6587
f 6506/133/6520 6875/133/6519 6897/133/6588 6528/133/6589
f 6403/133/6590 6840/133/6590 6861/133/6590 6454/133/6590
f 6515/133/6568 6884/133/6567 6898/133/6518 6529/133/6517
f 6412/133/6591 6849/133/6591 6860/133/6591 6453/133/6591
f 6505/133/6592 6874/133/6593 6899/133/6594 6530/133/6595
f 6372/133/6552 6815/133/6551 6828/133/6596 6391/133/6597
f 6358/133/6534 6801/133/6533 6827/133/6476 6390/133/6475
f 6484/133/6502 6865/133/6501 6866/133/6598 6496/133/6599
f 6542/133/6600 6905/133/6601 6892/133/6586 6523/133/6585
f 6277/133/6602 6783/133/6602 6768/133/6602 6262/133/6602
f 6406/133/6603 6843/133/6603 6858/133/6603 6422/133/6603
f 6385/133/6604 6826/133/6605 6756/133/6606 6250/133/6606
f 6496/133/6599 6481/133/6392 6437/133/6391 6460/133/6607
f 6541/133/6538 6904/133/6537 6877/133/6576 6508/133/6575
f 6276/133/6608 6782/133/6608 6765/133/6608 6259/133/6608
f 6402/133/6609 6839/133/6609 6857/133/6609 6421/133/6609
f 6384/133/6610 6825/133/6610 6777/133/6610 6271/133/6610
f 6275/133/6611 6781/133/6611 6778/133/6611 6272/133/6611
f 6417/133/6612 6853/133/6612 6856/133/6612 6420/133/6612
f 6274/133/6613 6780/133/6613 6762/133/6613 6256/133/6613
f 6399/133/6614 6836/133/6614 6855/133/6614 6419/133/6614
f 6296/133/6426 6784/133/6474 6798/133/6615 6355/133/6429
f 6273/133/6616 6779/133/6616 6759/133/6616 6253/133/6616
f 6395/133/6617 6832/133/6617 6854/133/6617 6418/133/6617
f 6536/133/6618 6903/133/6619 6853/133/6620 6417/133/6620
f 6272/133/6621 6778/133/6621 6826/133/6605 6385/133/6604
f 6367/133/6466 6810/133/6465 6824/133/6622 6383/133/6623
f 6392/133/6624 6829/133/6624 6903/133/6619 6536/133/6618
f 6421/133/6625 6857/133/6625 6852/133/6625 6416/133/6625
f 6271/133/6626 6777/133/6626 6782/133/6626 6276/133/6626
f 6484/133/6502 6496/133/6599 6460/133/6607 6443/133/6499
f 6416/133/6627 6852/133/6627 6902/133/6627 6535/133/6627
f 6505/133/6628 6443/133/6499 6462/133/6629 6530/133/6630
f 6460/133/6607 6437/133/6391 6463/133/6433 6461/133/6631
f 6443/133/6499 6460/133/6607 6461/133/6631 6462/133/6629
f 6396/133/6632 6833/133/6632 6851/133/6632 6415/133/6632
f 6270/133/6633 6776/133/6633 6760/133/6633 6254/133/6633
f 6454/133/6634 6861/133/6634 6850/133/6634 6413/133/6634
f 6269/133/6635 6775/133/6635 6786/133/6635 6307/133/6635
f 6505/133/6628 6874/133/6636 6859/133/6500 6443/133/6499
f 6380/133/6637 6823/133/6637 6771/133/6637 6265/133/6637
f 6458/133/6638 6863/133/6638 6849/133/6638 6412/133/6638
f 6268/133/6639 6774/133/6639 6788/133/6639 6311/133/6639
f 6365/133/6640 6808/133/6641 6791/133/6642 6348/133/6643
f 6369/133/6543 6812/133/6542 6792/133/6644 6349/133/6645
f 6534/133/6646 6901/133/6647 6887/133/6526 6518/133/6525
f 6366/133/6648 6809/133/6649 6794/133/6650 6351/133/6651
f 6391/133/6597 6828/133/6596 6802/133/6490 6359/133/6489
f 6374/133/6652 6817/133/6653 6809/133/6649 6366/133/6648
f 6409/133/6654 6846/133/6654 6900/133/6654 6531/133/6654
f 6267/133/6655 6773/133/6655 6758/133/6655 6252/133/6655
f 6394/133/6656 6831/133/6656 6848/133/6656 6411/133/6656
f 6368/133/6516 6811/133/6515 6795/133/6657 6352/133/6658
f 6498/133/6482 6867/133/6481 6885/133/6659 6516/133/6660
f 6266/133/6661 6772/133/6661 6764/133/6661 6258/133/6661
f 6401/133/6662 6838/133/6662 6847/133/6662 6410/133/6662
f 6371/133/6478 6814/133/6477 6820/133/6557 6377/133/6556
f 6499/133/6663 6868/133/6664 6889/133/6580 6520/133/6579
f 6383/133/6623 6824/133/6622 6808/133/6641 6365/133/6640
f 6501/133/6665 6870/133/6666 6886/133/6667 6517/133/6668
f 6349/133/6645 6792/133/6644 6800/133/6464 6357/133/6463
f 6509/133/6547 6878/133/6546 6905/133/6601 6542/133/6600
f 6350/133/6524 6793/133/6523 6804/133/6514 6361/133/6513
f 6517/133/6668 6886/133/6667 6894/133/6480 6525/133/6479
f 6393/133/6669 6830/133/6669 6833/133/6669 6396/133/6669
f 6254/133/6670 6760/133/6670 6757/133/6670 6251/133/6670
f 6351/133/6651 6794/133/6650 6797/133/6671 6354/133/6672
f 6502/133/6673 6871/133/6674 6888/133/6561 6519/133/6560
f 6457/133/6675 6862/133/6675 6835/133/6675 6398/133/6675
f 6398/133/6676 6835/133/6676 6787/133/6676 6310/133/6676
f 6373/133/6677 6816/133/6678 6807/133/6541 6364/133/6540
f 6528/133/6589 6897/133/6588 6891/133/6536 6522/133/6535
f 6422/133/6679 6858/133/6679 6830/133/6679 6393/133/6679
f 6251/133/6680 6757/133/6680 6783/133/6680 6277/133/6680
f 6370/133/6681 6813/133/6682 6796/133/6683 6353/133/6684
f 6516/133/6660 6885/133/6659 6901/133/6647 6534/133/6646
f 6411/133/6685 6848/133/6685 6843/133/6685 6406/133/6685
f 6262/133/6686 6768/133/6686 6773/133/6686 6267/133/6686
f 6352/133/6658 6795/133/6657 6813/133/6682 6370/133/6681
f 6507/133/6528 6876/133/6527 6868/133/6664 6499/133/6663
f 6420/133/6687 6856/133/6687 6832/133/6687 6395/133/6687
f 6253/133/6688 6759/133/6688 6781/133/6688 6275/133/6688
f 6375/133/6506 6818/133/6505 6806/133/6532 6363/133/6531
f 6511/133/6563 6880/133/6562 6869/133/6570 6500/133/6569
f 6415/133/6689 6851/133/6689 6846/133/6689 6409/133/6689
f 6265/133/6690 6771/133/6690 6776/133/6690 6270/133/6690
f 6481/133/6392 6864/133/6691 6790/133/6584 6346/133/6389
f 6353/133/6684 6796/133/6683 6816/133/6678 6373/133/6677
f 6504/133/6496 6873/133/6495 6870/133/6666 6501/133/6665
f 6400/133/6692 6837/133/6692 6831/133/6692 6394/133/6692
f 6252/133/6693 6758/133/6693 6763/133/6693 6257/133/6693
f 6348/133/6643 6791/133/6642 6817/133/6653 6374/133/6652
f 6514/133/6582 6883/133/6581 6893/133/6468 6524/133/6467
f 6419/133/6694 6855/133/6694 6839/133/6694 6402/133/6694
f 6259/133/6695 6765/133/6695 6780/133/6695 6274/133/6695
f 6354/133/6672 6797/133/6671 6803/133/6504 6360/133/6503
f 6503/133/6470 6872/133/6469 6890/133/6696 6521/133/6697
f 6410/133/6698 6847/133/6698 6844/133/6698 6407/133/6698
f 6263/133/6699 6769/133/6699 6772/133/6699 6266/133/6699
f 6355/133/6700 6798/133/6701 6819/133/6550 6376/133/6549
f 6521/133/6697 6890/133/6696 6871/133/6674 6502/133/6673
f 6418/133/6702 6854/133/6702 6834/133/6484 6397/133/6483
f 6255/133/6488 6761/133/6487 6779/133/6703 6273/133/6703
f 6356/133/6559 6799/133/6558 6821/133/6566 6378/133/6565
f 6513/133/6578 6882/133/6577 6895/133/6554 6526/133/6553
f 6535/133/6704 6902/133/6704 6840/133/6704 6403/133/6704
f 6260/133/6705 6766/133/6705 6825/133/6705 6384/133/6705
f 6496/133/6599 6866/133/6598 6864/133/6691 6481/133/6392
f 6365/133/6640 6560/133/6706 6575/133/6707 6383/133/6623
f 6510/133/6493 6590/133/6708 6606/133/6709 6526/133/6553
f 6518/133/6525 6598/133/6710 6611/133/6711 6534/133/6646
f 6377/133/6556 6572/133/6712 6566/133/6713 6371/133/6478
f 6509/133/6547 6589/133/6714 6592/133/6715 6512/133/6544
f 6352/133/6658 6547/133/6716 6563/133/6717 6368/133/6516
f 6355/133/6700 6550/133/6718 6574/133/6719 6379/133/6720
f 6541/133/6538 6612/133/6721 6602/133/6722 6522/133/6535
f 6366/133/6648 6561/133/6723 6569/133/6724 6374/133/6652
f 6515/133/6568 6595/133/6725 6573/133/6726 6378/133/6565
f 6507/133/6528 6587/133/6727 6598/133/6710 6518/133/6525
f 6359/133/6489 6554/133/6728 6577/133/6729 6391/133/6597
f 6506/133/6520 6586/133/6730 6609/133/6731 6529/133/6517
f 6356/133/6559 6551/133/6732 6572/133/6712 6377/133/6556
f 6351/133/6651 6546/133/6733 6561/133/6723 6366/133/6648
f 6505/133/6510 6585/133/6734 6607/133/6735 6527/133/6507
f 6372/133/6552 6567/133/6736 6571/133/6737 6376/133/6549
f 6349/133/6645 6544/133/6738 6564/133/6739 6369/133/6543
f 6504/133/6496 6584/133/6740 6590/133/6708 6510/133/6493
f 6369/133/6543 6564/133/6739 6559/133/6741 6364/133/6540
f 6348/133/6643 6543/133/6742 6560/133/6706 6365/133/6640
f 6498/133/6482 6578/133/6743 6605/133/6744 6525/133/6479
f 6358/133/6534 6553/133/6745 6558/133/6746 6363/133/6531
f 6503/133/6470 6583/133/6747 6604/133/6748 6524/133/6467
f 6350/133/6524 6545/133/6749 6557/133/6750 6362/133/6492
f 6526/133/6553 6606/133/6709 6593/133/6751 6513/133/6578
f 6368/133/6516 6563/133/6717 6556/133/6752 6361/133/6513
f 6502/133/6673 6582/133/6753 6601/133/6754 6521/133/6697
f 6375/133/6506 6570/133/6755 6555/133/6756 6360/133/6503
f 6508/133/6575 6588/133/6757 6612/133/6721 6541/133/6538
f 6383/133/6623 6575/133/6707 6562/133/6758 6367/133/6466
f 6521/133/6697 6601/133/6754 6583/133/6747 6503/133/6470
f 6362/133/6492 6557/133/6750 6554/133/6728 6359/133/6489
f 6523/133/6585 6603/133/6759 6613/133/6760 6542/133/6600
f 6524/133/6467 6604/133/6748 6594/133/6761 6514/133/6582
f 6371/133/6478 6566/133/6713 6576/133/6762 6390/133/6475
f 6501/133/6665 6581/133/6763 6584/133/6740 6504/133/6496
f 6367/133/6466 6562/133/6758 6552/133/6764 6357/133/6463
f 6500/133/6569 6580/133/6765 6591/133/6766 6511/133/6563
f 6378/133/6565 6573/133/6726 6551/133/6732 6356/133/6559
f 6499/133/6663 6579/133/6767 6587/133/6727 6507/133/6528
f 6376/133/6549 6571/133/6737 6550/133/6718 6355/133/6700
f 6534/133/6646 6611/133/6711 6596/133/6768 6516/133/6660
f 6360/133/6503 6555/133/6756 6549/133/6769 6354/133/6672
f 6522/133/6535 6602/133/6722 6608/133/6770 6528/133/6589
f 6374/133/6652 6569/133/6724 6543/133/6742 6348/133/6643
f 6519/133/6560 6599/133/6771 6582/133/6753 6502/133/6673
f 6373/133/6677 6568/133/6772 6548/133/6773 6353/133/6684
f 6530/133/6774 6610/133/6775 6585/133/6734 6505/133/6510
f 6525/133/6479 6605/133/6744 6597/133/6776 6517/133/6668
f 6363/133/6531 6558/133/6746 6570/133/6755 6375/133/6506
f 6529/133/6517 6609/133/6731 6595/133/6725 6515/133/6568
f 6542/133/6600 6613/133/6760 6589/133/6714 6509/133/6547
f 6370/133/6681 6565/133/6777 6547/133/6716 6352/133/6658
f 6528/133/6589 6608/133/6770 6586/133/6730 6506/133/6520
f 6390/133/6475 6576/133/6762 6553/133/6745 6358/133/6534
f 6517/133/6668 6597/133/6776 6581/133/6763 6501/133/6665
f 6353/133/6684 6548/133/6773 6565/133/6777 6370/133/6681
f 6527/133/6507 6607/133/6735 6603/133/6759 6523/133/6585
f 6391/133/6597 6577/133/6729 6567/133/6736 6372/133/6552
f 6520/133/6579 6600/133/6778 6579/133/6767 6499/133/6663
f 6364/133/6540 6559/133/6741 6568/133/6772 6373/133/6677
f 6514/133/6582 6594/133/6761 6600/133/6778 6520/133/6579
f 6516/133/6660 6596/133/6768 6578/133/6743 6498/133/6482
f 6354/133/6672 6549/133/6769 6546/133/6733 6351/133/6651
f 6513/133/6578 6593/133/6751 6588/133/6757 6508/133/6575
f 6361/133/6513 6556/133/6752 6545/133/6749 6350/133/6524
f 6512/133/6544 6592/133/6715 6580/133/6765 6500/133/6569
f 6357/133/6463 6552/133/6764 6544/133/6738 6349/133/6645
f 6511/133/6563 6591/133/6766 6599/133/6771 6519/133/6560
f 6576/133/6762 6647/133/6779 6624/133/6780 6553/133/6745
f 6563/133/6717 6634/133/6781 6627/133/6782 6556/133/6752
f 6602/133/6722 6673/133/6783 6679/133/6784 6608/133/6770
f 6577/133/6729 6648/133/6785 6638/133/6786 6567/133/6736
f 6570/133/6755 6641/133/6787 6626/133/6788 6555/133/6756
f 6599/133/6771 6670/133/6789 6653/133/6790 6582/133/6753
f 6610/133/6775 6681/133/6791 6656/133/6792 6585/133/6734
f 6557/133/6750 6628/133/6793 6625/133/6794 6554/133/6728
f 6605/133/6744 6676/133/6795 6668/133/6796 6597/133/6776
f 6609/133/6731 6680/133/6797 6666/133/6798 6595/133/6725
f 6566/133/6713 6637/133/6799 6647/133/6779 6576/133/6762
f 6613/133/6760 6684/133/6800 6660/133/6801 6589/133/6714
f 6608/133/6770 6679/133/6784 6657/133/6802 6586/133/6730
f 6562/133/6758 6633/133/6803 6623/133/6804 6552/133/6764
f 6597/133/6776 6668/133/6796 6652/133/6805 6581/133/6763
f 6607/133/6735 6678/133/6806 6674/133/6807 6603/133/6759
f 6573/133/6726 6644/133/6808 6622/133/6809 6551/133/6732
f 6600/133/6778 6671/133/6810 6650/133/6811 6579/133/6767
f 6594/133/6761 6665/133/6812 6671/133/6810 6600/133/6778
f 6571/133/6737 6642/133/6813 6621/133/6814 6550/133/6718
f 6596/133/6768 6667/133/6815 6649/133/6816 6578/133/6743
f 6593/133/6751 6664/133/6817 6659/133/6818 6588/133/6757
f 6555/133/6756 6626/133/6788 6620/133/6819 6549/133/6769
f 6598/133/6710 6669/133/6820 6682/133/6821 6611/133/6711
f 6592/133/6715 6663/133/6822 6651/133/6823 6580/133/6765
f 6569/133/6724 6640/133/6824 6614/133/6825 6543/133/6742
f 6588/133/6757 6659/133/6818 6683/133/6826 6612/133/6721
f 6591/133/6766 6662/133/6827 6670/133/6789 6599/133/6771
f 6568/133/6772 6639/133/6828 6619/133/6829 6548/133/6773
f 6603/133/6759 6674/133/6807 6684/133/6800 6613/133/6760
f 6590/133/6708 6661/133/6830 6677/133/6831 6606/133/6709
f 6558/133/6746 6629/133/6832 6641/133/6787 6570/133/6755
f 6589/133/6714 6660/133/6801 6663/133/6822 6592/133/6715
f 6565/133/6777 6636/133/6833 6618/133/6834 6547/133/6716
f 6612/133/6721 6683/133/6826 6673/133/6783 6602/133/6722
f 6548/133/6773 6619/133/6829 6636/133/6833 6565/133/6777
f 6587/133/6727 6658/133/6835 6669/133/6820 6598/133/6710
f 6559/133/6741 6630/133/6836 6639/133/6828 6568/133/6772
f 6586/133/6730 6657/133/6802 6680/133/6797 6609/133/6731
f 6549/133/6769 6620/133/6819 6617/133/6837 6546/133/6733
f 6585/133/6734 6656/133/6792 6678/133/6806 6607/133/6735
f 6556/133/6752 6627/133/6782 6616/133/6838 6545/133/6749
f 6584/133/6740 6655/133/6839 6661/133/6830 6590/133/6708
f 6552/133/6764 6623/133/6804 6615/133/6840 6544/133/6738
f 6578/133/6743 6649/133/6816 6676/133/6795 6605/133/6744
f 6560/133/6706 6631/133/6841 6646/133/6842 6575/133/6707
f 6583/133/6747 6654/133/6843 6675/133/6844 6604/133/6748
f 6572/133/6712 6643/133/6845 6637/133/6799 6566/133/6713
f 6606/133/6709 6677/133/6831 6664/133/6817 6593/133/6751
f 6547/133/6716 6618/133/6834 6634/133/6781 6563/133/6717
f 6550/133/6718 6621/133/6814 6645/133/6846 6574/133/6719
f 6582/133/6753 6653/133/6790 6672/133/6847 6601/133/6754
f 6561/133/6723 6632/133/6848 6640/133/6824 6569/133/6724
f 6595/133/6725 6666/133/6798 6644/133/6808 6573/133/6726
f 6601/133/6754 6672/133/6847 6654/133/6843 6583/133/6747
f 6554/133/6728 6625/133/6794 6648/133/6785 6577/133/6729
f 6551/133/6732 6622/133/6809 6643/133/6845 6572/133/6712
f 6604/133/6748 6675/133/6844 6665/133/6812 6594/133/6761
f 6546/133/6733 6617/133/6837 6632/133/6848 6561/133/6723
f 6567/133/6736 6638/133/6786 6642/133/6813 6571/133/6737
f 6581/133/6763 6652/133/6805 6655/133/6839 6584/133/6740
f 6544/133/6738 6615/133/6840 6635/133/6849 6564/133/6739
f 6564/133/6739 6635/133/6849 6630/133/6836 6559/133/6741
f 6580/133/6765 6651/133/6823 6662/133/6827 6591/133/6766
f 6543/133/6742 6614/133/6825 6631/133/6841 6560/133/6706
f 6553/133/6745 6624/133/6780 6629/133/6832 6558/133/6746
f 6579/133/6767 6650/133/6811 6658/133/6835 6587/133/6727
f 6575/133/6707 6646/133/6842 6633/133/6803 6562/133/6758
f 6545/133/6749 6616/133/6838 6628/133/6793 6557/133/6750
f 6611/133/6711 6682/133/6821 6667/133/6815 6596/133/6768
f 6623/133/6804 6694/133/6850 6686/133/6851 6615/133/6840
f 6649/133/6816 6720/133/6852 6747/133/6853 6676/133/6795
f 6631/133/6841 6702/133/6854 6717/133/6855 6646/133/6842
f 6654/133/6843 6725/133/6856 6746/133/6857 6675/133/6844
f 6643/133/6845 6714/133/6858 6708/133/6859 6637/133/6799
f 6677/133/6831 6748/133/6860 6735/133/6861 6664/133/6817
f 6618/133/6834 6689/133/6862 6705/133/6863 6634/133/6781
f 6621/133/6814 6692/133/6864 6716/133/6865 6645/133/6846
f 6653/133/6790 6724/133/6866 6743/133/6867 6672/133/6847
f 6632/133/6848 6703/133/6868 6711/133/6869 6640/133/6824
f 6666/133/6798 6737/133/6870 6715/133/6871 6644/133/6808
f 6672/133/6847 6743/133/6867 6725/133/6856 6654/133/6843
f 6625/133/6794 6696/133/6872 6719/133/6873 6648/133/6785
f 6622/133/6809 6693/133/6874 6714/133/6858 6643/133/6845
f 6675/133/6844 6746/133/6857 6736/133/6875 6665/133/6812
f 6617/133/6837 6688/133/6876 6703/133/6868 6632/133/6848
f 6638/133/6786 6709/133/6877 6713/133/6878 6642/133/6813
f 6652/133/6805 6723/133/6879 6726/133/6880 6655/133/6839
f 6615/133/6840 6686/133/6851 6706/133/6881 6635/133/6849
f 6635/133/6849 6706/133/6881 6701/133/6882 6630/133/6836
f 6651/133/6823 6722/133/6883 6733/133/6884 6662/133/6827
f 6614/133/6825 6685/133/6885 6702/133/6854 6631/133/6841
f 6624/133/6780 6695/133/6886 6700/133/6887 6629/133/6832
f 6650/133/6811 6721/133/6888 6729/133/6889 6658/133/6835
f 6646/133/6842 6717/133/6855 6704/133/6890 6633/133/6803
f 6616/133/6838 6687/133/6891 6699/133/6892 6628/133/6793
f 6682/133/6821 6753/133/6893 6738/133/6894 6667/133/6815
f 6647/133/6779 6718/133/6895 6695/133/6886 6624/133/6780
f 6634/133/6781 6705/133/6863 6698/133/6896 6627/133/6782
f 6673/133/6783 6744/133/6897 6750/133/6898 6679/133/6784
f 6648/133/6785 6719/133/6873 6709/133/6877 6638/133/6786
f 6641/133/6787 6712/133/6899 6697/133/6900 6626/133/6788
f 6670/133/6789 6741/133/6901 6724/133/6866 6653/133/6790
f 6681/133/6791 6752/133/6902 6727/133/6903 6656/133/6792
f 6628/133/6793 6699/133/6892 6696/133/6872 6625/133/6794
f 6676/133/6795 6747/133/6853 6739/133/6904 6668/133/6796
f 6680/133/6797 6751/133/6905 6737/133/6870 6666/133/6798
f 6637/133/6799 6708/133/6859 6718/133/6895 6647/133/6779
f 6684/133/6800 6755/133/6906 6731/133/6907 6660/133/6801
f 6679/133/6784 6750/133/6898 6728/133/6908 6657/133/6802
f 6633/133/6803 6704/133/6890 6694/133/6850 6623/133/6804
f 6668/133/6796 6739/133/6904 6723/133/6879 6652/133/6805
f 6678/133/6806 6749/133/6909 6745/133/6910 6674/133/6807
f 6644/133/6808 6715/133/6871 6693/133/6874 6622/133/6809
f 6671/133/6810 6742/133/6911 6721/133/6888 6650/133/6811
f 6665/133/6812 6736/133/6875 6742/133/6911 6671/133/6810
f 6642/133/6813 6713/133/6878 6692/133/6864 6621/133/6814
f 6667/133/6815 6738/133/6894 6720/133/6852 6649/133/6816
f 6664/133/6817 6735/133/6861 6730/133/6912 6659/133/6818
f 6626/133/6788 6697/133/6900 6691/133/6913 6620/133/6819
f 6669/133/6820 6740/133/6914 6753/133/6893 6682/133/6821
f 6663/133/6822 6734/133/6915 6722/133/6883 6651/133/6823
f 6640/133/6824 6711/133/6869 6685/133/6885 6614/133/6825
f 6659/133/6818 6730/133/6912 6754/133/6916 6683/133/6826
f 6662/133/6827 6733/133/6884 6741/133/6901 6670/133/6789
f 6639/133/6828 6710/133/6917 6690/133/6918 6619/133/6829
f 6674/133/6807 6745/133/6910 6755/133/6906 6684/133/6800
f 6661/133/6830 6732/133/6919 6748/133/6860 6677/133/6831
f 6629/133/6832 6700/133/6887 6712/133/6899 6641/133/6787
f 6660/133/6801 6731/133/6907 6734/133/6915 6663/133/6822
f 6636/133/6833 6707/133/6920 6689/133/6862 6618/133/6834
f 6683/133/6826 6754/133/6916 6744/133/6897 6673/133/6783
f 6619/133/6829 6690/133/6918 6707/133/6920 6636/133/6833
f 6658/133/6835 6729/133/6889 6740/133/6914 6669/133/6820
f 6630/133/6836 6701/133/6882 6710/133/6917 6639/133/6828
f 6657/133/6802 6728/133/6908 6751/133/6905 6680/133/6797
f 6620/133/6819 6691/133/6913 6688/133/6876 6617/133/6837
f 6656/133/6792 6727/133/6903 6749/133/6909 6678/133/6806
f 6627/133/6782 6698/133/6896 6687/133/6891 6616/133/6838
f 6655/133/6839 6726/133/6880 6732/133/6919 6661/133/6830
f 6798/133/6701 6317/133/6921 6288/133/6922 6819/133/6550
f 6871/133/6674 7015/133/6923 7032/133/6924 6888/133/6561
f 6788/133/6925 6429/133/6925 6923/133/6925 6841/133/6925
f 6854/133/6926 6936/133/6926 6916/133/6926 6834/133/6926
f 6799/133/6558 6316/133/6927 6286/133/6928 6821/133/6566
f 6897/133/6588 7041/133/6929 7035/133/6930 6891/133/6536
f 6787/133/6931 6430/133/6931 6482/133/6931 6775/133/6931
f 6902/133/6932 7048/133/6932 6922/133/6932 6840/133/6932
f 6800/133/6464 6312/133/6933 6298/133/6934 6810/133/6465
f 6885/133/6659 7029/133/6935 7047/133/6936 6901/133/6647
f 6845/133/6937 6927/133/6937 6920/133/6937 6838/133/6937
f 6827/133/6476 6909/133/6938 6293/133/6939 6814/133/6477
f 6876/133/6527 7020/133/6940 7012/133/6941 6868/133/6664
f 6834/133/6942 6916/133/6942 6919/133/6942 6837/133/6942
f 6802/133/6490 6308/133/6943 6303/133/6944 6805/133/6491
f 6880/133/6562 7024/133/6945 7013/133/6946 6869/133/6570
f 6842/133/6947 6924/133/6947 6918/133/6947 6836/133/6947
f 6859/133/6500 6960/133/6948 6997/133/6949 6865/133/6501
f 6803/133/6504 6305/133/6950 6289/133/6951 6818/133/6505
f 6873/133/6495 7017/133/6952 7014/133/6953 6870/133/6666
f 6860/133/6954 6970/133/6954 6911/133/6955 6829/133/6956
f 6804/133/6514 6304/133/6957 6297/133/6958 6811/133/6515
f 6883/133/6581 7027/133/6959 7037/133/6960 6893/133/6468
f 6786/133/6961 6433/133/6961 6492/133/6961 6766/133/6961
f 6844/133/6962 6926/133/6962 6924/133/6962 6842/133/6962
f 6805/133/6491 6303/133/6944 6322/133/6963 6793/133/6523
f 6872/133/6469 7016/133/6964 7034/133/6965 6890/133/6696
f 6785/133/6966 6434/133/6966 6483/133/6966 6774/133/6966
f 6900/133/6967 7044/133/6967 6927/133/6967 6845/133/6967
f 6806/133/6532 6302/133/6968 6309/133/6969 6801/133/6533
f 6890/133/6696 7034/133/6965 7015/133/6923 6871/133/6674
f 6866/133/6598 7009/133/6970 6994/133/6375 6864/133/6691
f 6807/133/6541 6301/133/6971 6295/133/6972 6812/133/6542
f 6882/133/6577 7026/133/6973 7039/133/6974 6895/133/6554
f 6819/133/6550 6288/133/6922 6292/133/6975 6815/133/6551
f 6893/133/6468 7037/133/6960 7016/133/6964 6872/133/6469
f 6820/133/6557 6287/133/6976 6316/133/6927 6799/133/6558
f 6894/133/6480 7038/133/6977 7011/133/6978 6867/133/6481
f 6841/133/6979 6923/133/6979 6975/133/6979 6863/133/6979
f 6821/133/6566 6286/133/6928 7028/133/6980 6884/133/6567
f 6879/133/6494 7023/133/6981 7017/133/6952 6873/133/6495
f 6850/133/6982 6932/133/6982 6974/133/6982 6862/133/6982
f 6822/133/6572 6285/133/6983 6317/133/6984 6798/133/6573
f 6896/133/6508 7040/133/6985 7018/133/6986 6874/133/6509
f 6790/133/6584 6326/133/6374 6339/133/6359 6789/133/6473
f 6783/133/6987 6473/133/6987 6490/133/6987 6768/133/6987
f 6898/133/6518 7042/133/6988 7019/133/6989 6875/133/6519
f 6782/133/6990 6474/133/6990 6493/133/6990 6765/133/6990
f 6887/133/6526 7031/133/6991 7020/133/6940 6876/133/6527
f 6781/133/6992 6475/133/6992 6478/133/6993 6778/133/6994
f 6891/133/6536 7035/133/6930 7054/133/6995 6904/133/6537
f 6780/133/6996 6476/133/6996 6497/133/6996 6762/133/6996
f 6881/133/6545 7025/133/6997 7022/133/6998 6878/133/6546
f 6840/133/6999 6922/133/6999 6971/133/6999 6861/133/6999
f 6779/133/7000 6477/133/7000 6537/133/7000 6759/133/7000
f 6895/133/6554 7039/133/6974 7023/133/6981 6879/133/6494
f 6849/133/7001 6931/133/7001 6970/133/7001 6860/133/7001
f 6815/133/6551 6292/133/6975 6910/133/7002 6828/133/6596
f 6778/133/6994 6478/133/6993 6279/133/7003 6826/133/7004
f 6888/133/6561 7032/133/6924 7024/133/6945 6880/133/6562
f 6801/133/6533 6309/133/6969 6909/133/6938 6827/133/6476
f 6777/133/7005 6479/133/7005 6474/133/7005 6782/133/7005
f 6869/133/6570 7013/133/6946 7025/133/6997 6881/133/6545
f 6776/133/7006 6480/133/7006 6533/133/7006 6760/133/7006
f 6877/133/6576 7021/133/7007 7026/133/6973 6882/133/6577
f 6775/133/7008 6482/133/7008 6433/133/7008 6786/133/7008
f 6889/133/6580 7033/133/7009 7027/133/6959 6883/133/6581
f 6774/133/7010 6483/133/7010 6429/133/7010 6788/133/7010
f 6892/133/6586 7036/133/7011 7040/133/6985 6896/133/6508
f 6843/133/7012 6925/133/7012 6940/133/7012 6858/133/7012
f 6875/133/6519 7019/133/6989 7041/133/6929 6897/133/6588
f 6826/133/7004 6279/133/7003 6540/133/7013 6756/133/7014
f 6839/133/7015 6921/133/7015 6939/133/7015 6857/133/7015
f 6884/133/6567 7028/133/6980 7042/133/6988 6898/133/6518
f 6825/133/7016 6280/133/7016 6479/133/7016 6777/133/7016
f 6853/133/7017 6935/133/7018 6938/133/7019 6856/133/7019
f 6784/133/6474 6446/133/6456 6317/133/6921 6798/133/6615
f 6874/133/6593 7018/133/7020 7043/133/7021 6899/133/6594
f 6865/133/6501 6997/133/6949 7009/133/6970 6866/133/6598
f 6836/133/7022 6918/133/7022 6937/133/7022 6855/133/7022
f 6773/133/7023 6485/133/7023 6538/133/7023 6758/133/7023
f 6832/133/7024 6914/133/7024 6936/133/7024 6854/133/7024
f 6903/133/7025 7049/133/7026 6935/133/7018 6853/133/7017
f 6772/133/7027 6486/133/7027 6494/133/7027 6764/133/7027
f 6810/133/6465 6298/133/6934 6281/133/7028 6824/133/6622
f 6857/133/7029 6939/133/7029 6934/133/7029 6852/133/7029
f 6833/133/7030 6915/133/7030 6933/133/7030 6851/133/7030
f 6905/133/6601 7055/133/7031 7036/133/7011 6892/133/6586
f 6861/133/7032 6971/133/7032 6932/133/7032 6850/133/7032
f 6823/133/7033 6284/133/7033 6487/133/7033 6771/133/7033
f 6904/133/6537 7054/133/6995 7021/133/7007 6877/133/6576
f 6863/133/7034 6975/133/7034 6931/133/7034 6849/133/7034
f 6760/133/7035 6533/133/7035 6539/133/7035 6757/133/7035
f 6808/133/6641 6300/133/7036 6324/133/7037 6791/133/6642
f 6835/133/7038 6917/133/7038 6430/133/7038 6787/133/7038
f 6812/133/6542 6295/133/6972 6323/133/7039 6792/133/6644
f 6757/133/7040 6539/133/7040 6473/133/7040 6783/133/7040
f 6809/133/6649 6299/133/7041 6321/133/7042 6794/133/6650
f 6768/133/7043 6490/133/7043 6485/133/7043 6773/133/7043
f 6828/133/6596 6910/133/7002 6308/133/6943 6802/133/6490
f 6759/133/7044 6537/133/7044 6475/133/7044 6781/133/7044
f 6817/133/6653 6290/133/7045 6299/133/7041 6809/133/6649
f 6829/133/6956 6911/133/6955 7049/133/7026 6903/133/7025
f 6831/133/7046 6913/133/7046 6930/133/7046 6848/133/7046
f 6771/133/7047 6487/133/7047 6480/133/7047 6776/133/7047
f 6811/133/6515 6297/133/6958 6320/133/7048 6795/133/6657
f 6852/133/7049 6934/133/7049 7048/133/7049 6902/133/7049
f 6838/133/7050 6920/133/7050 6929/133/7050 6847/133/7050
f 6758/133/7051 6538/133/7051 6495/133/7051 6763/133/7051
f 6874/133/6636 7018/133/6986 6960/133/6948 6859/133/6500
f 6814/133/6477 6293/133/6939 6287/133/6976 6820/133/6557
f 6765/133/7052 6493/133/7052 6476/133/7052 6780/133/7052
f 6824/133/6622 6281/133/7028 6300/133/7036 6808/133/6641
f 6769/133/7053 6489/133/7053 6486/133/7053 6772/133/7053
f 6792/133/6644 6323/133/7039 6312/133/6933 6800/133/6464
f 6761/133/7054 6532/133/7054 6477/133/7054 6779/133/7054
f 6793/133/6523 6322/133/6963 6304/133/6957 6804/133/6514
f 6901/133/6647 7047/133/6936 7031/133/6991 6887/133/6526
f 6766/133/7055 6492/133/7055 6280/133/7055 6825/133/7055
f 6830/133/7056 6912/133/7056 6915/133/7056 6833/133/7056
f 6794/133/6650 6321/133/7042 6318/133/7057 6797/133/6671
f 6764/133/7058 6494/133/7058 6488/133/7058 6770/133/7058
f 6862/133/7059 6974/133/7059 6917/133/7059 6835/133/7059
f 6816/133/6678 6291/133/7060 6301/133/6971 6807/133/6541
f 6763/133/7061 6495/133/7061 6532/133/7061 6761/133/7061
f 6858/133/7062 6940/133/7062 6912/133/7062 6830/133/7062
f 6789/133/6473 6339/133/6359 6446/133/6456 6784/133/6474
f 6813/133/6682 6294/133/7063 6319/133/7064 6796/133/6683
f 6846/133/7065 6928/133/7065 7044/133/7065 6900/133/7065
f 6848/133/7066 6930/133/7066 6925/133/7066 6843/133/7066
f 6762/133/7067 6497/133/7067 6491/133/7067 6767/133/7067
f 6795/133/6657 6320/133/7048 6294/133/7063 6813/133/6682
f 6867/133/6481 7011/133/6978 7029/133/6935 6885/133/6659
f 6856/133/7068 6938/133/7068 6914/133/7068 6832/133/7068
f 6756/133/7014 6540/133/7013 6434/133/7069 6785/133/7069
f 6864/133/6691 6994/133/6375 6326/133/6374 6790/133/6584
f 6818/133/6505 6289/133/6951 6302/133/6968 6806/133/6532
f 6868/133/6664 7012/133/6941 7033/133/7009 6889/133/6580
f 6851/133/7070 6933/133/7070 6928/133/7070 6846/133/7070
f 6767/133/7071 6491/133/7071 6489/133/7071 6769/133/7071
f 6796/133/6683 6319/133/7064 6291/133/7060 6816/133/6678
f 6870/133/6666 7014/133/6953 7030/133/7072 6886/133/6667
f 6837/133/7073 6919/133/7073 6913/133/7073 6831/133/7073
f 6770/133/7074 6488/133/7074 6284/133/7074 6823/133/7074
f 6791/133/6642 6324/133/7037 6290/133/7045 6817/133/6653
f 6878/133/6546 7022/133/6998 7055/133/7031 6905/133/6601
f 6855/133/7075 6937/133/7075 6921/133/7075 6839/133/7075
f 6797/133/6671 6318/133/7057 6305/133/6950 6803/133/6504
f 6886/133/6667 7030/133/7072 7038/133/6977 6894/133/6480
f 6847/133/7076 6929/133/7076 6926/133/7076 6844/133/7076
f 6475/133/7077 6331/133/6459 6335/133/6462 6478/133/7078
f 6493/133/6380 6381/133/6379 6333/133/6362 6476/133/6361
f 6532/133/6406 6424/133/6405 6332/133/6394 6477/133/6393
f 6537/133/6396 6344/133/6395 6331/133/6459 6475/133/7077
f 6479/133/6348 6336/133/6347 6330/133/6378 6474/133/6377
f 6539/133/6414 6423/133/6413 6329/133/6386 6473/133/6385
f 6941/133/6419 7028/133/6980 6286/133/6928 6428/133/6420
f 6445/133/6423 6316/133/6927 6287/133/6976 6431/133/6424
f 6452/133/6421 6292/133/6975 6288/133/6922 6432/133/6422
f 6464/133/6435 6295/133/6972 6301/133/6971 6435/133/6449
f 6442/133/6458 6309/133/6969 6302/133/6968 6436/133/6453
f 6466/133/6447 6322/133/6963 6303/133/6944 6438/133/6460
f 6467/133/6441 6297/133/6958 6304/133/6957 6439/133/6446
f 6448/133/6454 6289/133/6951 6305/133/6950 6440/133/6455
f 6438/133/6460 6303/133/6944 6308/133/6943 6441/133/6461
f 6278/133/6457 6909/133/6938 6309/133/6969 6442/133/6458
f 6468/133/6444 6298/133/6934 6312/133/6933 6444/133/6445
f 6428/133/6420 6286/133/6928 6316/133/6927 6445/133/6423
f 6432/133/6422 6288/133/6922 6317/133/6921 6446/133/6456
f 6440/133/6455 6305/133/6950 6318/133/7057 6447/133/6448
f 6449/133/6439 6290/133/7045 6324/133/7037 6472/133/6427
f 6451/133/6450 6291/133/7060 6319/133/7064 6450/133/6451
f 6436/133/6453 6302/133/6968 6289/133/6951 6448/133/6454
f 6459/133/6452 6294/133/7063 6320/133/7048 6456/133/6440
f 6450/133/6451 6319/133/7064 6294/133/7063 6459/133/6452
f 6435/133/6449 6301/133/6971 6291/133/7060 6451/133/6450
f 6447/133/6448 6318/133/7057 6321/133/7042 6465/133/6436
f 6439/133/6446 6304/133/6957 6322/133/6963 6466/133/6447
f 6444/133/6445 6312/133/6933 6323/133/7039 6469/133/6434
f 6283/133/6443 6281/133/7028 6298/133/6934 6468/133/6444
f 6431/133/6424 6287/133/6976 6293/133/6939 6455/133/6442
f 6456/133/6440 6320/133/7048 6297/133/6958 6467/133/6441
f 6470/133/6437 6299/133/7041 6290/133/7045 6449/133/6439
f 6906/133/6438 6910/133/7002 6292/133/6975 6452/133/6421
f 6465/133/6436 6321/133/7042 6299/133/7041 6470/133/6437
f 6469/133/6434 6323/133/7039 6295/133/6972 6464/133/6435
f 6472/133/6427 6324/133/7037 6300/133/7036 6471/133/6428
f 6471/133/6428 6300/133/7036 6281/133/7028 6283/133/6443
f 6488/133/6416 6427/133/6415 6282/133/6400 6284/133/6399
f 6427/133/6415 6471/133/6428 6283/133/6443 6282/133/6400
f 6441/133/6461 6308/133/6943 6910/133/7002 6906/133/6438
f 6455/133/6442 6293/133/6939 6909/133/6938 6278/133/6457
f 6492/133/6404 6388/133/6403 6908/133/6346 6280/133/6345
f 6478/133/7078 6335/133/6462 6907/133/6410 6279/133/6409
f 6335/133/6462 6441/133/6461 6906/133/6438 6907/133/6410
f 6388/133/6403 6455/133/6442 6278/133/6457 6908/133/6346
f 6982/133/7079 7006/133/7080 6969/133/7081 6950/133/7082
f 7000/133/7083 7005/133/7084 6968/133/7085 6963/133/7086
f 6991/133/7087 7004/133/7088 6967/133/7089 6948/133/7090
f 6981/133/7091 7003/133/7092 6966/133/7093 6947/133/7094
f 6988/133/7095 7002/133/7096 6965/133/7097 6958/133/7098
f 7004/133/7088 7001/133/7099 6964/133/7100 6967/133/7089
f 7053/133/7101 7000/133/7083 6963/133/7086 7050/133/7102
f 6980/133/7103 6999/133/7104 6962/133/7105 6946/133/7106
f 7010/133/7107 6998/133/7108 6961/133/7109 6976/133/7110
f 7008/133/7111 6997/133/6949 6960/133/6948 6972/133/7112
f 7002/133/7096 6996/133/7113 6959/133/7114 6965/133/7097
f 6987/133/7115 6989/133/7116 6942/133/7117 6957/133/7118
f 6986/133/7119 6995/133/7120 6956/133/7121 6955/133/7122
f 7005/133/7084 6988/133/7095 6958/133/7098 6968/133/7085
f 6983/133/7123 6993/133/7124 6952/133/7125 6951/133/7126
f 6995/133/7120 6983/133/7123 6951/133/7126 6956/133/7121
f 7006/133/7080 6986/133/7119 6955/133/7122 6969/133/7081
f 6996/133/7113 6992/133/7127 6949/133/7128 6959/133/7114
f 7003/133/7092 6991/133/7087 6948/133/7090 6966/133/7093
f 6999/133/7104 6990/133/7129 6945/133/7130 6962/133/7105
f 7046/133/7131 6980/133/7103 6946/133/7106 7045/133/7132
f 7007/133/7133 6984/133/7134 6953/133/7135 6973/133/7136
f 6993/133/7124 6981/133/7091 6947/133/7094 6952/133/7125
f 6979/133/7137 6987/133/7115 6957/133/7118 6944/133/7138
f 7052/133/7139 6985/133/7140 6954/133/7141 7051/133/7142
f 6992/133/7127 6979/133/7137 6944/133/7138 6949/133/7128
f 6990/133/7129 6982/133/7079 6950/133/7082 6945/133/7130
f 6989/133/7116 6978/133/7143 6943/133/7144 6942/133/7117
f 6998/133/7108 7007/133/7133 6973/133/7136 6961/133/7109
f 6985/133/7140 7008/133/7111 6972/133/7112 6954/133/7141
f 6977/133/6418 7010/133/7107 6976/133/7110 6941/133/6419
f 6917/133/6417 6974/133/7145 7010/133/7107 6977/133/6418
f 6931/133/7146 6975/133/7147 7009/133/6970 6997/133/6949
f 6911/133/7148 6970/133/7149 7008/133/7111 6985/133/7140
f 6932/133/7150 6971/133/7151 7007/133/7133 6998/133/7108
f 6920/133/7152 6927/133/7153 6978/133/7143 6989/133/7116
f 6915/133/7154 6912/133/7155 6982/133/7079 6990/133/7129
f 6924/133/7156 6926/133/7157 6979/133/7137 6992/133/7127
f 7049/133/7158 6911/133/7148 6985/133/7140 7052/133/7139
f 6926/133/7157 6929/133/7159 6987/133/7115 6979/133/7137
f 6919/133/7160 6916/133/7161 6981/133/7091 6993/133/7124
f 6971/133/7151 6922/133/7162 6984/133/7134 7007/133/7133
f 7044/133/7163 6928/133/7164 6980/133/7103 7046/133/7131
f 6933/133/7165 6915/133/7154 6990/133/7129 6999/133/7104
f 6936/133/7166 6914/133/7167 6991/133/7087 7003/133/7092
f 6918/133/7168 6924/133/7156 6992/133/7127 6996/133/7113
f 6940/133/7169 6925/133/7170 6986/133/7119 7006/133/7080
f 6930/133/7171 6913/133/7172 6983/133/7123 6995/133/7120
f 6913/133/7172 6919/133/7160 6993/133/7124 6983/133/7123
f 6939/133/7173 6921/133/7174 6988/133/7095 7005/133/7084
f 6975/133/7147 6923/133/6376 6994/133/6375 7009/133/6970
f 6925/133/7170 6930/133/7171 6995/133/7120 6986/133/7119
f 6929/133/7159 6920/133/7152 6989/133/7116 6987/133/7115
f 6937/133/7175 6918/133/7168 6996/133/7113 7002/133/7096
f 6970/133/7149 6931/133/7146 6997/133/6949 7008/133/7111
f 6974/133/7145 6932/133/7150 6998/133/7108 7010/133/7107
f 6928/133/7164 6933/133/7165 6999/133/7104 6980/133/7103
f 7048/133/7176 6934/133/7177 7000/133/7083 7053/133/7101
f 6938/133/7178 6935/133/7179 7001/133/7099 7004/133/7088
f 6921/133/7174 6937/133/7175 7002/133/7096 6988/133/7095
f 6916/133/7161 6936/133/7166 7003/133/7092 6981/133/7091
f 6914/133/7167 6938/133/7178 7004/133/7088 6991/133/7087
f 6934/133/7177 6939/133/7173 7005/133/7084 7000/133/7083
f 6912/133/7155 6940/133/7169 7006/133/7080 6982/133/7079
f 6941/133/6419 6976/133/7110 7042/133/6988 7028/133/6980
f 6961/133/7109 6973/133/7136 7041/133/6929 7019/133/6989
f 6954/133/7141 6972/133/7112 7040/133/6985 7036/133/7011
f 6950/133/7082 6969/133/7081 7027/133/6959 7033/133/7009
f 6963/133/7086 6968/133/7085 7026/133/6973 7021/133/7007
f 6948/133/7090 6967/133/7089 7025/133/6997 7013/133/6946
f 6947/133/7094 6966/133/7093 7024/133/6945 7032/133/6924
f 6958/133/7098 6965/133/7097 7023/133/6981 7039/133/6974
f 6967/133/7089 6964/133/7100 7022/133/6998 7025/133/6997
f 7050/133/7102 6963/133/7086 7021/133/7007 7054/133/6995
f 6946/133/7106 6962/133/7105 7020/133/6940 7031/133/6991
f 6976/133/7110 6961/133/7109 7019/133/6989 7042/133/6988
f 6972/133/7112 6960/133/6948 7018/133/6986 7040/133/6985
f 6965/133/7097 6959/133/7114 7017/133/6952 7023/133/6981
f 6957/133/7118 6942/133/7117 7011/133/6978 7038/133/6977
f 6955/133/7122 6956/133/7121 7016/133/6964 7037/133/6960
f 6968/133/7085 6958/133/7098 7039/133/6974 7026/133/6973
f 6951/133/7126 6952/133/7125 7015/133/6923 7034/133/6965
f 6956/133/7121 6951/133/7126 7034/133/6965 7016/133/6964
f 6969/133/7081 6955/133/7122 7037/133/6960 7027/133/6959
f 6959/133/7114 6949/133/7128 7014/133/6953 7017/133/6952
f 6966/133/7093 6948/133/7090 7013/133/6946 7024/133/6945
f 6962/133/7105 6945/133/7130 7012/133/6941 7020/133/6940
f 7045/133/7132 6946/133/7106 7031/133/6991 7047/133/6936
f 6973/133/7136 6953/133/7135 7035/133/6930 7041/133/6929
f 6952/133/7125 6947/133/7094 7032/133/6924 7015/133/6923
f 6944/133/7138 6957/133/7118 7038/133/6977 7030/133/7072
f 7051/133/7142 6954/133/7141 7036/133/7011 7055/133/7031
f 6949/133/7128 6944/133/7138 7030/133/7072 7014/133/6953
f 6945/133/7130 6950/133/7082 7033/133/7009 7012/133/6941
f 6942/133/7117 6943/133/7144 7029/133/6935 7011/133/6978
f 6943/133/7144 7045/133/7132 7047/133/6936 7029/133/6935
f 6927/133/7153 7044/133/7163 7046/133/7131 6978/133/7143
f 6978/133/7143 7046/133/7131 7045/133/7132 6943/133/7144
f 6964/133/7100 7051/133/7142 7055/133/7031 7022/133/6998
f 6953/133/7135 7050/133/7102 7054/133/6995 7035/133/6930
f 6922/133/7162 7048/133/7176 7053/133/7101 6984/133/7134
f 6935/133/7179 7049/133/7158 7052/133/7139 7001/133/7099
f 7001/133/7099 7052/133/7139 7051/133/7142 6964/133/7100
f 6984/133/7134 7053/133/7101 7050/133/7102 6953/133/7135
f 5574/133/7180 5458/133/7180 6264/133/7180 6380/133/7180
f 5457/133/7181 5455/133/7181 6261/133/7181 6263/133/7181
f 5500/133/7182 5444/133/7182 6250/133/7182 6306/133/7182
f 5455/133/7183 5450/133/7183 6256/133/7183 6261/133/7183
f 5449/133/7184 5451/133/7184 6257/133/7184 6255/133/7184
f 5458/133/7185 5452/133/7185 6258/133/7185 6264/133/7185
f 5578/133/7186 5454/133/7186 6260/133/7186 6384/133/7186
f 5467/133/7187 5449/133/7187 6255/133/7187 6273/133/7187
f 5460/133/7188 5457/133/7188 6263/133/7188 6266/133/7188
f 5468/133/7189 5453/133/7189 6259/133/7189 6274/133/7189
f 5451/133/7190 5446/133/7190 6252/133/7190 6257/133/7190
f 5464/133/7191 5459/133/7191 6265/133/7191 6270/133/7191
f 5469/133/7192 5447/133/7192 6253/133/7192 6275/133/7192
f 5461/133/7193 5456/133/7193 6262/133/7193 6267/133/7193
f 5471/133/7194 5445/133/7194 6251/133/7194 6277/133/7194
f 5504/133/7195 5592/133/7195 6398/133/7195 6310/133/7195
f 5445/133/7196 5448/133/7196 6254/133/7196 6251/133/7196
f 5452/133/7197 5460/133/7197 6266/133/7197 6258/133/7197
f 5446/133/7198 5461/133/7198 6267/133/7198 6252/133/7198
f 5505/133/7199 5462/133/7199 6268/133/7199 6311/133/7199
f 5501/133/7200 5463/133/7200 6269/133/7200 6307/133/7200
f 5448/133/7201 5464/133/7201 6270/133/7201 6254/133/7201
f 5470/133/7202 5465/133/7202 6271/133/7202 6276/133/7202
f 5579/133/7203 5466/133/7203 6272/133/7203 6385/133/7203
f 5447/133/7204 5467/133/7204 6273/133/7204 6253/133/7204
f 5450/133/7205 5468/133/7205 6274/133/7205 6256/133/7205
f 5466/133/7206 5469/133/7206 6275/133/7206 6272/133/7206
f 5453/133/7207 5470/133/7207 6276/133/7207 6259/133/7207
f 5456/133/7208 5471/133/7208 6277/133/7208 6262/133/7208
f 5462/133/7209 5500/133/7209 6306/133/7209 6268/133/7209
f 5454/133/7210 5501/133/7210 6307/133/7210 6260/133/7210
f 5463/133/7211 5504/133/7211 6310/133/7211 6269/133/7211
f 5598/133/7212 5505/133/7212 6311/133/7212 6404/133/7212
f 5508/133/5538 5657/133/5537 6463/133/6433 6314/133/6432
f 5509/133/5535 5508/133/5538 6314/133/6432 6315/133/6431
f 5573/133/5536 5509/133/5535 6315/133/6431 6379/133/6430
f 5459/133/7213 5574/133/7213 6380/133/7213 6265/133/7213
f 5465/133/7214 5578/133/7214 6384/133/7214 6271/133/7214
f 5444/133/7215 5579/133/7215 6385/133/7215 6250/133/7215
f 5602/133/7216 5725/133/7216 6531/133/7216 6408/133/7216
f 5599/133/7217 5601/133/7217 6407/133/7217 6405/133/7217
f 5586/133/7218 5647/133/7218 6453/133/7218 6392/133/7218
f 5593/133/7219 5599/133/7219 6405/133/7219 6399/133/7219
f 5594/133/7220 5591/133/7220 6397/133/7220 6400/133/7220
f 5595/133/7221 5602/133/7221 6408/133/7221 6401/133/7221
f 5597/133/7222 5729/133/7222 6535/133/7222 6403/133/7222
f 5591/133/7223 5612/133/7223 6418/133/7223 6397/133/7223
f 5601/133/7224 5604/133/7224 6410/133/7224 6407/133/7224
f 5596/133/7225 5613/133/7225 6419/133/7225 6402/133/7225
f 5588/133/7226 5594/133/7226 6400/133/7226 6394/133/7226
f 5603/133/7227 5609/133/7227 6415/133/7227 6409/133/7227
f 5589/133/7228 5614/133/7228 6420/133/7228 6395/133/7228
f 5600/133/7229 5605/133/7229 6411/133/7229 6406/133/7229
f 5587/133/7230 5616/133/7230 6422/133/7230 6393/133/7230
f 5592/133/7231 5651/133/7231 6457/133/7231 6398/133/7231
f 5590/133/7232 5587/133/7232 6393/133/7232 6396/133/7232
f 5604/133/7233 5595/133/7233 6401/133/7233 6410/133/7233
f 5605/133/7234 5588/133/7234 6394/133/7234 6411/133/7234
f 5606/133/7235 5652/133/7235 6458/133/7235 6412/133/7235
f 5607/133/7236 5648/133/7236 6454/133/7236 6413/133/7236
f 5609/133/7237 5590/133/7237 6396/133/7237 6415/133/7237
f 5610/133/7238 5615/133/7238 6421/133/7238 6416/133/7238
f 5611/133/7239 5730/133/7239 6536/133/7239 6417/133/7239
f 5612/133/7240 5589/133/7240 6395/133/7240 6418/133/7240
f 5613/133/7241 5593/133/7241 6399/133/7241 6419/133/7241
f 5614/133/7242 5611/133/7242 6417/133/7242 6420/133/7242
f 5615/133/7243 5596/133/7243 6402/133/7243 6421/133/7243
f 5616/133/7244 5600/133/7244 6406/133/7244 6422/133/7244
f 5573/133/5689 6016/133/5692 6822/133/6572 6379/133/6571
f 6093/133/5712 5724/133/5711 6530/133/6595 6899/133/6594
f 5647/133/7245 5606/133/7245 6412/133/7245 6453/133/7245
f 5648/133/7246 5597/133/7246 6403/133/7246 6454/133/7246
f 5651/133/7247 5607/133/7247 6413/133/7247 6457/133/7247
f 5652/133/7248 5598/133/7248 6404/133/7248 6458/133/7248
f 5657/133/5537 5655/133/5767 6461/133/6631 6463/133/6433
f 5655/133/5767 5656/133/5766 6462/133/6629 6461/133/6631
f 5656/133/5766 5724/133/5765 6530/133/6630 6462/133/6629
f 5725/133/7249 5603/133/7249 6409/133/7249 6531/133/7249
f 5729/133/7250 5610/133/7250 6416/133/7250 6535/133/7250
f 5730/133/7251 5586/133/7251 6392/133/7251 6536/133/7251
f 5768/133/5889 5573/133/5888 6379/133/6720 6574/133/6719
f 5724/133/5944 5804/133/5945 6610/133/6775 6530/133/6774
f 5804/133/5945 5875/133/5962 6681/133/6791 6610/133/6775
f 5839/133/6016 5768/133/5889 6574/133/6719 6645/133/6846
f 5886/133/6035 5910/133/6034 6716/133/6865 6692/133/6864
f 5931/133/6041 5909/133/6040 6715/133/6871 6737/133/6870
f 5887/133/6044 5908/133/6029 6714/133/6858 6693/133/6874
f 5903/133/6048 5907/133/6047 6713/133/6878 6709/133/6877
f 5900/133/6051 5895/133/6052 6701/133/6882 6706/133/6881
f 5889/133/6057 5894/133/6056 6700/133/6887 6695/133/6886
f 5881/133/6062 5893/133/6061 6699/133/6892 6687/133/6891
f 5899/133/6032 5892/133/6066 6698/133/6896 6705/133/6863
f 5906/133/6070 5891/133/6069 6697/133/6900 6712/133/6899
f 5893/133/6061 5890/133/6043 6696/133/6872 6699/133/6892
f 5902/133/6028 5912/133/6065 6718/133/6895 6708/133/6859
f 5898/133/6060 5888/133/6021 6694/133/6850 6704/133/6890
f 5909/133/6040 5887/133/6044 6693/133/6874 6715/133/6871
f 5907/133/6047 5886/133/6035 6692/133/6864 6713/133/6878
f 5891/133/6069 5885/133/6083 6691/133/6913 6697/133/6900
f 5905/133/6038 5879/133/6055 6685/133/6885 6711/133/6869
f 5904/133/6088 5884/133/6087 6690/133/6918 6710/133/6917
f 5894/133/6056 5906/133/6070 6712/133/6899 6700/133/6887
f 5901/133/6090 5883/133/6033 6689/133/6862 6707/133/6920
f 5884/133/6087 5901/133/6090 6707/133/6920 6690/133/6918
f 5895/133/6052 5904/133/6088 6710/133/6917 6701/133/6882
f 5885/133/6083 5882/133/6046 6688/133/6876 6691/133/6913
f 5892/133/6066 5881/133/6062 6687/133/6891 6698/133/6896
f 5888/133/6021 5880/133/6020 6686/133/6851 6694/133/6850
f 5896/133/6025 5911/133/6024 6717/133/6855 6702/133/6854
f 5908/133/6029 5902/133/6028 6708/133/6859 6714/133/6858
f 5883/133/6033 5899/133/6032 6705/133/6863 6689/133/6862
f 5897/133/6039 5905/133/6038 6711/133/6869 6703/133/6868
f 5890/133/6043 5913/133/6042 6719/133/6873 6696/133/6872
f 5882/133/6046 5897/133/6039 6703/133/6868 6688/133/6876
f 5880/133/6020 5900/133/6051 6706/133/6881 6686/133/6851
f 5879/133/6055 5896/133/6025 6702/133/6854 6685/133/6885
f 5911/133/6024 5898/133/6060 6704/133/6890 6717/133/6855
f 5912/133/6065 5889/133/6057 6695/133/6886 6718/133/6895
f 5913/133/6042 5903/133/6048 6709/133/6877 6719/133/6873
f 5946/133/6073 5921/133/6072 6727/133/6903 6752/133/6902
f 5945/133/6075 5931/133/6041 6737/133/6870 6751/133/6905
f 5944/133/6067 5922/133/6078 6728/133/6908 6750/133/6898
f 5943/133/6080 5939/133/6079 6745/133/6910 6749/133/6909
f 5930/133/6045 5936/133/6081 6742/133/6911 6736/133/6875
f 5929/133/6030 5924/133/6082 6730/133/6912 6735/133/6861
f 5928/133/6085 5916/133/6054 6722/133/6883 6734/133/6915
f 5927/133/6053 5935/133/6071 6741/133/6901 6733/133/6884
f 5926/133/6089 5942/133/6031 6748/133/6860 6732/133/6919
f 5925/133/6076 5928/133/6085 6734/133/6915 6731/133/6907
f 5948/133/6086 5938/133/6068 6744/133/6897 6754/133/6916
f 5923/133/6058 5934/133/6084 6740/133/6914 6729/133/6889
f 5922/133/6078 5945/133/6075 6751/133/6905 6728/133/6908
f 5921/133/6072 5943/133/6080 6749/133/6909 6727/133/6903
f 5920/133/6049 5926/133/6089 6732/133/6919 6726/133/6880
f 5914/133/6023 5941/133/6022 6747/133/6853 6720/133/6852
f 5919/133/6027 5940/133/6026 6746/133/6857 6725/133/6856
f 5942/133/6031 5929/133/6030 6735/133/6861 6748/133/6860
f 5918/133/6037 5937/133/6036 6743/133/6867 6724/133/6866
f 5937/133/6036 5919/133/6027 6725/133/6856 6743/133/6867
f 5940/133/6026 5930/133/6045 6736/133/6875 6746/133/6857
f 5917/133/6050 5920/133/6049 6726/133/6880 6723/133/6879
f 5916/133/6054 5927/133/6053 6733/133/6884 6722/133/6883
f 5915/133/6059 5923/133/6058 6729/133/6889 6721/133/6888
f 5947/133/6064 5932/133/6063 6738/133/6894 6753/133/6893
f 5938/133/6068 5944/133/6067 6750/133/6898 6744/133/6897
f 5935/133/6071 5918/133/6037 6724/133/6866 6741/133/6901
f 5941/133/6022 5933/133/6074 6739/133/6904 6747/133/6853
f 5949/133/6077 5925/133/6076 6731/133/6907 6755/133/6906
f 5933/133/6074 5917/133/6050 6723/133/6879 6739/133/6904
f 5936/133/6081 5915/133/6059 6721/133/6888 6742/133/6911
f 5932/133/6063 5914/133/6023 6720/133/6852 6738/133/6894
f 5934/133/6084 5947/133/6064 6753/133/6893 6740/133/6914
f 5924/133/6082 5948/133/6086 6754/133/6916 6730/133/6912
f 5939/133/6079 5949/133/6077 6755/133/6906 6745/133/6910
f 5910/133/6034 5839/133/6016 6645/133/6846 6716/133/6865
f 5875/133/5962 5946/133/6073 6752/133/6902 6681/133/6791
f 6016/133/5692 5479/133/6154 6285/133/6983 6822/133/6572
f 6237/133/6184 6093/133/5712 6899/133/6594 7043/133/7021
f 5479/133/6154 5511/133/6153 6317/133/6984 6285/133/6983
f 6212/133/6185 6237/133/6184 7043/133/7021 7018/133/7020
f 7104/133/7252 7088/133/7253 7059/133/7254 7096/133/7255
f 7100/133/7256 7069/133/7257 7132/133/7258 7124/133/7259
f 7061/133/7260 7146/133/7261 7172/133/7262 7150/133/7263
f 7099/133/7264 7075/133/7265 7057/133/7266 7095/133/7267
f 7086/133/7268 7126/133/7269 7123/133/7270 7074/133/7271
f 7085/133/7272 7083/133/7273 7057/133/7266 7075/133/7265
f 7120/133/7274 7085/133/7272 7075/133/7265 7121/133/7275
f 7128/133/7276 7092/133/7277 7076/133/7278 7129/133/7279
f 7092/133/7277 7088/133/7253 7066/133/7280 7076/133/7278
f 7081/133/7281 7086/133/7268 7074/133/7271 7056/133/7282
f 7090/133/7283 7093/133/7284 7077/133/7285 7064/133/7286
f 7093/133/7284 7119/133/7287 7127/133/7288 7077/133/7285
f 7109/133/7289 7078/133/7290 7065/133/7291 7108/133/7292
f 7122/133/7293 7131/133/7294 7078/133/7290 7109/133/7289
f 7130/133/7295 7121/133/7275 7075/133/7265 7099/133/7264
f 7142/133/7296 7143/133/7297 7169/133/7298 7168/133/7299
f 7140/133/7300 7063/133/7301 7152/133/7302 7166/133/7303
f 7141/133/7304 7140/133/7300 7166/133/7303 7167/133/7305
f 7111/133/7306 7079/133/7307 7125/133/7308 7117/133/7309
f 7105/133/7310 7067/133/7311 7079/133/7307 7111/133/7306
f 7096/133/7255 7059/133/7254 7069/133/7257 7100/133/7256
f 7115/133/7312 7094/133/7313 7067/133/7311 7105/133/7310
f 7113/133/7314 7087/133/7315 7080/133/7316 7112/133/7317
f 7102/133/7318 7083/133/7273 7066/133/7280 7101/133/7319
f 7095/133/7267 7057/133/7266 7083/133/7273 7102/133/7318
f 7108/133/7292 7065/133/7291 7087/133/7315 7113/133/7314
f 7063/133/7301 7144/133/7320 7170/133/7321 7152/133/7302
f 7064/133/7286 7077/133/7285 7086/133/7268 7081/133/7281
f 7129/133/7279 7076/133/7278 7085/133/7272 7120/133/7274
f 7076/133/7278 7066/133/7280 7083/133/7273 7085/133/7272
f 7077/133/7285 7127/133/7288 7126/133/7269 7086/133/7268
f 7138/133/7322 7060/133/7323 7149/133/7324 7165/133/7325
f 7112/133/7317 7080/133/7316 7094/133/7313 7115/133/7312
f 7143/133/7297 7135/133/7326 7163/133/7327 7169/133/7298
f 7136/133/7328 7061/133/7260 7150/133/7263 7164/133/7329
f 7068/133/7330 7118/133/7331 7119/133/7287 7093/133/7284
f 7058/133/7332 7068/133/7330 7093/133/7284 7090/133/7283
f 7069/133/7257 7059/133/7254 7088/133/7253 7092/133/7277
f 7132/133/7258 7069/133/7257 7092/133/7277 7128/133/7276
f 7101/133/7319 7066/133/7280 7088/133/7253 7104/133/7252
f 7080/133/7316 7101/133/7319 7104/133/7252 7094/133/7313
f 7060/133/7323 7142/133/7296 7168/133/7299 7149/133/7324
f 7135/133/7326 7062/133/7333 7151/133/7334 7163/133/7327
f 7065/133/7291 7095/133/7267 7102/133/7318 7087/133/7315
f 7087/133/7315 7102/133/7318 7101/133/7319 7080/133/7316
f 7067/133/7311 7096/133/7255 7100/133/7256 7079/133/7307
f 7145/133/7335 7136/133/7328 7164/133/7329 7171/133/7336
f 7131/133/7294 7130/133/7295 7099/133/7264 7078/133/7290
f 7078/133/7290 7099/133/7264 7095/133/7267 7065/133/7291
f 7147/133/7337 7138/133/7322 7165/133/7325 7173/133/7338
f 7079/133/7307 7100/133/7256 7124/133/7259 7125/133/7308
f 7094/133/7313 7104/133/7252 7096/133/7255 7067/133/7311
f 7062/133/7333 7133/133/7339 7162/133/7340 7151/133/7334
f 7064/133/7286 7112/133/7317 7115/133/7312 7090/133/7283
f 7146/133/7261 7147/133/7337 7173/133/7338 7172/133/7262
f 7056/133/7282 7108/133/7292 7113/133/7314 7081/133/7281
f 7081/133/7281 7113/133/7314 7112/133/7317 7064/133/7286
f 7090/133/7283 7115/133/7312 7105/133/7310 7058/133/7332
f 7058/133/7332 7105/133/7310 7111/133/7306 7068/133/7330
f 7068/133/7330 7111/133/7306 7117/133/7309 7118/133/7331
f 7133/133/7339 7141/133/7304 7167/133/7305 7162/133/7340
f 7144/133/7320 7145/133/7335 7171/133/7336 7170/133/7321
f 7123/133/7270 7122/133/7293 7109/133/7289 7074/133/7271
f 7074/133/7271 7109/133/7289 7108/133/7292 7056/133/7282
f 7106/133/7341 7134/133/7342 7118/133/7331 7117/133/7309
f 7134/133/7342 7089/133/7343 7119/133/7287 7118/133/7331
f 7137/133/7344 7082/133/7345 7120/133/7274 7121/133/7275
f 7139/133/7346 7107/133/7347 7122/133/7293 7123/133/7270
f 7097/133/7348 7070/133/7349 7125/133/7308 7124/133/7259
f 7071/133/7350 7084/133/7351 7126/133/7269 7127/133/7288
f 7072/133/7352 7091/133/7353 7128/133/7276 7129/133/7279
f 7073/133/7354 7098/133/7355 7130/133/7295 7131/133/7294
f 7082/133/7345 7072/133/7352 7129/133/7279 7120/133/7274
f 7084/133/7351 7139/133/7346 7123/133/7270 7126/133/7269
f 7089/133/7343 7071/133/7350 7127/133/7288 7119/133/7287
f 7091/133/7353 7148/133/7356 7132/133/7258 7128/133/7276
f 7148/133/7356 7097/133/7348 7124/133/7259 7132/133/7258
f 7098/133/7355 7137/133/7344 7121/133/7275 7130/133/7295
f 7070/133/7349 7106/133/7341 7117/133/7309 7125/133/7308
f 7107/133/7347 7073/133/7354 7131/133/7294 7122/133/7293
f 7133/133/7339 7062/133/7333 7134/133/7342 7106/133/7341
f 7062/133/7333 7135/133/7326 7089/133/7343 7134/133/7342
f 7061/133/7260 7136/133/7328 7082/133/7345 7137/133/7344
f 7060/133/7323 7138/133/7322 7107/133/7347 7139/133/7346
f 7140/133/7300 7141/133/7304 7070/133/7349 7097/133/7348
f 7143/133/7297 7142/133/7296 7084/133/7351 7071/133/7350
f 7145/133/7335 7144/133/7320 7091/133/7353 7072/133/7352
f 7147/133/7337 7146/133/7261 7098/133/7355 7073/133/7354
f 7136/133/7328 7145/133/7335 7072/133/7352 7082/133/7345
f 7142/133/7296 7060/133/7323 7139/133/7346 7084/133/7351
f 7135/133/7326 7143/133/7297 7071/133/7350 7089/133/7343
f 7144/133/7320 7063/133/7301 7148/133/7356 7091/133/7353
f 7063/133/7301 7140/133/7300 7097/133/7348 7148/133/7356
f 7146/133/7261 7061/133/7260 7137/133/7344 7098/133/7355
f 7141/133/7304 7133/133/7339 7106/133/7341 7070/133/7349
f 7138/133/7322 7147/133/7337 7073/133/7354 7107/133/7347
f 7163/133/7327 7151/133/7334 7110/133/7357 7175/133/7358
f 7171/133/7336 7164/133/7329 7176/133/7359 7183/133/7360
f 7173/133/7338 7165/133/7325 7177/133/7361 7185/133/7362
f 7151/133/7334 7162/133/7340 7174/133/7363 7110/133/7357
f 7172/133/7262 7173/133/7338 7185/133/7362 7184/133/7364
f 7162/133/7340 7167/133/7305 7179/133/7365 7174/133/7363
f 7170/133/7321 7171/133/7336 7183/133/7360 7182/133/7366
f 7150/133/7263 7172/133/7262 7184/133/7364 7114/133/7367
f 7168/133/7299 7169/133/7298 7181/133/7368 7180/133/7369
f 7166/133/7303 7152/133/7302 7103/133/7370 7178/133/7371
f 7167/133/7305 7166/133/7303 7178/133/7371 7179/133/7365
f 7152/133/7302 7170/133/7321 7182/133/7366 7103/133/7370
f 7165/133/7325 7149/133/7324 7116/133/7372 7177/133/7361
f 7169/133/7298 7163/133/7327 7175/133/7358 7181/133/7368
f 7164/133/7329 7150/133/7263 7114/133/7367 7176/133/7359
f 7149/133/7324 7168/133/7299 7180/133/7369 7116/133/7372
f 7182/133/7366 7183/133/7360 7199/133/7373 7198/133/7374
f 7114/133/7367 7184/133/7364 7200/133/7375 7154/133/7376
f 7180/133/7369 7181/133/7368 7197/133/7377 7196/133/7378
f 7178/133/7371 7103/133/7370 7156/133/7379 7194/133/7380
f 7179/133/7365 7178/133/7371 7194/133/7380 7195/133/7381
f 7103/133/7370 7182/133/7366 7198/133/7374 7156/133/7379
f 7177/133/7361 7116/133/7372 7153/133/7382 7193/133/7383
f 7181/133/7368 7175/133/7358 7191/133/7384 7197/133/7377
f 7176/133/7359 7114/133/7367 7154/133/7376 7192/133/7385
f 7116/133/7372 7180/133/7369 7196/133/7378 7153/133/7382
f 7175/133/7358 7110/133/7357 7155/133/7386 7191/133/7384
f 7183/133/7360 7176/133/7359 7192/133/7385 7199/133/7373
f 7185/133/7362 7177/133/7361 7193/133/7383 7201/133/7387
f 7110/133/7357 7174/133/7363 7190/133/7388 7155/133/7386
f 7184/133/7364 7185/133/7362 7201/133/7387 7200/133/7375
f 7174/133/7363 7179/133/7365 7195/133/7381 7190/133/7388
f 7161/133/7389 7192/133/7385 7154/133/7376 7200/133/7375
f 7188/133/7390 7158/133/7391 7201/133/7387 7193/133/7383
f 7189/133/7392 7159/133/7393 7157/133/7394 7187/133/7395
f 7186/133/7396 7198/133/7374 7199/133/7373 7160/133/7397
f 7187/133/7395 7157/133/7394 7158/133/7391 7188/133/7390
f 7160/133/7397 7199/133/7373 7192/133/7385 7161/133/7389
f 7194/133/7380 7156/133/7379 7198/133/7374 7186/133/7396
f 7190/133/7388 7195/133/7381 7159/133/7393 7189/133/7392
f 7195/133/7381 7194/133/7380 7186/133/7396 7159/133/7393
f 7157/133/7394 7160/133/7397 7161/133/7389 7158/133/7391
f 7159/133/7393 7186/133/7396 7160/133/7397 7157/133/7394
f 7158/133/7391 7161/133/7389 7200/133/7375 7201/133/7387
f 7155/133/7386 7190/133/7388 7189/133/7392 7191/133/7384
f 7197/133/7377 7187/133/7395 7188/133/7390 7196/133/7378
f 7191/133/7384 7189/133/7392 7187/133/7395 7197/133/7377
f 7196/133/7378 7188/133/7390 7193/133/7383 7153/133/7382
